id,source_class,unit,chapter,topic,subtopic,question_type,difficulty,cognitive_level,correct_option,figure_required,figure_files
NEET27-PHY-0001,XI,Unit 1: Physics and Measurement,Units and Measurements,Dimensional analysis,homogeneity,Conceptual/application MCQ,Medium,Application,B,False,
NEET27-PHY-0002,XI,Unit 1: Physics and Measurement,Units and Measurements,Dimensional analysis,pendulum dependence,Conceptual/application MCQ,Medium,Application,A,False,
NEET27-PHY-0003,XI,Unit 1: Physics and Measurement,Units and Measurements,Dimensional analysis,gravitational constant,Conceptual/application MCQ,Medium,Application,D,False,
NEET27-PHY-0004,XI,Unit 1: Physics and Measurement,Units and Measurements,Dimensional analysis,wave relation,Conceptual/application MCQ,Medium,Application,C,False,
NEET27-PHY-0005,XI,Unit 1: Physics and Measurement,Units and Measurements,Dimensional analysis,checking a relation,Conceptual/application MCQ,Medium,Application,D,False,
NEET27-PHY-0006,XI,Unit 1: Physics and Measurement,Units and Measurements,Dimensional analysis,limitations,Conceptual/application MCQ,Easy,Application,D,False,
NEET27-PHY-0007,XI,Unit 1: Physics and Measurement,Units and Measurements,Dimensions,equation check,Conceptual/application MCQ,Medium,Application,A,False,
NEET27-PHY-0008,XI,Unit 1: Physics and Measurement,Units and Measurements,Dimensions,dimensionless quantities,Direct MCQ,Easy,Recall,C,False,
NEET27-PHY-0009,XI,Unit 1: Physics and Measurement,Units and Measurements,Dimensions,energy,Conceptual/application MCQ,Easy,Application,D,False,
NEET27-PHY-0010,XI,Unit 1: Physics and Measurement,Units and Measurements,Dimensions,power,Conceptual/application MCQ,Easy,Application,D,False,
NEET27-PHY-0011,XI,Unit 1: Physics and Measurement,Units and Measurements,Dimensions,force,Conceptual/application MCQ,Easy,Application,A,False,
NEET27-PHY-0012,XI,Unit 1: Physics and Measurement,Units and Measurements,Dimensions,dimensionless quantities,Conceptual/application MCQ,Easy,Application,A,False,
NEET27-PHY-0013,XI,Unit 1: Physics and Measurement,Units and Measurements,Dimensions,gravitational constant,Direct MCQ,Easy,Recall,B,False,
NEET27-PHY-0014,XI,Unit 1: Physics and Measurement,Units and Measurements,Errors in Measurement,Propagation of errors,Conceptual/application MCQ,Difficult,Analysis,B,False,
NEET27-PHY-0015,XI,Unit 1: Physics and Measurement,Units and Measurements,Errors in Measurement,Propagation of errors,One-step numerical MCQ,Medium,Application,A,False,
NEET27-PHY-0016,XI,Unit 1: Physics and Measurement,Units and Measurements,Errors in Measurement,Propagation of errors,Multi-step numerical MCQ,Difficult,Analysis,D,False,
NEET27-PHY-0017,XI,Unit 1: Physics and Measurement,Units and Measurements,Errors in Measurement,Mean value,One-step numerical MCQ,Difficult,Analysis,D,False,
NEET27-PHY-0018,XI,Unit 1: Physics and Measurement,Units and Measurements,Errors in Measurement,Propagation of errors,Multi-step numerical MCQ,Difficult,Analysis,C,False,
NEET27-PHY-0019,XI,Unit 1: Physics and Measurement,Units and Measurements,Errors in Measurement,Types of error,Direct MCQ,Medium,Application,A,False,
NEET27-PHY-0020,XI,Unit 1: Physics and Measurement,Units and Measurements,Errors in Measurement,Propagation of errors,Conceptual/application MCQ,Medium,Application,D,False,
NEET27-PHY-0021,XI,Unit 1: Physics and Measurement,Units and Measurements,Errors in Measurement,Propagation of errors,Multi-step numerical MCQ,Difficult,Analysis,B,False,
NEET27-PHY-0022,XI,Unit 1: Physics and Measurement,Units and Measurements,Errors in Measurement,Propagation of errors,Multi-step numerical MCQ,Difficult,Analysis,A,False,
NEET27-PHY-0023,XI,Unit 1: Physics and Measurement,Units and Measurements,Errors in Measurement,Propagation of errors,One-step numerical MCQ,Medium,Application,C,False,
NEET27-PHY-0024,XI,Unit 1: Physics and Measurement,Units and Measurements,Errors in Measurement,Reducing errors,Direct MCQ,Medium,Application,D,False,
NEET27-PHY-0025,XI,Unit 1: Physics and Measurement,Units and Measurements,Errors in Measurement,Propagation of errors,Conceptual/application MCQ,Easy,Application,D,False,
NEET27-PHY-0026,XI,Unit 1: Physics and Measurement,Units and Measurements,Errors in Measurement,Types of error,Direct MCQ,Easy,Recall,A,False,
NEET27-PHY-0027,XI,Unit 1: Physics and Measurement,Units and Measurements,Errors in Measurement,Mean absolute error,Multi-step numerical MCQ,Difficult,Analysis,D,False,
NEET27-PHY-0028,XI,Unit 1: Physics and Measurement,Units and Measurements,Errors in Measurement,Types of error,Direct MCQ,Medium,Application,A,False,
NEET27-PHY-0029,XI,Unit 1: Physics and Measurement,Units and Measurements,Errors in Measurement,Propagation of errors,Multi-step numerical MCQ,Difficult,Analysis,D,False,
NEET27-PHY-0030,XI,Unit 1: Physics and Measurement,Units and Measurements,Errors in Measurement,Propagation of errors,Multi-step numerical MCQ,Difficult,Analysis,C,False,
NEET27-PHY-0031,XI,Unit 1: Physics and Measurement,Units and Measurements,Errors in Measurement,Propagation of errors,One-step numerical MCQ,Medium,Application,C,False,
NEET27-PHY-0032,XI,Unit 1: Physics and Measurement,Units and Measurements,Errors in Measurement,Least count and error,Direct MCQ,Medium,Application,C,False,
NEET27-PHY-0033,XI,Unit 1: Physics and Measurement,Units and Measurements,Errors in Measurement,Propagation of errors,Multi-step numerical MCQ,Difficult,Analysis,C,False,
NEET27-PHY-0034,XI,Unit 1: Physics and Measurement,Units and Measurements,Errors in Measurement,Types of error,Direct MCQ,Easy,Recall,C,False,
NEET27-PHY-0035,XI,Unit 1: Physics and Measurement,Units and Measurements,Errors in Measurement,Least count,Direct MCQ,Easy,Recall,D,False,
NEET27-PHY-0036,XI,Unit 1: Physics and Measurement,Units and Measurements,Errors in Measurement,Propagation of errors,Multi-step numerical MCQ,Difficult,Analysis,D,False,
NEET27-PHY-0037,XI,Unit 1: Physics and Measurement,Units and Measurements,Errors in Measurement,Propagation of errors,One-step numerical MCQ,Medium,Application,A,False,
NEET27-PHY-0038,XI,Unit 1: Physics and Measurement,Units and Measurements,Errors in Measurement,Percentage error,One-step numerical MCQ,Medium,Application,C,False,
NEET27-PHY-0039,XI,Unit 1: Physics and Measurement,Units and Measurements,Errors in Measurement,Types of error,One-step numerical MCQ,Easy,Application,A,False,
NEET27-PHY-0040,XI,Unit 1: Physics and Measurement,Units and Measurements,Errors in Measurement,Propagation of errors,Multi-step numerical MCQ,Difficult,Analysis,C,False,
NEET27-PHY-0041,XI,Unit 1: Physics and Measurement,Units and Measurements,Errors in Measurement,Propagation of errors,One-step numerical MCQ,Difficult,Analysis,A,False,
NEET27-PHY-0042,XI,Unit 1: Physics and Measurement,Units and Measurements,Errors in Measurement,Propagation of errors,Conceptual/application MCQ,Difficult,Analysis,B,False,
NEET27-PHY-0043,XI,Unit 1: Physics and Measurement,Units and Measurements,Errors in Measurement,Propagation of errors,Multi-step numerical MCQ,Difficult,Analysis,A,False,
NEET27-PHY-0044,XI,Unit 1: Physics and Measurement,Units and Measurements,Errors in Measurement,Propagation of errors,One-step numerical MCQ,Medium,Application,C,False,
NEET27-PHY-0045,XI,Unit 1: Physics and Measurement,Units and Measurements,Errors in Measurement,Propagation of errors,One-step numerical MCQ,Difficult,Analysis,C,False,
NEET27-PHY-0046,XI,Unit 1: Physics and Measurement,Units and Measurements,Errors in Measurement,Propagation of errors,Multi-step numerical MCQ,Medium,Application,A,False,
NEET27-PHY-0047,XI,Unit 1: Physics and Measurement,Units and Measurements,Errors in measurement,repeated observations,Conceptual/application MCQ,Medium,Application,B,False,
NEET27-PHY-0048,XI,Unit 1: Physics and Measurement,Units and Measurements,Errors in measurement,error propagation in area,One-step numerical MCQ,Easy,Application,D,False,
NEET27-PHY-0049,XI,Unit 1: Physics and Measurement,Units and Measurements,Measurement,least count,Conceptual/application MCQ,Medium,Application,D,False,
NEET27-PHY-0050,XI,Unit 1: Physics and Measurement,Units and Measurements,Measurement,parallax,Conceptual/application MCQ,Easy,Application,A,False,
NEET27-PHY-0051,XI,Unit 1: Physics and Measurement,Units and Measurements,Measurement,order of magnitude,Conceptual/application MCQ,Medium,Application,D,False,
NEET27-PHY-0052,XI,Unit 1: Physics and Measurement,Units and Measurements,SI units,derived SI unit,Conceptual/application MCQ,Easy,Application,A,False,
NEET27-PHY-0053,XI,Unit 1: Physics and Measurement,Units and Measurements,SI units,base and derived,Conceptual/application MCQ,Difficult,Analysis,A,False,
NEET27-PHY-0054,XI,Unit 1: Physics and Measurement,Units and Measurements,Significant Figures,Rounding off,One-step numerical MCQ,Medium,Application,D,False,
NEET27-PHY-0055,XI,Unit 1: Physics and Measurement,Units and Measurements,Significant Figures,Rules,Conceptual/application MCQ,Easy,Application,A,False,
NEET27-PHY-0056,XI,Unit 1: Physics and Measurement,Units and Measurements,Significant Figures,Rules,Conceptual/application MCQ,Medium,Application,C,False,
NEET27-PHY-0057,XI,Unit 1: Physics and Measurement,Units and Measurements,Significant Figures,Counting significant figures,Direct MCQ,Medium,Application,A,False,
NEET27-PHY-0058,XI,Unit 1: Physics and Measurement,Units and Measurements,Significant Figures,Arithmetic with significant figures,One-step numerical MCQ,Medium,Application,D,False,
NEET27-PHY-0059,XI,Unit 1: Physics and Measurement,Units and Measurements,Significant Figures,Arithmetic with significant figures,Multi-step numerical MCQ,Difficult,Analysis,A,False,
NEET27-PHY-0060,XI,Unit 1: Physics and Measurement,Units and Measurements,Significant Figures,Arithmetic with significant figures,One-step numerical MCQ,Medium,Application,D,False,
NEET27-PHY-0061,XI,Unit 1: Physics and Measurement,Units and Measurements,Significant Figures,Arithmetic with significant figures,One-step numerical MCQ,Medium,Application,A,False,
NEET27-PHY-0062,XI,Unit 1: Physics and Measurement,Units and Measurements,Significant Figures,Rounding off,One-step numerical MCQ,Medium,Application,D,False,
NEET27-PHY-0063,XI,Unit 1: Physics and Measurement,Units and Measurements,Significant Figures,Counting significant figures,Direct MCQ,Medium,Application,D,False,
NEET27-PHY-0064,XI,Unit 1: Physics and Measurement,Units and Measurements,Significant Figures,Arithmetic with significant figures,One-step numerical MCQ,Medium,Application,D,False,
NEET27-PHY-0065,XI,Unit 1: Physics and Measurement,Units and Measurements,Significant Figures,Counting significant figures,Direct MCQ,Medium,Application,C,False,
NEET27-PHY-0066,XI,Unit 1: Physics and Measurement,Units and Measurements,Significant Figures,Counting significant figures,Conceptual/application MCQ,Medium,Application,A,False,
NEET27-PHY-0067,XI,Unit 1: Physics and Measurement,Units and Measurements,Significant Figures,Counting significant figures,Direct MCQ,Easy,Recall,D,False,
NEET27-PHY-0068,XI,Unit 1: Physics and Measurement,Units and Measurements,Significant Figures,Arithmetic with significant figures,Multi-step numerical MCQ,Difficult,Analysis,B,False,
NEET27-PHY-0069,XI,Unit 1: Physics and Measurement,Units and Measurements,Significant Figures,Arithmetic with significant figures,One-step numerical MCQ,Medium,Application,C,False,
NEET27-PHY-0070,XI,Unit 1: Physics and Measurement,Units and Measurements,Significant Figures,Counting significant figures,Direct MCQ,Easy,Recall,C,False,
NEET27-PHY-0071,XI,Unit 1: Physics and Measurement,Units and Measurements,Units,unit conversion,Conceptual/application MCQ,Easy,Application,A,False,
NEET27-PHY-0072,XI,Unit 1: Physics and Measurement,Units and Measurements,Units,derived SI units,Direct MCQ,Easy,Recall,C,False,
NEET27-PHY-0073,XI,Unit 2: Kinematics,Motion in a Straight Line and Motion in a Plane,Addition of Vectors,Antiparallel vectors,One-step numerical MCQ,Easy,Application,B,False,
NEET27-PHY-0074,XI,Unit 2: Kinematics,Motion in a Straight Line and Motion in a Plane,Addition of Vectors,Addition in component form,One-step numerical MCQ,Medium,Application,B,False,
NEET27-PHY-0075,XI,Unit 2: Kinematics,Motion in a Straight Line and Motion in a Plane,Addition of Vectors,Resultant perpendicular to the smaller force,Multi-step numerical MCQ,Difficult,Analysis,B,False,
NEET27-PHY-0076,XI,Unit 2: Kinematics,Motion in a Straight Line and Motion in a Plane,Addition of Vectors,Properties of vector addition,Direct MCQ,Easy,Recall,D,False,
NEET27-PHY-0077,XI,Unit 2: Kinematics,Motion in a Straight Line and Motion in a Plane,Addition of Vectors,Maximum resultant,Direct MCQ,Easy,Recall,B,False,
NEET27-PHY-0078,XI,Unit 2: Kinematics,Motion in a Straight Line and Motion in a Plane,Displacement Velocity Acceleration,Displacement versus distance,One-step numerical MCQ,Medium,Application,B,False,
NEET27-PHY-0079,XI,Unit 2: Kinematics,Motion in a Straight Line and Motion in a Plane,Displacement Velocity Acceleration,Displacement versus distance,Conceptual/application MCQ,Easy,Application,C,False,
NEET27-PHY-0080,XI,Unit 2: Kinematics,Motion in a Straight Line and Motion in a Plane,Displacement Velocity Acceleration,Displacement versus distance,Conceptual/application MCQ,Easy,Application,A,False,
NEET27-PHY-0081,XI,Unit 2: Kinematics,Motion in a Straight Line and Motion in a Plane,Displacement Velocity Acceleration,Average acceleration,One-step numerical MCQ,Medium,Application,C,False,
NEET27-PHY-0082,XI,Unit 2: Kinematics,Motion in a Straight Line and Motion in a Plane,Displacement Velocity Acceleration,Instantaneous velocity,Direct MCQ,Easy,Recall,D,False,
NEET27-PHY-0083,XI,Unit 2: Kinematics,Motion in a Straight Line and Motion in a Plane,Displacement Velocity Acceleration,Acceleration in two dimensions,Multi-step numerical MCQ,Difficult,Analysis,A,False,
NEET27-PHY-0084,XI,Unit 2: Kinematics,Motion in a Straight Line and Motion in a Plane,Equations of Motion in a Plane,Independence of components,Conceptual/application MCQ,Medium,Application,B,False,
NEET27-PHY-0085,XI,Unit 2: Kinematics,Motion in a Straight Line and Motion in a Plane,Equations of Motion in a Plane,Vector form of kinematic equations,One-step numerical MCQ,Medium,Application,A,False,
NEET27-PHY-0086,XI,Unit 2: Kinematics,Motion in a Straight Line and Motion in a Plane,Equations of Motion in a Plane,Independence of components,Statement-based MCQ,Easy,Analysis,B,False,
NEET27-PHY-0087,XI,Unit 2: Kinematics,Motion in a Straight Line and Motion in a Plane,Equations of Motion in a Plane,Minimum speed,Multi-step numerical MCQ,Difficult,Analysis,C,False,
NEET27-PHY-0088,XI,Unit 2: Kinematics,Motion in a Straight Line and Motion in a Plane,Equations of Motion in a Plane,Two stage motion,Multi-step numerical MCQ,Difficult,Analysis,B,False,
NEET27-PHY-0089,XI,Unit 2: Kinematics,Motion in a Straight Line and Motion in a Plane,Equations of Motion in a Plane,Independence of components,Direct MCQ,Easy,Recall,B,False,
NEET27-PHY-0090,XI,Unit 2: Kinematics,Motion in a Straight Line and Motion in a Plane,Equations of Motion in a Plane,Vector form of kinematic equations,Multi-step numerical MCQ,Medium,Application,A,False,
NEET27-PHY-0091,XI,Unit 2: Kinematics,Motion in a Straight Line and Motion in a Plane,Equations of Motion in a Plane,Vector form of kinematic equations,One-step numerical MCQ,Easy,Application,C,False,
NEET27-PHY-0092,XI,Unit 2: Kinematics,Motion in a Straight Line and Motion in a Plane,Equations of Motion in a Plane,Vector form of kinematic equations,One-step numerical MCQ,Medium,Application,B,False,
NEET27-PHY-0093,XI,Unit 2: Kinematics,Motion in a Straight Line and Motion in a Plane,Frame of reference,relative description of motion,Conceptual/application MCQ,Easy,Application,B,False,
NEET27-PHY-0094,XI,Unit 2: Kinematics,Motion in a Straight Line and Motion in a Plane,Frame of reference,Galilean relative velocity,One-step numerical MCQ,Easy,Application,A,False,
NEET27-PHY-0095,XI,Unit 2: Kinematics,Motion in a Straight Line and Motion in a Plane,Frame of reference,inertial frames,Conceptual/application MCQ,Medium,Application,D,False,
NEET27-PHY-0096,XI,Unit 2: Kinematics,Motion in a Straight Line and Motion in a Plane,Motion in a straight line,average speed and velocity,Multi-step numerical MCQ,Medium,Application,C,False,
NEET27-PHY-0097,XI,Unit 2: Kinematics,Motion in a Straight Line and Motion in a Plane,Motion in a straight line,distance from velocity graph,Multi-step numerical MCQ,Medium,Application,B,False,
NEET27-PHY-0098,XI,Unit 2: Kinematics,Motion in a Straight Line and Motion in a Plane,Position–time graphs,intersection of graphs,Graph/data interpretation MCQ,Medium,Analysis,D,False,
NEET27-PHY-0099,XI,Unit 2: Kinematics,Motion in a Straight Line and Motion in a Plane,Position–time graphs,slope interpretation,Graph/data interpretation MCQ,Easy,Analysis,B,False,
NEET27-PHY-0100,XI,Unit 2: Kinematics,Motion in a Straight Line and Motion in a Plane,Position–time graphs,curvature and acceleration,Graph/data interpretation MCQ,Medium,Analysis,A,False,
NEET27-PHY-0101,XI,Unit 2: Kinematics,Motion in a Straight Line and Motion in a Plane,Projectile Motion Basics,Change in velocity,Multi-step numerical MCQ,Difficult,Analysis,B,False,
NEET27-PHY-0102,XI,Unit 2: Kinematics,Motion in a Straight Line and Motion in a Plane,Projectile Motion Basics,Assumptions of projectile motion,Conceptual/application MCQ,Easy,Application,A,False,
NEET27-PHY-0103,XI,Unit 2: Kinematics,Motion in a Straight Line and Motion in a Plane,Projectile Motion Basics,Velocity at any instant,One-step numerical MCQ,Medium,Application,B,False,
NEET27-PHY-0104,XI,Unit 2: Kinematics,Motion in a Straight Line and Motion in a Plane,Projectile Motion Basics,Symmetry of the trajectory,Conceptual/application MCQ,Medium,Application,B,False,
NEET27-PHY-0105,XI,Unit 2: Kinematics,Motion in a Straight Line and Motion in a Plane,Projectile Motion Basics,Symmetry of the trajectory,Multi-step numerical MCQ,Difficult,Analysis,B,False,
NEET27-PHY-0106,XI,Unit 2: Kinematics,Motion in a Straight Line and Motion in a Plane,Projectile Motion Basics,Position at a given velocity direction,Multi-step numerical MCQ,Difficult,Analysis,D,False,
NEET27-PHY-0107,XI,Unit 2: Kinematics,Motion in a Straight Line and Motion in a Plane,Projectile Motion Basics,Velocity at the highest point,One-step numerical MCQ,Medium,Application,A,False,
NEET27-PHY-0108,XI,Unit 2: Kinematics,Motion in a Straight Line and Motion in a Plane,Projectile Motion Basics,Velocity at any instant,One-step numerical MCQ,Medium,Application,D,False,
NEET27-PHY-0109,XI,Unit 2: Kinematics,Motion in a Straight Line and Motion in a Plane,Projectile Motion Basics,Variation of velocity components with time,Graph/data interpretation MCQ,Medium,Analysis,A,False,
NEET27-PHY-0110,XI,Unit 2: Kinematics,Motion in a Straight Line and Motion in a Plane,Projectile Motion Basics,Nature of the path,Direct MCQ,Easy,Recall,B,False,
NEET27-PHY-0111,XI,Unit 2: Kinematics,Motion in a Straight Line and Motion in a Plane,Projectile from a Height,Velocity on landing,Multi-step numerical MCQ,Medium,Application,A,False,
NEET27-PHY-0112,XI,Unit 2: Kinematics,Motion in a Straight Line and Motion in a Plane,Projectile from a Height,Velocity on landing,Multi-step numerical MCQ,Difficult,Analysis,C,False,
NEET27-PHY-0113,XI,Unit 2: Kinematics,Motion in a Straight Line and Motion in a Plane,Projectile from a Height,Velocity on landing,Multi-step numerical MCQ,Difficult,Analysis,C,False,
NEET27-PHY-0114,XI,Unit 2: Kinematics,Motion in a Straight Line and Motion in a Plane,Projectile from a Height,Time of fall,One-step numerical MCQ,Easy,Application,C,False,
NEET27-PHY-0115,XI,Unit 2: Kinematics,Motion in a Straight Line and Motion in a Plane,Projectile from a Height,Horizontal range,Multi-step numerical MCQ,Medium,Application,C,False,
NEET27-PHY-0116,XI,Unit 2: Kinematics,Motion in a Straight Line and Motion in a Plane,Projectile from a Height,Independence of components,Conceptual/application MCQ,Medium,Application,B,False,
NEET27-PHY-0117,XI,Unit 2: Kinematics,Motion in a Straight Line and Motion in a Plane,Projectile from a Height,Horizontal range,Multi-step numerical MCQ,Medium,Application,B,False,
NEET27-PHY-0118,XI,Unit 2: Kinematics,Motion in a Straight Line and Motion in a Plane,Projectile from a Height,Motion seen from the moving frame,Conceptual/application MCQ,Medium,Application,A,False,
NEET27-PHY-0119,XI,Unit 2: Kinematics,Motion in a Straight Line and Motion in a Plane,Relative Velocity,River boat problem,Conceptual/application MCQ,Difficult,Analysis,A,False,
NEET27-PHY-0120,XI,Unit 2: Kinematics,Motion in a Straight Line and Motion in a Plane,Relative Velocity,River boat problem,One-step numerical MCQ,Medium,Application,B,False,
NEET27-PHY-0121,XI,Unit 2: Kinematics,Motion in a Straight Line and Motion in a Plane,Relative Velocity,Relative velocity in one dimension,One-step numerical MCQ,Easy,Application,A,False,
NEET27-PHY-0122,XI,Unit 2: Kinematics,Motion in a Straight Line and Motion in a Plane,Relative Velocity,Rain and umbrella,Conceptual/application MCQ,Easy,Application,D,False,
NEET27-PHY-0123,XI,Unit 2: Kinematics,Motion in a Straight Line and Motion in a Plane,Relative Velocity,Rain and umbrella,Multi-step numerical MCQ,Difficult,Analysis,C,False,
NEET27-PHY-0124,XI,Unit 2: Kinematics,Motion in a Straight Line and Motion in a Plane,Relative Velocity,River boat problem,Conceptual/application MCQ,Medium,Application,C,False,
NEET27-PHY-0125,XI,Unit 2: Kinematics,Motion in a Straight Line and Motion in a Plane,Relative Velocity,Relative velocity in two dimensions,Multi-step numerical MCQ,Difficult,Analysis,B,False,
NEET27-PHY-0126,XI,Unit 2: Kinematics,Motion in a Straight Line and Motion in a Plane,Relative Velocity,Definition of relative velocity,Conceptual/application MCQ,Medium,Application,A,False,
NEET27-PHY-0127,XI,Unit 2: Kinematics,Motion in a Straight Line and Motion in a Plane,Relative Velocity,Relative velocity in two dimensions,One-step numerical MCQ,Medium,Application,B,False,
NEET27-PHY-0128,XI,Unit 2: Kinematics,Motion in a Straight Line and Motion in a Plane,Relative Velocity,Relative velocity in one dimension,One-step numerical MCQ,Easy,Application,B,False,
NEET27-PHY-0129,XI,Unit 2: Kinematics,Motion in a Straight Line and Motion in a Plane,Resolution of Vectors,Magnitude in three dimensions,One-step numerical MCQ,Medium,Application,B,False,
NEET27-PHY-0130,XI,Unit 2: Kinematics,Motion in a Straight Line and Motion in a Plane,Resolution of Vectors,Vector equally inclined to the axes,Multi-step numerical MCQ,Difficult,Analysis,C,False,
NEET27-PHY-0131,XI,Unit 2: Kinematics,Motion in a Straight Line and Motion in a Plane,Resolution of Vectors,Angle from a single component,One-step numerical MCQ,Medium,Application,C,False,
NEET27-PHY-0132,XI,Unit 2: Kinematics,Motion in a Straight Line and Motion in a Plane,Resolution of Vectors,Cartesian unit vectors,Direct MCQ,Easy,Recall,D,False,
NEET27-PHY-0133,XI,Unit 2: Kinematics,Motion in a Straight Line and Motion in a Plane,Resolution of Vectors,Components at 37°,One-step numerical MCQ,Medium,Application,C,False,
NEET27-PHY-0134,XI,Unit 2: Kinematics,Motion in a Straight Line and Motion in a Plane,Resolution of Vectors,Angle from two components,One-step numerical MCQ,Medium,Application,D,False,
NEET27-PHY-0135,XI,Unit 2: Kinematics,Motion in a Straight Line and Motion in a Plane,Resolution of Vectors,Components of a projection velocity,Conceptual/application MCQ,Difficult,Analysis,C,False,
NEET27-PHY-0136,XI,Unit 2: Kinematics,Motion in a Straight Line and Motion in a Plane,Resolution of Vectors,Perpendicular vector in a plane,Multi-step numerical MCQ,Difficult,Analysis,A,False,
NEET27-PHY-0137,XI,Unit 2: Kinematics,Motion in a Straight Line and Motion in a Plane,Resolution of Vectors,Components at a standard angle,One-step numerical MCQ,Easy,Application,B,False,
NEET27-PHY-0138,XI,Unit 2: Kinematics,Motion in a Straight Line and Motion in a Plane,Resolution of Vectors,Resolution on an inclined plane,Conceptual/application MCQ,Medium,Application,B,False,
NEET27-PHY-0139,XI,Unit 2: Kinematics,Motion in a Straight Line and Motion in a Plane,Scalar Product,Angle between two vectors,Multi-step numerical MCQ,Difficult,Analysis,A,False,
NEET27-PHY-0140,XI,Unit 2: Kinematics,Motion in a Straight Line and Motion in a Plane,Scalar Product,Work as a scalar product,Direct MCQ,Easy,Recall,D,False,
NEET27-PHY-0141,XI,Unit 2: Kinematics,Motion in a Straight Line and Motion in a Plane,Scalar Product,Projection of one vector on another,One-step numerical MCQ,Medium,Application,D,False,
NEET27-PHY-0142,XI,Unit 2: Kinematics,Motion in a Straight Line and Motion in a Plane,Scalar Product,Finding an unknown component,Multi-step numerical MCQ,Difficult,Analysis,D,False,
NEET27-PHY-0143,XI,Unit 2: Kinematics,Motion in a Straight Line and Motion in a Plane,Scalar Product,Scalar product of a vector with itself,One-step numerical MCQ,Medium,Application,A,False,
NEET27-PHY-0144,XI,Unit 2: Kinematics,Motion in a Straight Line and Motion in a Plane,Scalar Product,Scalar products of unit vectors,Direct MCQ,Easy,Recall,D,False,
NEET27-PHY-0145,XI,Unit 2: Kinematics,Motion in a Straight Line and Motion in a Plane,Scalar Product,Properties of the scalar product,Conceptual/application MCQ,Medium,Application,D,False,
NEET27-PHY-0146,XI,Unit 2: Kinematics,Motion in a Straight Line and Motion in a Plane,Scalars and Vectors,Condition for a unit vector,Multi-step numerical MCQ,Difficult,Analysis,A,False,
NEET27-PHY-0147,XI,Unit 2: Kinematics,Motion in a Straight Line and Motion in a Plane,Scalars and Vectors,Displacement and unit vector,One-step numerical MCQ,Medium,Application,A,False,
NEET27-PHY-0148,XI,Unit 2: Kinematics,Motion in a Straight Line and Motion in a Plane,Scalars and Vectors,Perpendicular unit vectors,Conceptual/application MCQ,Difficult,Analysis,D,False,
NEET27-PHY-0149,XI,Unit 2: Kinematics,Motion in a Straight Line and Motion in a Plane,Scalars and Vectors,Unit vector from components,One-step numerical MCQ,Easy,Application,B,False,
NEET27-PHY-0150,XI,Unit 2: Kinematics,Motion in a Straight Line and Motion in a Plane,Scalars and Vectors,Identifying scalars and vectors,Direct MCQ,Easy,Recall,A,False,
NEET27-PHY-0151,XI,Unit 2: Kinematics,Motion in a Straight Line and Motion in a Plane,Scalars and Vectors,Null vector,Statement-based MCQ,Easy,Analysis,A,False,
NEET27-PHY-0152,XI,Unit 2: Kinematics,Motion in a Straight Line and Motion in a Plane,Scalars and Vectors,Equal vectors,Direct MCQ,Easy,Recall,A,False,
NEET27-PHY-0153,XI,Unit 2: Kinematics,Motion in a Straight Line and Motion in a Plane,Scalars and Vectors,Collinear vectors,Statement-based MCQ,Medium,Analysis,C,False,
NEET27-PHY-0154,XI,Unit 2: Kinematics,Motion in a Straight Line and Motion in a Plane,Scalars and Vectors,Coplanar vectors,Direct MCQ,Medium,Application,C,False,
NEET27-PHY-0155,XI,Unit 2: Kinematics,Motion in a Straight Line and Motion in a Plane,Subtraction of Vectors,Definition of vector subtraction,Direct MCQ,Easy,Recall,A,False,
NEET27-PHY-0156,XI,Unit 2: Kinematics,Motion in a Straight Line and Motion in a Plane,Subtraction of Vectors,Subtraction is not commutative,Conceptual/application MCQ,Medium,Application,D,False,
NEET27-PHY-0157,XI,Unit 2: Kinematics,Motion in a Straight Line and Motion in a Plane,Subtraction of Vectors,Combined sum and difference conditions,Multi-step numerical MCQ,Difficult,Analysis,B,False,
NEET27-PHY-0158,XI,Unit 2: Kinematics,Motion in a Straight Line and Motion in a Plane,Subtraction of Vectors,Difference of parallel vectors,One-step numerical MCQ,Easy,Application,C,False,
NEET27-PHY-0159,XI,Unit 2: Kinematics,Motion in a Straight Line and Motion in a Plane,Subtraction of Vectors,Vector minus itself,Direct MCQ,Easy,Recall,C,False,
NEET27-PHY-0160,XI,Unit 2: Kinematics,Motion in a Straight Line and Motion in a Plane,Time of Flight Maximum Height Range,Dependence on launch speed,Conceptual/application MCQ,Medium,Application,D,False,
NEET27-PHY-0161,XI,Unit 2: Kinematics,Motion in a Straight Line and Motion in a Plane,Time of Flight Maximum Height Range,Time of flight,Multi-step numerical MCQ,Difficult,Analysis,A,False,
NEET27-PHY-0162,XI,Unit 2: Kinematics,Motion in a Straight Line and Motion in a Plane,Time of Flight Maximum Height Range,Dependence on the launch angle,Conceptual/application MCQ,Difficult,Analysis,B,False,
NEET27-PHY-0163,XI,Unit 2: Kinematics,Motion in a Straight Line and Motion in a Plane,Time of Flight Maximum Height Range,Complementary angles,Conceptual/application MCQ,Difficult,Analysis,B,False,
NEET27-PHY-0164,XI,Unit 2: Kinematics,Motion in a Straight Line and Motion in a Plane,Time of Flight Maximum Height Range,Complementary angles,Conceptual/application MCQ,Medium,Application,D,False,
NEET27-PHY-0165,XI,Unit 2: Kinematics,Motion in a Straight Line and Motion in a Plane,Time of Flight Maximum Height Range,Maximum height,One-step numerical MCQ,Easy,Application,D,False,
NEET27-PHY-0166,XI,Unit 2: Kinematics,Motion in a Straight Line and Motion in a Plane,Time of Flight Maximum Height Range,Dependence on g,Conceptual/application MCQ,Medium,Application,D,False,
NEET27-PHY-0167,XI,Unit 2: Kinematics,Motion in a Straight Line and Motion in a Plane,Time of Flight Maximum Height Range,Complementary angles,Direct MCQ,Easy,Recall,B,False,
NEET27-PHY-0168,XI,Unit 2: Kinematics,Motion in a Straight Line and Motion in a Plane,Uniform Circular Motion,Centripetal acceleration,One-step numerical MCQ,Medium,Application,C,False,
NEET27-PHY-0169,XI,Unit 2: Kinematics,Motion in a Straight Line and Motion in a Plane,Uniform Circular Motion,Comparison on a rotating body,Conceptual/application MCQ,Difficult,Analysis,C,False,
NEET27-PHY-0170,XI,Unit 2: Kinematics,Motion in a Straight Line and Motion in a Plane,Vector Product,Recognising parallel vectors,Conceptual/application MCQ,Difficult,Analysis,A,False,
NEET27-PHY-0171,XI,Unit 2: Kinematics,Motion in a Straight Line and Motion in a Plane,Vector Product,Vector product in component form,Multi-step numerical MCQ,Difficult,Analysis,C,False,
NEET27-PHY-0172,XI,Unit 2: Kinematics,Motion in a Straight Line and Motion in a Plane,Vector Product,Torque as a vector product,Direct MCQ,Easy,Recall,A,False,
NEET27-PHY-0173,XI,Unit 2: Kinematics,Motion in a Straight Line and Motion in a Plane,Vector Product,Vector product of a vector with itself,Direct MCQ,Easy,Recall,D,False,
NEET27-PHY-0174,XI,Unit 2: Kinematics,Motion in a Straight Line and Motion in a Plane,Vector Product,Unit vector normal to two vectors,Multi-step numerical MCQ,Difficult,Analysis,A,False,
NEET27-PHY-0175,XI,Unit 2: Kinematics,Motion in a Straight Line and Motion in a Plane,Vector Product,Angular momentum as a vector product,Direct MCQ,Medium,Application,B,False,
NEET27-PHY-0176,XI,Unit 2: Kinematics,Motion in a Straight Line and Motion in a Plane,Vector Product,Vector products of unit vectors,Direct MCQ,Easy,Recall,B,False,
NEET27-PHY-0177,XI,Unit 2: Kinematics,Motion in a Straight Line and Motion in a Plane,Velocity–time graphs,piecewise motion,Multi-step numerical MCQ,Medium,Application,B,False,
NEET27-PHY-0178,XI,Unit 2: Kinematics,Motion in a Straight Line and Motion in a Plane,Velocity–time graphs,area under graph,Graph/data interpretation MCQ,Easy,Analysis,C,False,
NEET27-PHY-0179,XI,Unit 2: Kinematics,Motion in a Straight Line and Motion in a Plane,Velocity–time graphs,reversal of direction,Graph/data interpretation MCQ,Medium,Analysis,C,False,
NEET27-PHY-0180,XI,Unit 2: Kinematics,Motion in a Straight Line and Motion in a Plane,Velocity–time graphs,slope and acceleration,Graph/data interpretation MCQ,Easy,Analysis,C,False,
NEET27-PHY-0181,XI,Unit 3: Laws of Motion,Laws of Motion,Circular Motion,Centripetal force,Multi-step numerical MCQ,Medium,Application,D,False,
NEET27-PHY-0182,XI,Unit 3: Laws of Motion,Laws of Motion,Circular Motion,Banking,One-step numerical MCQ,Difficult,Analysis,A,False,
NEET27-PHY-0183,XI,Unit 3: Laws of Motion,Laws of Motion,Circular Motion,Banking of roads,One-step numerical MCQ,Medium,Application,D,False,
NEET27-PHY-0184,XI,Unit 3: Laws of Motion,Laws of Motion,Circular Motion,Numerical,Multi-step numerical MCQ,Medium,Application,D,False,
NEET27-PHY-0185,XI,Unit 3: Laws of Motion,Laws of Motion,Circular Motion,Banking of roads,Conceptual/application MCQ,Medium,Application,C,False,
NEET27-PHY-0186,XI,Unit 3: Laws of Motion,Laws of Motion,Circular Motion,Banking with friction,One-step numerical MCQ,Difficult,Analysis,B,False,
NEET27-PHY-0187,XI,Unit 3: Laws of Motion,Laws of Motion,Circular Motion,Centripetal force,Direct MCQ,Easy,Recall,A,False,
NEET27-PHY-0188,XI,Unit 3: Laws of Motion,Laws of Motion,Circular Motion,Banking of roads,Multi-step numerical MCQ,Medium,Application,B,False,
NEET27-PHY-0189,XI,Unit 3: Laws of Motion,Laws of Motion,Circular Motion,Banking of roads,One-step numerical MCQ,Medium,Application,A,False,
NEET27-PHY-0190,XI,Unit 3: Laws of Motion,Laws of Motion,Circular Motion,Centripetal force,Conceptual/application MCQ,Medium,Application,A,False,
NEET27-PHY-0191,XI,Unit 3: Laws of Motion,Laws of Motion,Circular Motion,Centripetal force,Conceptual/application MCQ,Medium,Application,C,False,
NEET27-PHY-0192,XI,Unit 3: Laws of Motion,Laws of Motion,Circular Motion,Centripetal force,Multi-step numerical MCQ,Difficult,Analysis,A,False,
NEET27-PHY-0193,XI,Unit 3: Laws of Motion,Laws of Motion,Circular Motion,Banking of roads,Direct MCQ,Medium,Application,C,False,
NEET27-PHY-0194,XI,Unit 3: Laws of Motion,Laws of Motion,Circular Motion,Centripetal force,Conceptual/application MCQ,Medium,Application,B,False,
NEET27-PHY-0195,XI,Unit 3: Laws of Motion,Laws of Motion,Circular Motion,Centripetal force,Conceptual/application MCQ,Easy,Application,C,False,
NEET27-PHY-0196,XI,Unit 3: Laws of Motion,Laws of Motion,Connected Bodies and Pulleys,Atwood machine,Multi-step numerical MCQ,Difficult,Analysis,C,False,
NEET27-PHY-0197,XI,Unit 3: Laws of Motion,Laws of Motion,Connected Bodies and Pulleys,Blocks connected by a string,Conceptual/application MCQ,Difficult,Analysis,B,False,
NEET27-PHY-0198,XI,Unit 3: Laws of Motion,Laws of Motion,Connected Bodies and Pulleys,Tension in the connecting string,Direct MCQ,Easy,Recall,A,False,
NEET27-PHY-0199,XI,Unit 3: Laws of Motion,Laws of Motion,Connected Bodies and Pulleys,Blocks connected by a string,Multi-step numerical MCQ,Difficult,Analysis,D,False,
NEET27-PHY-0200,XI,Unit 3: Laws of Motion,Laws of Motion,Connected Bodies and Pulleys,Atwood machine,Conceptual/application MCQ,Medium,Application,A,False,
NEET27-PHY-0201,XI,Unit 3: Laws of Motion,Laws of Motion,Connected Bodies and Pulleys,Atwood machine,Conceptual/application MCQ,Medium,Application,C,False,
NEET27-PHY-0202,XI,Unit 3: Laws of Motion,Laws of Motion,Connected Bodies and Pulleys,Common acceleration,Direct MCQ,Easy,Recall,D,False,
NEET27-PHY-0203,XI,Unit 3: Laws of Motion,Laws of Motion,Connected Bodies and Pulleys,Common acceleration,One-step numerical MCQ,Easy,Application,A,False,
NEET27-PHY-0204,XI,Unit 3: Laws of Motion,Laws of Motion,Connected Bodies and Pulleys,Atwood machine,One-step numerical MCQ,Easy,Application,D,False,
NEET27-PHY-0205,XI,Unit 3: Laws of Motion,Laws of Motion,Conservation of Momentum,Isolated systems,Conceptual/application MCQ,Medium,Application,B,False,
NEET27-PHY-0206,XI,Unit 3: Laws of Motion,Laws of Motion,Conservation of Momentum,Explosion,Conceptual/application MCQ,Medium,Application,A,False,
NEET27-PHY-0207,XI,Unit 3: Laws of Motion,Laws of Motion,Conservation of Momentum,Collisions,Conceptual/application MCQ,Easy,Application,A,False,
NEET27-PHY-0208,XI,Unit 3: Laws of Motion,Laws of Motion,Conservation of Momentum,Explosion,Multi-step numerical MCQ,Difficult,Analysis,C,False,
NEET27-PHY-0209,XI,Unit 3: Laws of Motion,Laws of Motion,Conservation of Momentum,Explosion,One-step numerical MCQ,Medium,Application,A,False,
NEET27-PHY-0210,XI,Unit 3: Laws of Motion,Laws of Motion,Conservation of Momentum,Explosion,Conceptual/application MCQ,Medium,Application,D,False,
NEET27-PHY-0211,XI,Unit 3: Laws of Motion,Laws of Motion,Conservation of Momentum,Collisions,Multi-step numerical MCQ,Difficult,Analysis,B,False,
NEET27-PHY-0212,XI,Unit 3: Laws of Motion,Laws of Motion,Conservation of Momentum,Isolated systems,Direct MCQ,Easy,Recall,C,False,
NEET27-PHY-0213,XI,Unit 3: Laws of Motion,Laws of Motion,Conservation of Momentum,Recoil of a gun,One-step numerical MCQ,Easy,Application,A,False,
NEET27-PHY-0214,XI,Unit 3: Laws of Motion,Laws of Motion,Conservation of Momentum,Recoil of a gun,Conceptual/application MCQ,Easy,Application,D,False,
NEET27-PHY-0215,XI,Unit 3: Laws of Motion,Laws of Motion,Conservation of Momentum,Rocket propulsion,Direct MCQ,Easy,Recall,A,False,
NEET27-PHY-0216,XI,Unit 3: Laws of Motion,Laws of Motion,Conservation of Momentum,Recoil of a gun,Conceptual/application MCQ,Difficult,Analysis,A,False,
NEET27-PHY-0217,XI,Unit 3: Laws of Motion,Laws of Motion,Conservation of Momentum,Isolated systems,One-step numerical MCQ,Medium,Application,A,False,
NEET27-PHY-0218,XI,Unit 3: Laws of Motion,Laws of Motion,Conservation of Momentum,Isolated systems,Multi-step numerical MCQ,Difficult,Analysis,A,False,
NEET27-PHY-0219,XI,Unit 3: Laws of Motion,Laws of Motion,Conservation of Momentum,Collisions,Multi-step numerical MCQ,Medium,Application,B,False,
NEET27-PHY-0220,XI,Unit 3: Laws of Motion,Laws of Motion,Free Body Diagrams and Equilibrium,Resolving forces,One-step numerical MCQ,Easy,Application,C,False,
NEET27-PHY-0221,XI,Unit 3: Laws of Motion,Laws of Motion,Free Body Diagrams and Equilibrium,Concurrent forces,Conceptual/application MCQ,Difficult,Analysis,D,False,
NEET27-PHY-0222,XI,Unit 3: Laws of Motion,Laws of Motion,Free Body Diagrams and Equilibrium,Concurrent forces,Multi-step numerical MCQ,Medium,Application,A,False,
NEET27-PHY-0223,XI,Unit 3: Laws of Motion,Laws of Motion,Free Body Diagrams and Equilibrium,Tension in strings,Multi-step numerical MCQ,Difficult,Analysis,D,False,
NEET27-PHY-0224,XI,Unit 3: Laws of Motion,Laws of Motion,Free Body Diagrams and Equilibrium,Concurrent forces,Direct MCQ,Easy,Recall,A,False,
NEET27-PHY-0225,XI,Unit 3: Laws of Motion,Laws of Motion,Free Body Diagrams and Equilibrium,Tension in strings,Multi-step numerical MCQ,Difficult,Analysis,A,False,
NEET27-PHY-0226,XI,Unit 3: Laws of Motion,Laws of Motion,Free Body Diagrams and Equilibrium,Bodies in equilibrium,Conceptual/application MCQ,Easy,Application,C,False,
NEET27-PHY-0227,XI,Unit 3: Laws of Motion,Laws of Motion,Free Body Diagrams and Equilibrium,Bodies in equilibrium,Multi-step numerical MCQ,Difficult,Analysis,B,False,
NEET27-PHY-0228,XI,Unit 3: Laws of Motion,Laws of Motion,Free Body Diagrams and Equilibrium,Tension in strings,Multi-step numerical MCQ,Difficult,Analysis,A,False,
NEET27-PHY-0229,XI,Unit 3: Laws of Motion,Laws of Motion,Free Body Diagrams and Equilibrium,Tension in strings,Multi-step numerical MCQ,Medium,Application,D,False,
NEET27-PHY-0230,XI,Unit 3: Laws of Motion,Laws of Motion,Free Body Diagrams and Equilibrium,Bodies in equilibrium,Conceptual/application MCQ,Medium,Application,A,False,
NEET27-PHY-0231,XI,Unit 3: Laws of Motion,Laws of Motion,Free Body Diagrams and Equilibrium,Lami's theorem,Direct MCQ,Easy,Recall,C,False,
NEET27-PHY-0232,XI,Unit 3: Laws of Motion,Laws of Motion,Free Body Diagrams and Equilibrium,Bodies in equilibrium,Conceptual/application MCQ,Medium,Application,B,False,
NEET27-PHY-0233,XI,Unit 3: Laws of Motion,Laws of Motion,Friction,Static and kinetic friction,Conceptual/application MCQ,Easy,Application,D,False,
NEET27-PHY-0234,XI,Unit 3: Laws of Motion,Laws of Motion,Friction,Coefficient of friction,Multi-step numerical MCQ,Medium,Application,C,False,
NEET27-PHY-0235,XI,Unit 3: Laws of Motion,Laws of Motion,Friction,Coefficient of friction,One-step numerical MCQ,Easy,Application,D,False,
NEET27-PHY-0236,XI,Unit 3: Laws of Motion,Laws of Motion,Friction,Motion on a rough incline,Multi-step numerical MCQ,Difficult,Analysis,D,False,
NEET27-PHY-0237,XI,Unit 3: Laws of Motion,Laws of Motion,Friction,Static and kinetic friction,Conceptual/application MCQ,Easy,Application,D,False,
NEET27-PHY-0238,XI,Unit 3: Laws of Motion,Laws of Motion,Friction,Limiting friction,Conceptual/application MCQ,Difficult,Analysis,B,False,
NEET27-PHY-0239,XI,Unit 3: Laws of Motion,Laws of Motion,Friction,Static and kinetic friction,Conceptual/application MCQ,Medium,Application,C,False,
NEET27-PHY-0240,XI,Unit 3: Laws of Motion,Laws of Motion,Friction,Angle of friction,One-step numerical MCQ,Medium,Application,A,False,
NEET27-PHY-0241,XI,Unit 3: Laws of Motion,Laws of Motion,Friction,Static and kinetic friction,Conceptual/application MCQ,Difficult,Analysis,B,False,
NEET27-PHY-0242,XI,Unit 3: Laws of Motion,Laws of Motion,Friction,Motion on a rough incline,Conceptual/application MCQ,Medium,Application,D,False,
NEET27-PHY-0243,XI,Unit 3: Laws of Motion,Laws of Motion,Friction,Coefficient of friction,Multi-step numerical MCQ,Difficult,Analysis,A,False,
NEET27-PHY-0244,XI,Unit 3: Laws of Motion,Laws of Motion,Friction,Angle of repose,One-step numerical MCQ,Medium,Application,C,False,
NEET27-PHY-0245,XI,Unit 3: Laws of Motion,Laws of Motion,Friction,Limiting friction,Multi-step numerical MCQ,Difficult,Analysis,B,False,
NEET27-PHY-0246,XI,Unit 3: Laws of Motion,Laws of Motion,Friction,Coefficient of friction,Multi-step numerical MCQ,Medium,Application,C,False,
NEET27-PHY-0247,XI,Unit 3: Laws of Motion,Laws of Motion,Friction,Motion on a rough incline,Multi-step numerical MCQ,Difficult,Analysis,C,False,
NEET27-PHY-0248,XI,Unit 3: Laws of Motion,Laws of Motion,Friction,Angle of repose,Direct MCQ,Easy,Recall,B,False,
NEET27-PHY-0249,XI,Unit 3: Laws of Motion,Laws of Motion,Friction,Limiting friction,Direct MCQ,Easy,Recall,C,False,
NEET27-PHY-0250,XI,Unit 3: Laws of Motion,Laws of Motion,Friction,Limiting friction,Multi-step numerical MCQ,Difficult,Analysis,D,False,
NEET27-PHY-0251,XI,Unit 3: Laws of Motion,Laws of Motion,Friction,Static and kinetic friction,Conceptual/application MCQ,Medium,Application,D,False,
NEET27-PHY-0252,XI,Unit 3: Laws of Motion,Laws of Motion,Momentum and Impulse,Impulse momentum theorem,Multi-step numerical MCQ,Difficult,Analysis,A,False,
NEET27-PHY-0253,XI,Unit 3: Laws of Motion,Laws of Motion,Momentum and Impulse,Impulse,Direct MCQ,Easy,Recall,D,False,
NEET27-PHY-0254,XI,Unit 3: Laws of Motion,Laws of Motion,Momentum and Impulse,Impulse,One-step numerical MCQ,Easy,Application,D,False,
NEET27-PHY-0255,XI,Unit 3: Laws of Motion,Laws of Motion,Momentum and Impulse,Impulse,Direct MCQ,Easy,Recall,B,False,
NEET27-PHY-0256,XI,Unit 3: Laws of Motion,Laws of Motion,Momentum and Impulse,Linear momentum,One-step numerical MCQ,Easy,Application,A,False,
NEET27-PHY-0257,XI,Unit 3: Laws of Motion,Laws of Motion,Momentum and Impulse,Impulse momentum theorem,Multi-step numerical MCQ,Difficult,Analysis,A,False,
NEET27-PHY-0258,XI,Unit 3: Laws of Motion,Laws of Motion,Momentum and Impulse,Impulse momentum theorem,Direct MCQ,Easy,Recall,D,False,
NEET27-PHY-0259,XI,Unit 3: Laws of Motion,Laws of Motion,Momentum and Impulse,Force from rate of change of momentum,Multi-step numerical MCQ,Medium,Application,D,False,
NEET27-PHY-0260,XI,Unit 3: Laws of Motion,Laws of Motion,Momentum and Impulse,Force from rate of change of momentum,Multi-step numerical MCQ,Difficult,Analysis,D,False,
NEET27-PHY-0261,XI,Unit 3: Laws of Motion,Laws of Motion,Momentum and Impulse,Impulse momentum theorem,One-step numerical MCQ,Medium,Application,C,False,
NEET27-PHY-0262,XI,Unit 3: Laws of Motion,Laws of Motion,Momentum and Impulse,Force from rate of change of momentum,Conceptual/application MCQ,Difficult,Analysis,A,False,
NEET27-PHY-0263,XI,Unit 3: Laws of Motion,Laws of Motion,Momentum and Impulse,Force from rate of change of momentum,Conceptual/application MCQ,Medium,Application,A,False,
NEET27-PHY-0264,XI,Unit 3: Laws of Motion,Laws of Motion,Momentum and Impulse,Impulse momentum theorem,Multi-step numerical MCQ,Difficult,Analysis,A,False,
NEET27-PHY-0265,XI,Unit 3: Laws of Motion,Laws of Motion,Momentum and Impulse,Impulse momentum theorem,One-step numerical MCQ,Medium,Application,C,False,
NEET27-PHY-0266,XI,Unit 3: Laws of Motion,Laws of Motion,Momentum and Impulse,Impulse momentum theorem,One-step numerical MCQ,Medium,Application,C,False,
NEET27-PHY-0267,XI,Unit 3: Laws of Motion,Laws of Motion,Newton's Laws,Third law,Conceptual/application MCQ,Medium,Application,A,False,
NEET27-PHY-0268,XI,Unit 3: Laws of Motion,Laws of Motion,Newton's Laws,Apparent weight in a lift,Conceptual/application MCQ,Medium,Application,A,False,
NEET27-PHY-0269,XI,Unit 3: Laws of Motion,Laws of Motion,Newton's Laws,Second law,Graph/data interpretation MCQ,Medium,Analysis,D,False,
NEET27-PHY-0270,XI,Unit 3: Laws of Motion,Laws of Motion,Newton's Laws,Second law,One-step numerical MCQ,Medium,Application,B,False,
NEET27-PHY-0271,XI,Unit 3: Laws of Motion,Laws of Motion,Newton's Laws,Second law,Multi-step numerical MCQ,Difficult,Analysis,A,False,
NEET27-PHY-0272,XI,Unit 3: Laws of Motion,Laws of Motion,Newton's Laws,Third law,Conceptual/application MCQ,Easy,Application,A,False,
NEET27-PHY-0273,XI,Unit 3: Laws of Motion,Laws of Motion,Newton's Laws,Third law,Conceptual/application MCQ,Difficult,Analysis,B,False,
NEET27-PHY-0274,XI,Unit 3: Laws of Motion,Laws of Motion,Newton's Laws,Apparent weight in a lift,Conceptual/application MCQ,Medium,Application,A,False,
NEET27-PHY-0275,XI,Unit 3: Laws of Motion,Laws of Motion,Newton's Laws,Second law,One-step numerical MCQ,Easy,Application,B,False,
NEET27-PHY-0276,XI,Unit 3: Laws of Motion,Laws of Motion,Newton's Laws,Second law,Direct MCQ,Easy,Recall,A,False,
NEET27-PHY-0277,XI,Unit 3: Laws of Motion,Laws of Motion,Newton's Laws,Second law,Multi-step numerical MCQ,Medium,Application,C,False,
NEET27-PHY-0278,XI,Unit 3: Laws of Motion,Laws of Motion,Newton's Laws,Second law,Multi-step numerical MCQ,Medium,Application,A,False,
NEET27-PHY-0279,XI,Unit 3: Laws of Motion,Laws of Motion,Newton's Laws,Apparent weight in a lift,Multi-step numerical MCQ,Difficult,Analysis,A,False,
NEET27-PHY-0280,XI,Unit 3: Laws of Motion,Laws of Motion,Newton's Laws,Second law,Multi-step numerical MCQ,Difficult,Analysis,C,False,
NEET27-PHY-0281,XI,Unit 3: Laws of Motion,Laws of Motion,Newton's Laws,Second law,Direct MCQ,Easy,Recall,B,False,
NEET27-PHY-0282,XI,Unit 3: Laws of Motion,Laws of Motion,Newton's Laws,Second law,Conceptual/application MCQ,Medium,Application,B,False,
NEET27-PHY-0283,XI,Unit 3: Laws of Motion,Laws of Motion,Newton's Laws,First law and inertia,Direct MCQ,Easy,Recall,A,False,
NEET27-PHY-0284,XI,Unit 3: Laws of Motion,Laws of Motion,Work Energy and Collisions,Coefficient of restitution,Direct MCQ,Medium,Application,B,False,
NEET27-PHY-0285,XI,Unit 3: Laws of Motion,Laws of Motion,Work Energy and Collisions,Elastic collisions,Multi-step numerical MCQ,Difficult,Analysis,C,False,
NEET27-PHY-0286,XI,Unit 3: Laws of Motion,Laws of Motion,Work Energy and Collisions,Coefficient of restitution,Multi-step numerical MCQ,Medium,Application,A,False,
NEET27-PHY-0287,XI,Unit 3: Laws of Motion,Laws of Motion,Work Energy and Collisions,Elastic collisions,Conceptual/application MCQ,Medium,Application,A,False,
NEET27-PHY-0288,XI,Unit 3: Laws of Motion,Laws of Motion,Work Energy and Collisions,Work energy theorem,Direct MCQ,Easy,Recall,A,False,
NEET27-PHY-0289,XI,"Unit 4: Work, Energy and Power","Work, Energy and Power",Circular Motion,Vertical circle,Multi-step numerical MCQ,Medium,Application,B,False,
NEET27-PHY-0290,XI,"Unit 4: Work, Energy and Power","Work, Energy and Power",Circular Motion,Vertical circular motion,Multi-step numerical MCQ,Medium,Application,B,False,
NEET27-PHY-0291,XI,"Unit 4: Work, Energy and Power","Work, Energy and Power",Circular Motion,Vertical circle,Multi-step numerical MCQ,Difficult,Analysis,A,False,
NEET27-PHY-0292,XI,"Unit 4: Work, Energy and Power","Work, Energy and Power",Circular Motion,Vertical circular motion,Direct MCQ,Easy,Recall,B,False,
NEET27-PHY-0293,XI,"Unit 4: Work, Energy and Power","Work, Energy and Power",Circular Motion,Vertical circular motion,Multi-step numerical MCQ,Difficult,Analysis,A,False,
NEET27-PHY-0294,XI,"Unit 4: Work, Energy and Power","Work, Energy and Power",Circular Motion,Vertical circle,Multi-step numerical MCQ,Difficult,Analysis,A,False,
NEET27-PHY-0295,XI,"Unit 4: Work, Energy and Power","Work, Energy and Power",Circular Motion,Vertical circular motion,Multi-step numerical MCQ,Medium,Application,C,False,
NEET27-PHY-0296,XI,"Unit 4: Work, Energy and Power","Work, Energy and Power",Circular Motion,Vertical circular motion,One-step numerical MCQ,Medium,Application,B,False,
NEET27-PHY-0297,XI,"Unit 4: Work, Energy and Power","Work, Energy and Power",Collisions,perfectly inelastic collision,Diagram/circuit/ray MCQ,Medium,Analysis,B,False,figures/u04-work-023.png
NEET27-PHY-0298,XI,"Unit 4: Work, Energy and Power","Work, Energy and Power",Collisions,perfectly inelastic collision,Diagram/circuit/ray MCQ,Medium,Analysis,A,False,figures/u04-work-024.png
NEET27-PHY-0299,XI,"Unit 4: Work, Energy and Power","Work, Energy and Power",Collisions,perfectly inelastic collision,Diagram/circuit/ray MCQ,Medium,Analysis,B,False,figures/u04-work-022.png
NEET27-PHY-0300,XI,"Unit 4: Work, Energy and Power","Work, Energy and Power",Collisions,perfectly inelastic collision,Diagram/circuit/ray MCQ,Medium,Analysis,B,False,figures/u04-work-021.png
NEET27-PHY-0301,XI,"Unit 4: Work, Energy and Power","Work, Energy and Power",Conservation of mechanical energy,free fall speed,Diagram/circuit/ray MCQ,Medium,Analysis,C,False,figures/u04-work-019.png
NEET27-PHY-0302,XI,"Unit 4: Work, Energy and Power","Work, Energy and Power",Conservation of mechanical energy,free fall speed,Diagram/circuit/ray MCQ,Medium,Analysis,A,False,figures/u04-work-017.png
NEET27-PHY-0303,XI,"Unit 4: Work, Energy and Power","Work, Energy and Power",Conservation of mechanical energy,free fall speed,Diagram/circuit/ray MCQ,Medium,Analysis,B,False,figures/u04-work-020.png
NEET27-PHY-0304,XI,"Unit 4: Work, Energy and Power","Work, Energy and Power",Conservation of mechanical energy,free fall speed,Diagram/circuit/ray MCQ,Medium,Analysis,B,False,figures/u04-work-018.png
NEET27-PHY-0305,XI,"Unit 4: Work, Energy and Power","Work, Energy and Power",Potential energy,spring potential energy,Graph/data interpretation MCQ,Medium,Analysis,B,False,figures/u04-work-007.png
NEET27-PHY-0306,XI,"Unit 4: Work, Energy and Power","Work, Energy and Power",Potential energy,spring potential energy,Graph/data interpretation MCQ,Medium,Analysis,D,False,figures/u04-work-006.png
NEET27-PHY-0307,XI,"Unit 4: Work, Energy and Power","Work, Energy and Power",Potential energy,spring potential energy,Graph/data interpretation MCQ,Medium,Analysis,D,False,figures/u04-work-008.png
NEET27-PHY-0308,XI,"Unit 4: Work, Energy and Power","Work, Energy and Power",Potential energy,spring potential energy,Graph/data interpretation MCQ,Medium,Analysis,C,False,figures/u04-work-005.png
NEET27-PHY-0309,XI,"Unit 4: Work, Energy and Power","Work, Energy and Power",Power,lifting at constant speed,One-step numerical MCQ,Easy,Application,B,False,figures/u04-work-015.png
NEET27-PHY-0310,XI,"Unit 4: Work, Energy and Power","Work, Energy and Power",Power,lifting at constant speed,One-step numerical MCQ,Easy,Application,D,False,figures/u04-work-016.png
NEET27-PHY-0311,XI,"Unit 4: Work, Energy and Power","Work, Energy and Power",Power,lifting at constant speed,One-step numerical MCQ,Easy,Application,C,False,figures/u04-work-013.png
NEET27-PHY-0312,XI,"Unit 4: Work, Energy and Power","Work, Energy and Power",Power,lifting at constant speed,One-step numerical MCQ,Easy,Application,C,False,figures/u04-work-014.png
NEET27-PHY-0313,XI,"Unit 4: Work, Energy and Power","Work, Energy and Power",Work,constant force at an angle,Diagram/circuit/ray MCQ,Easy,Analysis,A,False,figures/u04-work-001.png
NEET27-PHY-0314,XI,"Unit 4: Work, Energy and Power","Work, Energy and Power",Work,constant force at an angle,Diagram/circuit/ray MCQ,Medium,Analysis,D,False,figures/u04-work-004.png
NEET27-PHY-0315,XI,"Unit 4: Work, Energy and Power","Work, Energy and Power",Work,constant force at an angle,Diagram/circuit/ray MCQ,Medium,Analysis,B,False,figures/u04-work-002.png
NEET27-PHY-0316,XI,"Unit 4: Work, Energy and Power","Work, Energy and Power",Work,constant force at an angle,Diagram/circuit/ray MCQ,Easy,Analysis,B,False,figures/u04-work-003.png
NEET27-PHY-0317,XI,"Unit 4: Work, Energy and Power","Work, Energy and Power","Work, energy and power",mixed applications,Conceptual/application MCQ,Medium,Application,B,False,
NEET27-PHY-0318,XI,"Unit 4: Work, Energy and Power","Work, Energy and Power","Work, energy and power",conceptual relations,Conceptual/application MCQ,Medium,Application,B,False,figures/u04-work-037.png
NEET27-PHY-0319,XI,"Unit 4: Work, Energy and Power","Work, Energy and Power","Work, energy and power",mixed applications,Conceptual/application MCQ,Medium,Application,D,False,
NEET27-PHY-0320,XI,"Unit 4: Work, Energy and Power","Work, Energy and Power","Work, energy and power",conceptual relations,Conceptual/application MCQ,Medium,Application,C,False,
NEET27-PHY-0321,XI,"Unit 4: Work, Energy and Power","Work, Energy and Power","Work, energy and power",mixed applications,Conceptual/application MCQ,Medium,Application,A,False,
NEET27-PHY-0322,XI,"Unit 4: Work, Energy and Power","Work, Energy and Power","Work, energy and power",mixed applications,Conceptual/application MCQ,Medium,Application,C,False,
NEET27-PHY-0323,XI,"Unit 4: Work, Energy and Power","Work, Energy and Power","Work, energy and power",conceptual relations,Conceptual/application MCQ,Medium,Application,C,False,figures/u04-work-044.png
NEET27-PHY-0324,XI,"Unit 4: Work, Energy and Power","Work, Energy and Power","Work, energy and power",conceptual relations,Conceptual/application MCQ,Medium,Application,B,False,figures/u04-work-032.png
NEET27-PHY-0325,XI,"Unit 4: Work, Energy and Power","Work, Energy and Power","Work, energy and power",conceptual relations,Conceptual/application MCQ,Medium,Application,A,False,figures/u04-work-052.png
NEET27-PHY-0326,XI,"Unit 4: Work, Energy and Power","Work, Energy and Power","Work, energy and power",conceptual relations,Conceptual/application MCQ,Medium,Application,B,False,
NEET27-PHY-0327,XI,"Unit 4: Work, Energy and Power","Work, Energy and Power","Work, energy and power",mixed applications,Conceptual/application MCQ,Medium,Application,B,False,
NEET27-PHY-0328,XI,"Unit 4: Work, Energy and Power","Work, Energy and Power","Work, energy and power",mixed applications,Conceptual/application MCQ,Medium,Application,A,False,
NEET27-PHY-0329,XI,"Unit 4: Work, Energy and Power","Work, Energy and Power","Work, energy and power",mixed applications,Conceptual/application MCQ,Medium,Application,D,False,
NEET27-PHY-0330,XI,"Unit 4: Work, Energy and Power","Work, Energy and Power","Work, energy and power",conceptual relations,Conceptual/application MCQ,Medium,Application,B,False,
NEET27-PHY-0331,XI,"Unit 4: Work, Energy and Power","Work, Energy and Power","Work, energy and power",mixed applications,Conceptual/application MCQ,Medium,Application,D,False,
NEET27-PHY-0332,XI,"Unit 4: Work, Energy and Power","Work, Energy and Power","Work, energy and power",mixed applications,Conceptual/application MCQ,Medium,Application,B,False,
NEET27-PHY-0333,XI,"Unit 4: Work, Energy and Power","Work, Energy and Power","Work, energy and power",conceptual relations,Conceptual/application MCQ,Medium,Application,C,False,
NEET27-PHY-0334,XI,"Unit 4: Work, Energy and Power","Work, Energy and Power","Work, energy and power",mixed applications,Conceptual/application MCQ,Medium,Application,B,False,
NEET27-PHY-0335,XI,"Unit 4: Work, Energy and Power","Work, Energy and Power","Work, energy and power",conceptual relations,Conceptual/application MCQ,Medium,Application,B,False,figures/u04-work-035.png
NEET27-PHY-0336,XI,"Unit 4: Work, Energy and Power","Work, Energy and Power","Work, energy and power",conceptual relations,Conceptual/application MCQ,Medium,Application,C,False,figures/u04-work-031.png
NEET27-PHY-0337,XI,"Unit 4: Work, Energy and Power","Work, Energy and Power","Work, energy and power",mixed applications,Conceptual/application MCQ,Medium,Application,B,False,
NEET27-PHY-0338,XI,"Unit 4: Work, Energy and Power","Work, Energy and Power","Work, energy and power",mixed applications,Conceptual/application MCQ,Medium,Application,C,False,
NEET27-PHY-0339,XI,"Unit 4: Work, Energy and Power","Work, Energy and Power","Work, energy and power",conceptual relations,Conceptual/application MCQ,Medium,Application,C,False,figures/u04-work-034.png
NEET27-PHY-0340,XI,"Unit 4: Work, Energy and Power","Work, Energy and Power","Work, energy and power",conceptual relations,Conceptual/application MCQ,Medium,Application,B,False,figures/u04-work-050.png
NEET27-PHY-0341,XI,"Unit 4: Work, Energy and Power","Work, Energy and Power","Work, energy and power",conceptual relations,Statement-based MCQ,Difficult,Analysis,A,False,figures/u04-work-040.png
NEET27-PHY-0342,XI,"Unit 4: Work, Energy and Power","Work, Energy and Power","Work, energy and power",conceptual relations,Conceptual/application MCQ,Medium,Application,B,False,
NEET27-PHY-0343,XI,"Unit 4: Work, Energy and Power","Work, Energy and Power","Work, energy and power",mixed applications,Conceptual/application MCQ,Medium,Application,D,False,
NEET27-PHY-0344,XI,"Unit 4: Work, Energy and Power","Work, Energy and Power","Work, energy and power",conceptual relations,Conceptual/application MCQ,Medium,Application,D,False,figures/u04-work-038.png
NEET27-PHY-0345,XI,"Unit 4: Work, Energy and Power","Work, Energy and Power","Work, energy and power",conceptual relations,Conceptual/application MCQ,Medium,Application,D,False,figures/u04-work-039.png
NEET27-PHY-0346,XI,"Unit 4: Work, Energy and Power","Work, Energy and Power","Work, energy and power",mixed applications,Conceptual/application MCQ,Medium,Application,D,False,
NEET27-PHY-0347,XI,"Unit 4: Work, Energy and Power","Work, Energy and Power","Work, energy and power",conceptual relations,Conceptual/application MCQ,Medium,Application,C,False,figures/u04-work-047.png
NEET27-PHY-0348,XI,"Unit 4: Work, Energy and Power","Work, Energy and Power","Work, energy and power",conceptual relations,Conceptual/application MCQ,Medium,Application,C,False,figures/u04-work-030.png
NEET27-PHY-0349,XI,"Unit 4: Work, Energy and Power","Work, Energy and Power","Work, energy and power",conceptual relations,Conceptual/application MCQ,Medium,Application,D,False,
NEET27-PHY-0350,XI,"Unit 4: Work, Energy and Power","Work, Energy and Power","Work, energy and power",conceptual relations,Conceptual/application MCQ,Medium,Application,A,False,
NEET27-PHY-0351,XI,"Unit 4: Work, Energy and Power","Work, Energy and Power","Work, energy and power",conceptual relations,Conceptual/application MCQ,Medium,Application,C,False,figures/u04-work-028.png
NEET27-PHY-0352,XI,"Unit 4: Work, Energy and Power","Work, Energy and Power","Work, energy and power",conceptual relations,Conceptual/application MCQ,Medium,Application,C,False,
NEET27-PHY-0353,XI,"Unit 4: Work, Energy and Power","Work, Energy and Power","Work, energy and power",conceptual relations,Statement-based MCQ,Medium,Analysis,A,False,figures/u04-work-027.png
NEET27-PHY-0354,XI,"Unit 4: Work, Energy and Power","Work, Energy and Power","Work, energy and power",mixed applications,Conceptual/application MCQ,Medium,Application,C,False,
NEET27-PHY-0355,XI,"Unit 4: Work, Energy and Power","Work, Energy and Power","Work, energy and power",conceptual relations,Conceptual/application MCQ,Medium,Application,A,False,figures/u04-work-048.png
NEET27-PHY-0356,XI,"Unit 4: Work, Energy and Power","Work, Energy and Power","Work, energy and power",conceptual relations,Conceptual/application MCQ,Medium,Application,A,False,figures/u04-work-026.png
NEET27-PHY-0357,XI,"Unit 4: Work, Energy and Power","Work, Energy and Power","Work, energy and power",mixed applications,Conceptual/application MCQ,Medium,Application,B,False,
NEET27-PHY-0358,XI,"Unit 4: Work, Energy and Power","Work, Energy and Power","Work, energy and power",conceptual relations,Conceptual/application MCQ,Medium,Application,C,False,figures/u04-work-033.png
NEET27-PHY-0359,XI,"Unit 4: Work, Energy and Power","Work, Energy and Power","Work, energy and power",conceptual relations,Conceptual/application MCQ,Medium,Application,C,False,figures/u04-work-045.png
NEET27-PHY-0360,XI,"Unit 4: Work, Energy and Power","Work, Energy and Power","Work, energy and power",conceptual relations,Conceptual/application MCQ,Medium,Application,C,False,
NEET27-PHY-0361,XI,"Unit 4: Work, Energy and Power","Work, Energy and Power","Work, energy and power",conceptual relations,Conceptual/application MCQ,Medium,Application,A,False,
NEET27-PHY-0362,XI,"Unit 4: Work, Energy and Power","Work, Energy and Power","Work, energy and power",mixed applications,Conceptual/application MCQ,Medium,Application,B,False,
NEET27-PHY-0363,XI,"Unit 4: Work, Energy and Power","Work, Energy and Power","Work, energy and power",conceptual relations,Conceptual/application MCQ,Medium,Application,D,False,figures/u04-work-041.png
NEET27-PHY-0364,XI,"Unit 4: Work, Energy and Power","Work, Energy and Power","Work, energy and power",conceptual relations,Conceptual/application MCQ,Medium,Application,A,False,figures/u04-work-025.png
NEET27-PHY-0365,XI,"Unit 4: Work, Energy and Power","Work, Energy and Power","Work, energy and power",conceptual relations,Conceptual/application MCQ,Medium,Application,A,False,figures/u04-work-043.png
NEET27-PHY-0366,XI,"Unit 4: Work, Energy and Power","Work, Energy and Power","Work, energy and power",conceptual relations,Conceptual/application MCQ,Medium,Application,B,False,figures/u04-work-046.png
NEET27-PHY-0367,XI,"Unit 4: Work, Energy and Power","Work, Energy and Power","Work, energy and power",conceptual relations,Conceptual/application MCQ,Medium,Application,B,False,
NEET27-PHY-0368,XI,"Unit 4: Work, Energy and Power","Work, Energy and Power","Work, energy and power",mixed applications,Conceptual/application MCQ,Medium,Application,C,False,
NEET27-PHY-0369,XI,"Unit 4: Work, Energy and Power","Work, Energy and Power","Work, energy and power",mixed applications,Conceptual/application MCQ,Medium,Application,B,False,
NEET27-PHY-0370,XI,"Unit 4: Work, Energy and Power","Work, Energy and Power","Work, energy and power",mixed applications,Conceptual/application MCQ,Medium,Application,C,False,
NEET27-PHY-0371,XI,"Unit 4: Work, Energy and Power","Work, Energy and Power","Work, energy and power",mixed applications,Conceptual/application MCQ,Medium,Application,C,False,
NEET27-PHY-0372,XI,"Unit 4: Work, Energy and Power","Work, Energy and Power","Work, energy and power",conceptual relations,Conceptual/application MCQ,Medium,Application,B,False,figures/u04-work-053.png
NEET27-PHY-0373,XI,"Unit 4: Work, Energy and Power","Work, Energy and Power","Work, energy and power",mixed applications,Conceptual/application MCQ,Medium,Application,C,False,
NEET27-PHY-0374,XI,"Unit 4: Work, Energy and Power","Work, Energy and Power","Work, energy and power",conceptual relations,Conceptual/application MCQ,Difficult,Analysis,D,False,
NEET27-PHY-0375,XI,"Unit 4: Work, Energy and Power","Work, Energy and Power","Work, energy and power",conceptual relations,Conceptual/application MCQ,Medium,Application,C,False,
NEET27-PHY-0376,XI,"Unit 4: Work, Energy and Power","Work, Energy and Power","Work, energy and power",conceptual relations,Conceptual/application MCQ,Difficult,Analysis,A,False,
NEET27-PHY-0377,XI,"Unit 4: Work, Energy and Power","Work, Energy and Power","Work, energy and power",conceptual relations,Conceptual/application MCQ,Medium,Application,B,False,figures/u04-work-036.png
NEET27-PHY-0378,XI,"Unit 4: Work, Energy and Power","Work, Energy and Power","Work, energy and power",conceptual relations,Conceptual/application MCQ,Medium,Application,A,False,
NEET27-PHY-0379,XI,"Unit 4: Work, Energy and Power","Work, Energy and Power","Work, energy and power",conceptual relations,Conceptual/application MCQ,Medium,Application,C,False,figures/u04-work-049.png
NEET27-PHY-0380,XI,"Unit 4: Work, Energy and Power","Work, Energy and Power","Work, energy and power",mixed applications,Conceptual/application MCQ,Medium,Application,A,False,
NEET27-PHY-0381,XI,"Unit 4: Work, Energy and Power","Work, Energy and Power","Work, energy and power",conceptual relations,Conceptual/application MCQ,Medium,Application,B,False,figures/u04-work-042.png
NEET27-PHY-0382,XI,"Unit 4: Work, Energy and Power","Work, Energy and Power","Work, energy and power",conceptual relations,Conceptual/application MCQ,Medium,Application,C,False,
NEET27-PHY-0383,XI,"Unit 4: Work, Energy and Power","Work, Energy and Power","Work, energy and power",mixed applications,Conceptual/application MCQ,Medium,Application,D,False,
NEET27-PHY-0384,XI,"Unit 4: Work, Energy and Power","Work, Energy and Power","Work, energy and power",conceptual relations,Conceptual/application MCQ,Medium,Application,C,False,
NEET27-PHY-0385,XI,"Unit 4: Work, Energy and Power","Work, Energy and Power","Work, energy and power",conceptual relations,Conceptual/application MCQ,Medium,Application,A,False,
NEET27-PHY-0386,XI,"Unit 4: Work, Energy and Power","Work, Energy and Power","Work, energy and power",conceptual relations,Conceptual/application MCQ,Medium,Application,B,False,
NEET27-PHY-0387,XI,"Unit 4: Work, Energy and Power","Work, Energy and Power","Work, energy and power",conceptual relations,Conceptual/application MCQ,Medium,Application,B,False,
NEET27-PHY-0388,XI,"Unit 4: Work, Energy and Power","Work, Energy and Power","Work, energy and power",conceptual relations,Conceptual/application MCQ,Medium,Application,A,False,
NEET27-PHY-0389,XI,"Unit 4: Work, Energy and Power","Work, Energy and Power","Work, energy and power",conceptual relations,Conceptual/application MCQ,Medium,Application,C,False,figures/u04-work-054.png
NEET27-PHY-0390,XI,"Unit 4: Work, Energy and Power","Work, Energy and Power","Work, energy and power",conceptual relations,Conceptual/application MCQ,Medium,Application,C,False,figures/u04-work-029.png
NEET27-PHY-0391,XI,"Unit 4: Work, Energy and Power","Work, Energy and Power","Work, energy and power",conceptual relations,Conceptual/application MCQ,Medium,Application,A,False,figures/u04-work-051.png
NEET27-PHY-0392,XI,"Unit 4: Work, Energy and Power","Work, Energy and Power","Work, energy and power",conceptual relations,Conceptual/application MCQ,Medium,Application,C,False,
NEET27-PHY-0393,XI,"Unit 4: Work, Energy and Power","Work, Energy and Power",Work–energy theorem,change in speed,Diagram/circuit/ray MCQ,Medium,Analysis,B,False,figures/u04-work-010.png
NEET27-PHY-0394,XI,"Unit 4: Work, Energy and Power","Work, Energy and Power",Work–energy theorem,change in speed,Diagram/circuit/ray MCQ,Medium,Analysis,B,False,figures/u04-work-009.png
NEET27-PHY-0395,XI,"Unit 4: Work, Energy and Power","Work, Energy and Power",Work–energy theorem,change in speed,Diagram/circuit/ray MCQ,Medium,Analysis,B,False,figures/u04-work-011.png
NEET27-PHY-0396,XI,"Unit 4: Work, Energy and Power","Work, Energy and Power",Work–energy theorem,change in speed,Diagram/circuit/ray MCQ,Medium,Analysis,A,False,figures/u04-work-012.png
NEET27-PHY-0397,XI,Unit 5: Rotational Motion,System of Particles and Rotational Motion,Angular Momentum,Units,Direct MCQ,Easy,Recall,D,False,
NEET27-PHY-0398,XI,Unit 5: Rotational Motion,System of Particles and Rotational Motion,Angular Momentum,Concept,Direct MCQ,Difficult,Analysis,A,False,
NEET27-PHY-0399,XI,Unit 5: Rotational Motion,System of Particles and Rotational Motion,Angular Momentum,Conservation,Conceptual/application MCQ,Medium,Application,B,False,
NEET27-PHY-0400,XI,Unit 5: Rotational Motion,System of Particles and Rotational Motion,Angular Momentum,Numerical,Multi-step numerical MCQ,Medium,Application,A,False,
NEET27-PHY-0401,XI,Unit 5: Rotational Motion,System of Particles and Rotational Motion,Angular Momentum,Conservation,Multi-step numerical MCQ,Difficult,Analysis,C,False,
NEET27-PHY-0402,XI,Unit 5: Rotational Motion,System of Particles and Rotational Motion,Angular Momentum,Application,Conceptual/application MCQ,Difficult,Analysis,B,False,
NEET27-PHY-0403,XI,Unit 5: Rotational Motion,System of Particles and Rotational Motion,Angular Momentum,Application,Conceptual/application MCQ,Medium,Application,D,False,
NEET27-PHY-0404,XI,Unit 5: Rotational Motion,System of Particles and Rotational Motion,Angular Momentum,Comparison,Conceptual/application MCQ,Medium,Application,C,False,
NEET27-PHY-0405,XI,Unit 5: Rotational Motion,System of Particles and Rotational Motion,Angular Momentum,Torque relation,One-step numerical MCQ,Medium,Application,D,False,
NEET27-PHY-0406,XI,Unit 5: Rotational Motion,System of Particles and Rotational Motion,Angular Momentum,Conservation,Direct MCQ,Medium,Application,D,False,
NEET27-PHY-0407,XI,Unit 5: Rotational Motion,System of Particles and Rotational Motion,Angular Momentum,Numerical,One-step numerical MCQ,Easy,Application,A,False,
NEET27-PHY-0408,XI,Unit 5: Rotational Motion,System of Particles and Rotational Motion,Angular Momentum,Definition,One-step numerical MCQ,Easy,Application,A,False,
NEET27-PHY-0409,XI,Unit 5: Rotational Motion,System of Particles and Rotational Motion,Angular momentum,conservation of angular momentum,One-step numerical MCQ,Medium,Application,B,False,
NEET27-PHY-0410,XI,Unit 5: Rotational Motion,System of Particles and Rotational Motion,Angular momentum,conservation of angular momentum,One-step numerical MCQ,Medium,Application,B,False,
NEET27-PHY-0411,XI,Unit 5: Rotational Motion,System of Particles and Rotational Motion,Angular momentum,internal redistribution,Conceptual/application MCQ,Medium,Application,D,False,
NEET27-PHY-0412,XI,Unit 5: Rotational Motion,System of Particles and Rotational Motion,Angular momentum,direction for circular motion,Conceptual/application MCQ,Easy,Application,D,False,
NEET27-PHY-0413,XI,Unit 5: Rotational Motion,System of Particles and Rotational Motion,Centre of mass,two-particle system,Multi-step numerical MCQ,Easy,Application,B,False,
NEET27-PHY-0414,XI,Unit 5: Rotational Motion,System of Particles and Rotational Motion,Moment of Inertia,Radius of gyration,Multi-step numerical MCQ,Medium,Application,B,False,
NEET27-PHY-0415,XI,Unit 5: Rotational Motion,System of Particles and Rotational Motion,Moment of Inertia,Numerical,Multi-step numerical MCQ,Medium,Application,D,False,
NEET27-PHY-0416,XI,Unit 5: Rotational Motion,System of Particles and Rotational Motion,Moment of Inertia,Numerical,Multi-step numerical MCQ,Difficult,Analysis,D,False,
NEET27-PHY-0417,XI,Unit 5: Rotational Motion,System of Particles and Rotational Motion,Moment of Inertia,Standard bodies,Direct MCQ,Easy,Recall,B,False,
NEET27-PHY-0418,XI,Unit 5: Rotational Motion,System of Particles and Rotational Motion,Moment of Inertia,Numerical,Multi-step numerical MCQ,Difficult,Analysis,C,False,
NEET27-PHY-0419,XI,Unit 5: Rotational Motion,System of Particles and Rotational Motion,Moment of Inertia,Concept,Conceptual/application MCQ,Difficult,Analysis,C,False,
NEET27-PHY-0420,XI,Unit 5: Rotational Motion,System of Particles and Rotational Motion,Moment of Inertia,Dependence,Direct MCQ,Easy,Recall,D,False,
NEET27-PHY-0421,XI,Unit 5: Rotational Motion,System of Particles and Rotational Motion,Moment of Inertia,Concept,Direct MCQ,Easy,Recall,C,False,
NEET27-PHY-0422,XI,Unit 5: Rotational Motion,System of Particles and Rotational Motion,Moment of Inertia,Radius of gyration,One-step numerical MCQ,Medium,Application,B,False,
NEET27-PHY-0423,XI,Unit 5: Rotational Motion,System of Particles and Rotational Motion,Moment of Inertia,Standard bodies,Direct MCQ,Medium,Application,A,False,
NEET27-PHY-0424,XI,Unit 5: Rotational Motion,System of Particles and Rotational Motion,Moment of Inertia,Theorems,Multi-step numerical MCQ,Medium,Application,C,False,
NEET27-PHY-0425,XI,Unit 5: Rotational Motion,System of Particles and Rotational Motion,Moment of Inertia,Theorems,Direct MCQ,Difficult,Analysis,B,False,
NEET27-PHY-0426,XI,Unit 5: Rotational Motion,System of Particles and Rotational Motion,Moment of Inertia,Radius of gyration,Multi-step numerical MCQ,Difficult,Analysis,B,False,
NEET27-PHY-0427,XI,Unit 5: Rotational Motion,System of Particles and Rotational Motion,Moment of Inertia,Theorems,Multi-step numerical MCQ,Difficult,Analysis,A,False,
NEET27-PHY-0428,XI,Unit 5: Rotational Motion,System of Particles and Rotational Motion,Moment of Inertia,Numerical,One-step numerical MCQ,Medium,Application,D,False,
NEET27-PHY-0429,XI,Unit 5: Rotational Motion,System of Particles and Rotational Motion,Moment of Inertia,Theorems,One-step numerical MCQ,Medium,Application,A,False,
NEET27-PHY-0430,XI,Unit 5: Rotational Motion,System of Particles and Rotational Motion,Moment of Inertia,Standard bodies,Direct MCQ,Easy,Recall,D,False,
NEET27-PHY-0431,XI,Unit 5: Rotational Motion,System of Particles and Rotational Motion,Moment of Inertia,Theorems,Multi-step numerical MCQ,Difficult,Analysis,A,False,
NEET27-PHY-0432,XI,Unit 5: Rotational Motion,System of Particles and Rotational Motion,Moment of Inertia,Comparison,Conceptual/application MCQ,Difficult,Analysis,A,False,
NEET27-PHY-0433,XI,Unit 5: Rotational Motion,System of Particles and Rotational Motion,Moment of Inertia,Standard bodies,Direct MCQ,Easy,Recall,B,False,
NEET27-PHY-0434,XI,Unit 5: Rotational Motion,System of Particles and Rotational Motion,Moment of Inertia,Theorems,Multi-step numerical MCQ,Medium,Application,A,False,
NEET27-PHY-0435,XI,Unit 5: Rotational Motion,System of Particles and Rotational Motion,Moment of Inertia,Theorems,Direct MCQ,Medium,Application,D,False,
NEET27-PHY-0436,XI,Unit 5: Rotational Motion,System of Particles and Rotational Motion,Moment of Inertia,Concept,Direct MCQ,Medium,Application,C,False,
NEET27-PHY-0437,XI,Unit 5: Rotational Motion,System of Particles and Rotational Motion,Moment of Inertia,Definition,Direct MCQ,Easy,Recall,A,False,
NEET27-PHY-0438,XI,Unit 5: Rotational Motion,System of Particles and Rotational Motion,Moment of Inertia,Radius of gyration,One-step numerical MCQ,Medium,Application,C,False,
NEET27-PHY-0439,XI,Unit 5: Rotational Motion,System of Particles and Rotational Motion,Moment of Inertia,Numerical,Multi-step numerical MCQ,Medium,Application,D,False,
NEET27-PHY-0440,XI,Unit 5: Rotational Motion,System of Particles and Rotational Motion,Moment of Inertia,Standard bodies,Direct MCQ,Easy,Recall,B,False,
NEET27-PHY-0441,XI,Unit 5: Rotational Motion,System of Particles and Rotational Motion,Moment of Inertia,Standard bodies,Direct MCQ,Easy,Recall,A,False,
NEET27-PHY-0442,XI,Unit 5: Rotational Motion,System of Particles and Rotational Motion,Moment of Inertia,Numerical,Multi-step numerical MCQ,Difficult,Analysis,D,False,
NEET27-PHY-0443,XI,Unit 5: Rotational Motion,System of Particles and Rotational Motion,Moment of Inertia,Theorems,One-step numerical MCQ,Medium,Application,B,False,
NEET27-PHY-0444,XI,Unit 5: Rotational Motion,System of Particles and Rotational Motion,Moment of Inertia,Comparison,Conceptual/application MCQ,Medium,Application,C,False,
NEET27-PHY-0445,XI,Unit 5: Rotational Motion,System of Particles and Rotational Motion,Moment of Inertia,Theorems,Multi-step numerical MCQ,Difficult,Analysis,D,False,
NEET27-PHY-0446,XI,Unit 5: Rotational Motion,System of Particles and Rotational Motion,Moment of inertia,radius of gyration,One-step numerical MCQ,Medium,Application,C,False,
NEET27-PHY-0447,XI,Unit 5: Rotational Motion,System of Particles and Rotational Motion,Moment of inertia,perpendicular-axis theorem,Direct MCQ,Easy,Recall,B,False,
NEET27-PHY-0448,XI,Unit 5: Rotational Motion,System of Particles and Rotational Motion,Moment of inertia,parallel-axis theorem,One-step numerical MCQ,Medium,Application,A,False,
NEET27-PHY-0449,XI,Unit 5: Rotational Motion,System of Particles and Rotational Motion,Moment of inertia,parallel-axis theorem,One-step numerical MCQ,Medium,Application,B,False,
NEET27-PHY-0450,XI,Unit 5: Rotational Motion,System of Particles and Rotational Motion,Rolling motion,energy partition,Conceptual/application MCQ,Medium,Application,C,False,
NEET27-PHY-0451,XI,Unit 5: Rotational Motion,System of Particles and Rotational Motion,Rolling motion,motion down an incline,Conceptual/application MCQ,Difficult,Analysis,D,False,
NEET27-PHY-0452,XI,Unit 5: Rotational Motion,System of Particles and Rotational Motion,Rolling motion,no-slip condition,Direct MCQ,Easy,Recall,B,False,
NEET27-PHY-0453,XI,Unit 5: Rotational Motion,System of Particles and Rotational Motion,Rotational Energy,Numerical,Multi-step numerical MCQ,Medium,Application,C,False,
NEET27-PHY-0454,XI,Unit 5: Rotational Motion,System of Particles and Rotational Motion,Rotational Energy,Numerical,Multi-step numerical MCQ,Difficult,Analysis,D,False,
NEET27-PHY-0455,XI,Unit 5: Rotational Motion,System of Particles and Rotational Motion,Rotational Energy,Application,Conceptual/application MCQ,Medium,Application,A,False,
NEET27-PHY-0456,XI,Unit 5: Rotational Motion,System of Particles and Rotational Motion,Rotational Energy,Comparison,Multi-step numerical MCQ,Difficult,Analysis,B,False,
NEET27-PHY-0457,XI,Unit 5: Rotational Motion,System of Particles and Rotational Motion,Rotational Energy,Power,One-step numerical MCQ,Medium,Application,C,False,
NEET27-PHY-0458,XI,Unit 5: Rotational Motion,System of Particles and Rotational Motion,Rotational Energy,Kinetic energy,One-step numerical MCQ,Easy,Application,A,False,
NEET27-PHY-0459,XI,Unit 5: Rotational Motion,System of Particles and Rotational Motion,Rotational Energy,Comparison,Conceptual/application MCQ,Difficult,Analysis,B,False,
NEET27-PHY-0460,XI,Unit 5: Rotational Motion,System of Particles and Rotational Motion,Rotational Energy,Work-energy,One-step numerical MCQ,Medium,Application,D,False,
NEET27-PHY-0461,XI,Unit 5: Rotational Motion,System of Particles and Rotational Motion,Rotational equilibrium,conditions for equilibrium,Statement-based MCQ,Medium,Analysis,C,False,
NEET27-PHY-0462,XI,Unit 5: Rotational Motion,System of Particles and Rotational Motion,Rotational kinetic energy,rigid-body rotation,One-step numerical MCQ,Medium,Application,D,False,
NEET27-PHY-0463,XI,Unit 5: Rotational Motion,System of Particles and Rotational Motion,Rotational kinetic energy,rigid-body rotation,One-step numerical MCQ,Medium,Application,C,False,
NEET27-PHY-0464,XI,Unit 5: Rotational Motion,System of Particles and Rotational Motion,Rotational motion,"centre of mass, torque and moment of inertia",Conceptual/application MCQ,Difficult,Analysis,B,False,
NEET27-PHY-0465,XI,Unit 5: Rotational Motion,System of Particles and Rotational Motion,Rotational motion,"centre of mass, torque and moment of inertia",Conceptual/application MCQ,Medium,Application,D,False,
NEET27-PHY-0466,XI,Unit 5: Rotational Motion,System of Particles and Rotational Motion,Rotational motion,"centre of mass, torque and moment of inertia",Conceptual/application MCQ,Easy,Application,A,False,
NEET27-PHY-0467,XI,Unit 5: Rotational Motion,System of Particles and Rotational Motion,Rotational motion,"centre of mass, torque and moment of inertia",Conceptual/application MCQ,Medium,Application,A,False,
NEET27-PHY-0468,XI,Unit 5: Rotational Motion,System of Particles and Rotational Motion,Rotational motion,"centre of mass, torque and moment of inertia",Conceptual/application MCQ,Easy,Application,A,False,
NEET27-PHY-0469,XI,Unit 5: Rotational Motion,System of Particles and Rotational Motion,Rotational motion,"centre of mass, torque and moment of inertia",Conceptual/application MCQ,Medium,Application,C,False,
NEET27-PHY-0470,XI,Unit 5: Rotational Motion,System of Particles and Rotational Motion,Rotational motion,"centre of mass, torque and moment of inertia",Conceptual/application MCQ,Medium,Application,D,False,
NEET27-PHY-0471,XI,Unit 5: Rotational Motion,System of Particles and Rotational Motion,Rotational motion,"centre of mass, torque and moment of inertia",Conceptual/application MCQ,Easy,Application,A,False,
NEET27-PHY-0472,XI,Unit 5: Rotational Motion,System of Particles and Rotational Motion,Rotational motion,"centre of mass, torque and moment of inertia",Conceptual/application MCQ,Easy,Application,A,False,
NEET27-PHY-0473,XI,Unit 5: Rotational Motion,System of Particles and Rotational Motion,Rotational motion,"centre of mass, torque and moment of inertia",Conceptual/application MCQ,Easy,Application,C,False,
NEET27-PHY-0474,XI,Unit 5: Rotational Motion,System of Particles and Rotational Motion,Rotational motion,"centre of mass, torque and moment of inertia",Conceptual/application MCQ,Easy,Application,A,False,
NEET27-PHY-0475,XI,Unit 5: Rotational Motion,System of Particles and Rotational Motion,Rotational motion,"centre of mass, torque and moment of inertia",Conceptual/application MCQ,Easy,Application,B,False,
NEET27-PHY-0476,XI,Unit 5: Rotational Motion,System of Particles and Rotational Motion,Rotational motion,"centre of mass, torque and moment of inertia",Conceptual/application MCQ,Medium,Application,B,False,
NEET27-PHY-0477,XI,Unit 5: Rotational Motion,System of Particles and Rotational Motion,Rotational motion,"centre of mass, torque and moment of inertia",Conceptual/application MCQ,Easy,Application,D,False,
NEET27-PHY-0478,XI,Unit 5: Rotational Motion,System of Particles and Rotational Motion,Rotational motion,"centre of mass, torque and moment of inertia",Conceptual/application MCQ,Easy,Application,D,False,
NEET27-PHY-0479,XI,Unit 5: Rotational Motion,System of Particles and Rotational Motion,Rotational motion,"centre of mass, torque and moment of inertia",Conceptual/application MCQ,Medium,Application,A,False,
NEET27-PHY-0480,XI,Unit 5: Rotational Motion,System of Particles and Rotational Motion,Rotational motion,"centre of mass, torque and moment of inertia",Conceptual/application MCQ,Easy,Application,D,False,
NEET27-PHY-0481,XI,Unit 5: Rotational Motion,System of Particles and Rotational Motion,Rotational motion,"centre of mass, torque and moment of inertia",Conceptual/application MCQ,Easy,Application,D,False,
NEET27-PHY-0482,XI,Unit 5: Rotational Motion,System of Particles and Rotational Motion,Rotational motion,"centre of mass, torque and moment of inertia",Conceptual/application MCQ,Easy,Application,A,False,
NEET27-PHY-0483,XI,Unit 5: Rotational Motion,System of Particles and Rotational Motion,Rotational motion,"centre of mass, torque and moment of inertia",Conceptual/application MCQ,Medium,Application,B,False,
NEET27-PHY-0484,XI,Unit 5: Rotational Motion,System of Particles and Rotational Motion,Rotational motion,"centre of mass, torque and moment of inertia",Conceptual/application MCQ,Easy,Application,B,False,
NEET27-PHY-0485,XI,Unit 5: Rotational Motion,System of Particles and Rotational Motion,Rotational motion,"centre of mass, torque and moment of inertia",Conceptual/application MCQ,Easy,Application,A,False,
NEET27-PHY-0486,XI,Unit 5: Rotational Motion,System of Particles and Rotational Motion,Rotational motion,"centre of mass, torque and moment of inertia",Conceptual/application MCQ,Medium,Application,D,False,
NEET27-PHY-0487,XI,Unit 5: Rotational Motion,System of Particles and Rotational Motion,Rotational motion,"centre of mass, torque and moment of inertia",Statement-based MCQ,Difficult,Analysis,B,False,
NEET27-PHY-0488,XI,Unit 5: Rotational Motion,System of Particles and Rotational Motion,Rotational motion,"centre of mass, torque and moment of inertia",Conceptual/application MCQ,Medium,Application,C,False,
NEET27-PHY-0489,XI,Unit 5: Rotational Motion,System of Particles and Rotational Motion,Rotational motion,"centre of mass, torque and moment of inertia",Conceptual/application MCQ,Medium,Application,D,False,
NEET27-PHY-0490,XI,Unit 5: Rotational Motion,System of Particles and Rotational Motion,Rotational power,torque and angular speed,One-step numerical MCQ,Easy,Application,C,False,
NEET27-PHY-0491,XI,Unit 5: Rotational Motion,System of Particles and Rotational Motion,Rotational work,work by constant torque,One-step numerical MCQ,Easy,Application,D,False,
NEET27-PHY-0492,XI,Unit 5: Rotational Motion,System of Particles and Rotational Motion,Torque,Equilibrium,Direct MCQ,Medium,Application,C,False,
NEET27-PHY-0493,XI,Unit 5: Rotational Motion,System of Particles and Rotational Motion,Torque,Direction,Conceptual/application MCQ,Medium,Application,C,False,
NEET27-PHY-0494,XI,Unit 5: Rotational Motion,System of Particles and Rotational Motion,Torque,vector direction,Conceptual/application MCQ,Medium,Application,D,False,
NEET27-PHY-0495,XI,Unit 5: Rotational Motion,System of Particles and Rotational Motion,Torque,Definition,Direct MCQ,Easy,Recall,D,False,
NEET27-PHY-0496,XI,Unit 5: Rotational Motion,System of Particles and Rotational Motion,Torque,Dimensions,Direct MCQ,Medium,Application,B,False,
NEET27-PHY-0497,XI,Unit 5: Rotational Motion,System of Particles and Rotational Motion,Torque,Numerical,One-step numerical MCQ,Easy,Application,D,False,
NEET27-PHY-0498,XI,Unit 5: Rotational Motion,System of Particles and Rotational Motion,Torque,Couple,Direct MCQ,Medium,Application,B,False,
NEET27-PHY-0499,XI,Unit 5: Rotational Motion,System of Particles and Rotational Motion,Torque,Numerical,One-step numerical MCQ,Medium,Application,D,False,
NEET27-PHY-0500,XI,Unit 5: Rotational Motion,System of Particles and Rotational Motion,Torque,moment of a force,One-step numerical MCQ,Easy,Application,D,False,
NEET27-PHY-0501,XI,Unit 5: Rotational Motion,System of Particles and Rotational Motion,Torque,moment of a force,One-step numerical MCQ,Easy,Application,D,False,
NEET27-PHY-0502,XI,Unit 5: Rotational Motion,System of Particles and Rotational Motion,Torque,Relation with angular acceleration,One-step numerical MCQ,Easy,Application,A,False,
NEET27-PHY-0503,XI,Unit 5: Rotational Motion,System of Particles and Rotational Motion,Torque,Numerical,One-step numerical MCQ,Easy,Application,D,False,
NEET27-PHY-0504,XI,Unit 5: Rotational Motion,System of Particles and Rotational Motion,Torque,Units,Direct MCQ,Easy,Recall,B,False,
NEET27-PHY-0505,XI,Unit 6: Gravitation,Gravitation,Acceleration due to Gravity,Vector nature of g,Direct MCQ,Easy,Recall,A,False,
NEET27-PHY-0506,XI,Unit 6: Gravitation,Gravitation,Acceleration due to Gravity,Relation between g and G,One-step numerical MCQ,Easy,Application,D,False,
NEET27-PHY-0507,XI,Unit 6: Gravitation,Gravitation,Acceleration due to Gravity,Mass of the Earth,One-step numerical MCQ,Medium,Application,B,False,
NEET27-PHY-0508,XI,Unit 6: Gravitation,Gravitation,Acceleration due to Gravity,Independence of the falling body,Direct MCQ,Easy,Recall,C,False,
NEET27-PHY-0509,XI,Unit 6: Gravitation,Gravitation,Acceleration due to Gravity,Units of gravitational field,Direct MCQ,Easy,Recall,C,False,
NEET27-PHY-0510,XI,Unit 6: Gravitation,Gravitation,Acceleration due to Gravity,Weight on another planet,One-step numerical MCQ,Difficult,Analysis,C,False,
NEET27-PHY-0511,XI,Unit 6: Gravitation,Gravitation,Acceleration due to Gravity,Dependence of g on density,Multi-step numerical MCQ,Medium,Application,D,False,
NEET27-PHY-0512,XI,Unit 6: Gravitation,Gravitation,Acceleration due to Gravity,Dependence of g on mass and radius,One-step numerical MCQ,Medium,Application,D,False,
NEET27-PHY-0513,XI,Unit 6: Gravitation,Gravitation,Acceleration due to Gravity,Small fractional changes in g,Multi-step numerical MCQ,Difficult,Analysis,D,False,
NEET27-PHY-0514,XI,Unit 6: Gravitation,Gravitation,Acceleration due to Gravity,Dependence of g on density and radius,Conceptual/application MCQ,Medium,Application,B,False,
NEET27-PHY-0515,XI,Unit 6: Gravitation,Gravitation,Acceleration due to Gravity,Mass and weight,Conceptual/application MCQ,Medium,Application,A,False,
NEET27-PHY-0516,XI,Unit 6: Gravitation,Gravitation,Acceleration due to Gravity,Effect of contraction on weight,One-step numerical MCQ,Difficult,Analysis,D,False,
NEET27-PHY-0517,XI,Unit 6: Gravitation,Gravitation,Acceleration due to Gravity,Determining g from free fall,Multi-step numerical MCQ,Difficult,Analysis,B,False,
NEET27-PHY-0518,XI,Unit 6: Gravitation,Gravitation,Acceleration due to Gravity,Interpreting g as field strength,Statement-based MCQ,Medium,Analysis,C,False,
NEET27-PHY-0519,XI,Unit 6: Gravitation,Gravitation,Acceleration due to Gravity,Planet with the same surface gravity,Multi-step numerical MCQ,Difficult,Analysis,B,False,
NEET27-PHY-0520,XI,Unit 6: Gravitation,Gravitation,Acceleration due to Gravity,Dependence of g on mass and radius,Conceptual/application MCQ,Medium,Application,A,False,
NEET27-PHY-0521,XI,Unit 6: Gravitation,Gravitation,Escape Velocity,Escape velocity in terms of density,One-step numerical MCQ,Medium,Application,C,False,
NEET27-PHY-0522,XI,Unit 6: Gravitation,Gravitation,Escape Velocity,Escape velocity in terms of g and R,One-step numerical MCQ,Medium,Application,C,False,
NEET27-PHY-0523,XI,Unit 6: Gravitation,Gravitation,Escape Velocity,Independence of the projected mass,Direct MCQ,Easy,Recall,C,False,
NEET27-PHY-0524,XI,Unit 6: Gravitation,Gravitation,Escape Velocity,Effect of contraction on escape velocity,One-step numerical MCQ,Difficult,Analysis,C,False,
NEET27-PHY-0525,XI,Unit 6: Gravitation,Gravitation,Escape Velocity,Expression for escape velocity,One-step numerical MCQ,Easy,Application,D,False,
NEET27-PHY-0526,XI,Unit 6: Gravitation,Gravitation,Escape Velocity,Projection with less than escape speed,Multi-step numerical MCQ,Difficult,Analysis,D,False,
NEET27-PHY-0527,XI,Unit 6: Gravitation,Gravitation,Escape Velocity,Comparing two planets,Multi-step numerical MCQ,Difficult,Analysis,B,False,
NEET27-PHY-0528,XI,Unit 6: Gravitation,Gravitation,Escape Velocity,Escape velocity in terms of g and R,One-step numerical MCQ,Medium,Application,C,False,
NEET27-PHY-0529,XI,Unit 6: Gravitation,Gravitation,Escape Velocity,Energy needed to escape,One-step numerical MCQ,Medium,Application,B,False,
NEET27-PHY-0530,XI,Unit 6: Gravitation,Gravitation,Escape Velocity,Escape from a point above the surface,Multi-step numerical MCQ,Difficult,Analysis,A,False,
NEET27-PHY-0531,XI,Unit 6: Gravitation,Gravitation,Escape Velocity,Dependence on mass and radius,Conceptual/application MCQ,Medium,Application,D,False,
NEET27-PHY-0532,XI,Unit 6: Gravitation,Gravitation,Escape Velocity,Escape velocity from the Earth,Direct MCQ,Easy,Recall,A,False,
NEET27-PHY-0533,XI,Unit 6: Gravitation,Gravitation,Escape Velocity,Escape velocity and gravitational potential energy,Statement-based MCQ,Medium,Analysis,A,False,
NEET27-PHY-0534,XI,Unit 6: Gravitation,Gravitation,Escape Velocity,Independence of the direction of projection,Conceptual/application MCQ,Easy,Application,A,False,
NEET27-PHY-0535,XI,Unit 6: Gravitation,Gravitation,Gravitational Field and Potential,Work done against gravity,Multi-step numerical MCQ,Difficult,Analysis,B,False,
NEET27-PHY-0536,XI,Unit 6: Gravitation,Gravitation,Gravitational Field and Potential,Potential energy of a system,Multi-step numerical MCQ,Difficult,Analysis,C,False,
NEET27-PHY-0537,XI,Unit 6: Gravitation,Gravitation,Gravitational Field and Potential,Reference level for potential,Direct MCQ,Easy,Recall,A,False,
NEET27-PHY-0538,XI,Unit 6: Gravitation,Gravitation,Gravitational Field and Potential,Gravitational potential,One-step numerical MCQ,Easy,Application,B,False,
NEET27-PHY-0539,XI,Unit 6: Gravitation,Gravitation,Gravitational Field and Potential,Potential at the centre of a solid sphere,One-step numerical MCQ,Difficult,Analysis,D,False,
NEET27-PHY-0540,XI,Unit 6: Gravitation,Gravitation,Gravitational Field and Potential,Gravitational potential energy,One-step numerical MCQ,Easy,Application,D,False,
NEET27-PHY-0541,XI,Unit 6: Gravitation,Gravitation,Gravitational Field and Potential,Relation between field and potential,One-step numerical MCQ,Medium,Application,C,False,
NEET27-PHY-0542,XI,Unit 6: Gravitation,Gravitation,Gravitational Field and Potential,Work done against gravity,One-step numerical MCQ,Medium,Application,B,False,
NEET27-PHY-0543,XI,Unit 6: Gravitation,Gravitation,Gravitational Field and Potential,Gravitational field intensity,Direct MCQ,Easy,Recall,D,False,
NEET27-PHY-0544,XI,Unit 6: Gravitation,Gravitation,Gravitational Field and Potential,Scalar nature of potential,Direct MCQ,Medium,Application,A,False,
NEET27-PHY-0545,XI,Unit 6: Gravitation,Gravitation,Gravitational Field and Potential,Field inside a shell,Direct MCQ,Medium,Application,B,False,
NEET27-PHY-0546,XI,Unit 6: Gravitation,Gravitation,Gravitational Field and Potential,Variation of potential with distance,Conceptual/application MCQ,Medium,Application,C,False,
NEET27-PHY-0547,XI,Unit 6: Gravitation,Gravitation,Kepler's Laws,Law of areas,Conceptual/application MCQ,Difficult,Analysis,B,False,
NEET27-PHY-0548,XI,Unit 6: Gravitation,Gravitation,Kepler's Laws,Law of periods,Direct MCQ,Easy,Recall,D,False,
NEET27-PHY-0549,XI,Unit 6: Gravitation,Gravitation,Kepler's Laws,Law of areas,Direct MCQ,Medium,Application,D,False,
NEET27-PHY-0550,XI,Unit 6: Gravitation,Gravitation,Kepler's Laws,Law of orbits,Direct MCQ,Easy,Recall,B,False,
NEET27-PHY-0551,XI,Unit 6: Gravitation,Gravitation,Kepler's Laws,Law of areas,Multi-step numerical MCQ,Difficult,Analysis,A,False,
NEET27-PHY-0552,XI,Unit 6: Gravitation,Gravitation,Kepler's Laws,Law of periods,Multi-step numerical MCQ,Difficult,Analysis,C,False,
NEET27-PHY-0553,XI,Unit 6: Gravitation,Gravitation,Kepler's Laws,Law of periods,One-step numerical MCQ,Medium,Application,B,False,
NEET27-PHY-0554,XI,Unit 6: Gravitation,Gravitation,Kepler's Laws,Law of periods,One-step numerical MCQ,Medium,Application,A,False,
NEET27-PHY-0555,XI,Unit 6: Gravitation,Gravitation,Newton's Law of Gravitation,Dimensions of G,Direct MCQ,Medium,Application,C,False,
NEET27-PHY-0556,XI,Unit 6: Gravitation,Gravitation,Newton's Law of Gravitation,Null point of the gravitational field,Multi-step numerical MCQ,Difficult,Analysis,C,False,
NEET27-PHY-0557,XI,Unit 6: Gravitation,Gravitation,Newton's Law of Gravitation,Maximising the gravitational force,Multi-step numerical MCQ,Medium,Application,D,False,
NEET27-PHY-0558,XI,Unit 6: Gravitation,Gravitation,Newton's Law of Gravitation,Universal gravitational constant,Direct MCQ,Easy,Recall,D,False,
NEET27-PHY-0559,XI,Unit 6: Gravitation,Gravitation,Newton's Law of Gravitation,Numerical application of the law,One-step numerical MCQ,Medium,Application,C,False,
NEET27-PHY-0560,XI,Unit 6: Gravitation,Gravitation,Newton's Law of Gravitation,Inverse square dependence,One-step numerical MCQ,Easy,Application,A,False,
NEET27-PHY-0561,XI,Unit 6: Gravitation,Gravitation,Newton's Law of Gravitation,Universal gravitational constant,Direct MCQ,Easy,Recall,B,False,
NEET27-PHY-0562,XI,Unit 6: Gravitation,Gravitation,Newton's Law of Gravitation,Characteristics of gravitational force,Statement-based MCQ,Easy,Analysis,B,False,
NEET27-PHY-0563,XI,Unit 6: Gravitation,Gravitation,Newton's Law of Gravitation,Gravitational force as centripetal force,Multi-step numerical MCQ,Difficult,Analysis,C,False,
NEET27-PHY-0564,XI,Unit 6: Gravitation,Gravitation,Newton's Law of Gravitation,Newton's third law and gravitation,Conceptual/application MCQ,Medium,Application,D,False,
NEET27-PHY-0565,XI,Unit 6: Gravitation,Gravitation,Newton's Law of Gravitation,Energy in a two body gravitational problem,Multi-step numerical MCQ,Difficult,Analysis,B,False,
NEET27-PHY-0566,XI,Unit 6: Gravitation,Gravitation,Newton's Law of Gravitation,Characteristics of gravitational force,Conceptual/application MCQ,Medium,Application,A,False,
NEET27-PHY-0567,XI,Unit 6: Gravitation,Gravitation,Newton's Law of Gravitation,Percentage change in gravitational force,Conceptual/application MCQ,Difficult,Analysis,A,False,
NEET27-PHY-0568,XI,Unit 6: Gravitation,Gravitation,Newton's Law of Gravitation,Force between spheres of equal density,Conceptual/application MCQ,Difficult,Analysis,A,False,
NEET27-PHY-0569,XI,Unit 6: Gravitation,Gravitation,Newton's Law of Gravitation,Superposition of gravitational forces,Conceptual/application MCQ,Medium,Application,B,False,
NEET27-PHY-0570,XI,Unit 6: Gravitation,Gravitation,Newton's Law of Gravitation,Statement of the law,Direct MCQ,Easy,Recall,A,False,
NEET27-PHY-0571,XI,Unit 6: Gravitation,Gravitation,Newton's Law of Gravitation,Scaling of the gravitational force,One-step numerical MCQ,Medium,Application,C,False,
NEET27-PHY-0572,XI,Unit 6: Gravitation,Gravitation,Satellites and Orbital Velocity,Orbital velocity,One-step numerical MCQ,Easy,Application,D,False,
NEET27-PHY-0573,XI,Unit 6: Gravitation,Gravitation,Satellites and Orbital Velocity,Geostationary satellite,Multi-step numerical MCQ,Difficult,Analysis,B,False,
NEET27-PHY-0574,XI,Unit 6: Gravitation,Gravitation,Satellites and Orbital Velocity,Energy condition for escape,Conceptual/application MCQ,Difficult,Analysis,A,False,
NEET27-PHY-0575,XI,Unit 6: Gravitation,Gravitation,Satellites and Orbital Velocity,Geostationary satellite,Direct MCQ,Easy,Recall,A,False,
NEET27-PHY-0576,XI,Unit 6: Gravitation,Gravitation,Satellites and Orbital Velocity,Escaping from an orbit,Multi-step numerical MCQ,Difficult,Analysis,C,False,
NEET27-PHY-0577,XI,Unit 6: Gravitation,Gravitation,Satellites and Orbital Velocity,Relation between escape and orbital speed,Direct MCQ,Easy,Recall,D,False,
NEET27-PHY-0578,XI,Unit 6: Gravitation,Gravitation,Satellites and Orbital Velocity,Energy relations for a satellite,Direct MCQ,Medium,Application,D,False,
NEET27-PHY-0579,XI,Unit 6: Gravitation,Gravitation,Satellites and Orbital Velocity,Period and orbital radius,Multi-step numerical MCQ,Difficult,Analysis,D,False,
NEET27-PHY-0580,XI,Unit 6: Gravitation,Gravitation,Satellites and Orbital Velocity,Binding energy of a satellite,One-step numerical MCQ,Medium,Application,C,False,
NEET27-PHY-0581,XI,Unit 6: Gravitation,Gravitation,Satellites and Orbital Velocity,Independence of satellite mass,Conceptual/application MCQ,Medium,Application,D,False,
NEET27-PHY-0582,XI,Unit 6: Gravitation,Gravitation,Satellites and Orbital Velocity,Variation of orbital speed with radius,Conceptual/application MCQ,Medium,Application,B,False,
NEET27-PHY-0583,XI,Unit 6: Gravitation,Gravitation,Satellites and Orbital Velocity,Period of a near Earth satellite,One-step numerical MCQ,Medium,Application,B,False,
NEET27-PHY-0584,XI,Unit 6: Gravitation,Gravitation,Satellites and Orbital Velocity,Period of a satellite,One-step numerical MCQ,Medium,Application,D,False,
NEET27-PHY-0585,XI,Unit 6: Gravitation,Gravitation,Satellites and Orbital Velocity,Orbital velocity near the surface,One-step numerical MCQ,Medium,Application,B,False,
NEET27-PHY-0586,XI,Unit 6: Gravitation,Gravitation,Satellites and Orbital Velocity,Energy of a satellite,Multi-step numerical MCQ,Difficult,Analysis,A,False,
NEET27-PHY-0587,XI,Unit 6: Gravitation,Gravitation,Variation of g,Variation with altitude,One-step numerical MCQ,Medium,Application,A,False,
NEET27-PHY-0588,XI,Unit 6: Gravitation,Gravitation,Variation of g,Depth compared with altitude,Conceptual/application MCQ,Medium,Application,D,False,
NEET27-PHY-0589,XI,Unit 6: Gravitation,Gravitation,Variation of g,Variation with altitude,One-step numerical MCQ,Easy,Application,D,False,
NEET27-PHY-0590,XI,Unit 6: Gravitation,Gravitation,Variation of g,Variation with altitude,One-step numerical MCQ,Easy,Application,B,False,
NEET27-PHY-0591,XI,Unit 6: Gravitation,Gravitation,Variation of g,Value of g at the centre,Direct MCQ,Easy,Recall,B,False,
NEET27-PHY-0592,XI,Unit 6: Gravitation,Gravitation,Variation of g,Depth compared with altitude,Multi-step numerical MCQ,Difficult,Analysis,C,False,
NEET27-PHY-0593,XI,Unit 6: Gravitation,Gravitation,Variation of g,Graph of g against distance,Graph/data interpretation MCQ,Medium,Analysis,B,False,
NEET27-PHY-0594,XI,Unit 6: Gravitation,Gravitation,Variation of g,Variation with depth,One-step numerical MCQ,Easy,Application,D,False,
NEET27-PHY-0595,XI,Unit 7: Properties of Solids and Liquids,"Mechanical Properties of Solids, Mechanical Properties of Fluids and Thermal Properties of Matter",Angle of Contact and Capillarity,Pressure below a curved meniscus,Multi-step numerical MCQ,Difficult,Analysis,B,False,
NEET27-PHY-0596,XI,Unit 7: Properties of Solids and Liquids,"Mechanical Properties of Solids, Mechanical Properties of Fluids and Thermal Properties of Matter",Angle of Contact and Capillarity,Capillarity in free fall,Conceptual/application MCQ,Difficult,Analysis,C,False,
NEET27-PHY-0597,XI,Unit 7: Properties of Solids and Liquids,"Mechanical Properties of Solids, Mechanical Properties of Fluids and Thermal Properties of Matter",Angle of Contact and Capillarity,Capillary rise,Conceptual/application MCQ,Medium,Application,A,False,
NEET27-PHY-0598,XI,Unit 7: Properties of Solids and Liquids,"Mechanical Properties of Solids, Mechanical Properties of Fluids and Thermal Properties of Matter",Angle of Contact and Capillarity,Capillary rise,Conceptual/application MCQ,Medium,Application,C,False,
NEET27-PHY-0599,XI,Unit 7: Properties of Solids and Liquids,"Mechanical Properties of Solids, Mechanical Properties of Fluids and Thermal Properties of Matter",Angle of Contact and Capillarity,Effect of tube radius,Conceptual/application MCQ,Medium,Application,C,False,
NEET27-PHY-0600,XI,Unit 7: Properties of Solids and Liquids,"Mechanical Properties of Solids, Mechanical Properties of Fluids and Thermal Properties of Matter",Angle of Contact and Capillarity,Factors affecting rise,Conceptual/application MCQ,Difficult,Analysis,C,False,
NEET27-PHY-0601,XI,Unit 7: Properties of Solids and Liquids,"Mechanical Properties of Solids, Mechanical Properties of Fluids and Thermal Properties of Matter",Angle of Contact and Capillarity,Effect of tube radius,Direct MCQ,Easy,Recall,C,False,
NEET27-PHY-0602,XI,Unit 7: Properties of Solids and Liquids,"Mechanical Properties of Solids, Mechanical Properties of Fluids and Thermal Properties of Matter",Angle of Contact and Capillarity,Inclined capillary tube,Conceptual/application MCQ,Difficult,Analysis,D,False,
NEET27-PHY-0603,XI,Unit 7: Properties of Solids and Liquids,"Mechanical Properties of Solids, Mechanical Properties of Fluids and Thermal Properties of Matter",Angle of Contact and Capillarity,Angle of contact,Direct MCQ,Easy,Recall,A,False,
NEET27-PHY-0604,XI,Unit 7: Properties of Solids and Liquids,"Mechanical Properties of Solids, Mechanical Properties of Fluids and Thermal Properties of Matter",Angle of Contact and Capillarity,Shape of meniscus,Direct MCQ,Easy,Recall,C,False,
NEET27-PHY-0605,XI,Unit 7: Properties of Solids and Liquids,"Mechanical Properties of Solids, Mechanical Properties of Fluids and Thermal Properties of Matter",Angle of Contact and Capillarity,Capillary tube shorter than the rise,Multi-step numerical MCQ,Difficult,Analysis,D,False,
NEET27-PHY-0606,XI,Unit 7: Properties of Solids and Liquids,"Mechanical Properties of Solids, Mechanical Properties of Fluids and Thermal Properties of Matter",Angle of Contact and Capillarity,Angle of contact,Direct MCQ,Medium,Application,D,False,
NEET27-PHY-0607,XI,Unit 7: Properties of Solids and Liquids,"Mechanical Properties of Solids, Mechanical Properties of Fluids and Thermal Properties of Matter",Bernoulli's Principle,Pressure and speed,Direct MCQ,Easy,Recall,C,False,
NEET27-PHY-0608,XI,Unit 7: Properties of Solids and Liquids,"Mechanical Properties of Solids, Mechanical Properties of Fluids and Thermal Properties of Matter",Bernoulli's Principle,Applications,Conceptual/application MCQ,Medium,Application,C,False,
NEET27-PHY-0609,XI,Unit 7: Properties of Solids and Liquids,"Mechanical Properties of Solids, Mechanical Properties of Fluids and Thermal Properties of Matter",Bernoulli's Principle,Range of a liquid jet,Conceptual/application MCQ,Difficult,Analysis,D,False,
NEET27-PHY-0610,XI,Unit 7: Properties of Solids and Liquids,"Mechanical Properties of Solids, Mechanical Properties of Fluids and Thermal Properties of Matter",Conduction,Rods in series,Multi-step numerical MCQ,Difficult,Analysis,A,False,
NEET27-PHY-0611,XI,Unit 7: Properties of Solids and Liquids,"Mechanical Properties of Solids, Mechanical Properties of Fluids and Thermal Properties of Matter",Conduction,Coefficient of thermal conductivity,Direct MCQ,Easy,Recall,A,False,
NEET27-PHY-0612,XI,Unit 7: Properties of Solids and Liquids,"Mechanical Properties of Solids, Mechanical Properties of Fluids and Thermal Properties of Matter",Conduction,Combined series and parallel,Multi-step numerical MCQ,Difficult,Analysis,D,False,
NEET27-PHY-0613,XI,Unit 7: Properties of Solids and Liquids,"Mechanical Properties of Solids, Mechanical Properties of Fluids and Thermal Properties of Matter",Conduction,Thermal resistance in series,Multi-step numerical MCQ,Difficult,Analysis,C,False,
NEET27-PHY-0614,XI,Unit 7: Properties of Solids and Liquids,"Mechanical Properties of Solids, Mechanical Properties of Fluids and Thermal Properties of Matter",Conduction,Rods in series,Multi-step numerical MCQ,Difficult,Analysis,B,False,
NEET27-PHY-0615,XI,Unit 7: Properties of Solids and Liquids,"Mechanical Properties of Solids, Mechanical Properties of Fluids and Thermal Properties of Matter",Conduction,Mechanism of conduction,Direct MCQ,Medium,Application,C,False,
NEET27-PHY-0616,XI,Unit 7: Properties of Solids and Liquids,"Mechanical Properties of Solids, Mechanical Properties of Fluids and Thermal Properties of Matter",Conduction,Series and parallel,Conceptual/application MCQ,Difficult,Analysis,C,False,
NEET27-PHY-0617,XI,Unit 7: Properties of Solids and Liquids,"Mechanical Properties of Solids, Mechanical Properties of Fluids and Thermal Properties of Matter",Conduction,Growth of ice on a lake,Multi-step numerical MCQ,Difficult,Analysis,C,False,
NEET27-PHY-0618,XI,Unit 7: Properties of Solids and Liquids,"Mechanical Properties of Solids, Mechanical Properties of Fluids and Thermal Properties of Matter",Conduction,Rods in series,Direct MCQ,Medium,Application,D,False,
NEET27-PHY-0619,XI,Unit 7: Properties of Solids and Liquids,"Mechanical Properties of Solids, Mechanical Properties of Fluids and Thermal Properties of Matter",Conduction,Rate of heat flow,One-step numerical MCQ,Medium,Application,B,False,
NEET27-PHY-0620,XI,Unit 7: Properties of Solids and Liquids,"Mechanical Properties of Solids, Mechanical Properties of Fluids and Thermal Properties of Matter",Conduction,Thermal resistance,Direct MCQ,Medium,Application,A,False,
NEET27-PHY-0621,XI,Unit 7: Properties of Solids and Liquids,"Mechanical Properties of Solids, Mechanical Properties of Fluids and Thermal Properties of Matter",Convection and Radiation,Nature of thermal radiation,Direct MCQ,Easy,Recall,D,False,
NEET27-PHY-0622,XI,Unit 7: Properties of Solids and Liquids,"Mechanical Properties of Solids, Mechanical Properties of Fluids and Thermal Properties of Matter",Convection and Radiation,Vacuum flask,Conceptual/application MCQ,Difficult,Analysis,A,False,
NEET27-PHY-0623,XI,Unit 7: Properties of Solids and Liquids,"Mechanical Properties of Solids, Mechanical Properties of Fluids and Thermal Properties of Matter",Convection and Radiation,Limits of convection,Conceptual/application MCQ,Medium,Application,D,False,
NEET27-PHY-0624,XI,Unit 7: Properties of Solids and Liquids,"Mechanical Properties of Solids, Mechanical Properties of Fluids and Thermal Properties of Matter",Convection and Radiation,Thermal radiation,Direct MCQ,Medium,Application,B,False,
NEET27-PHY-0625,XI,Unit 7: Properties of Solids and Liquids,"Mechanical Properties of Solids, Mechanical Properties of Fluids and Thermal Properties of Matter",Convection and Radiation,Natural convection,Conceptual/application MCQ,Medium,Application,C,False,
NEET27-PHY-0626,XI,Unit 7: Properties of Solids and Liquids,"Mechanical Properties of Solids, Mechanical Properties of Fluids and Thermal Properties of Matter",Convection and Radiation,Convection in liquids,Conceptual/application MCQ,Medium,Application,B,False,
NEET27-PHY-0627,XI,Unit 7: Properties of Solids and Liquids,"Mechanical Properties of Solids, Mechanical Properties of Fluids and Thermal Properties of Matter",Elastic energy,energy density,One-step numerical MCQ,Difficult,Analysis,B,False,
NEET27-PHY-0628,XI,Unit 7: Properties of Solids and Liquids,"Mechanical Properties of Solids, Mechanical Properties of Fluids and Thermal Properties of Matter",Elasticity,strain,Direct MCQ,Easy,Recall,C,False,
NEET27-PHY-0629,XI,Unit 7: Properties of Solids and Liquids,"Mechanical Properties of Solids, Mechanical Properties of Fluids and Thermal Properties of Matter",Elasticity,modulus of rigidity,Direct MCQ,Easy,Recall,B,False,
NEET27-PHY-0630,XI,Unit 7: Properties of Solids and Liquids,"Mechanical Properties of Solids, Mechanical Properties of Fluids and Thermal Properties of Matter",Elasticity,shear deformation,Conceptual/application MCQ,Medium,Application,D,False,
NEET27-PHY-0631,XI,Unit 7: Properties of Solids and Liquids,"Mechanical Properties of Solids, Mechanical Properties of Fluids and Thermal Properties of Matter",Elasticity,stress,Direct MCQ,Easy,Recall,B,False,
NEET27-PHY-0632,XI,Unit 7: Properties of Solids and Liquids,"Mechanical Properties of Solids, Mechanical Properties of Fluids and Thermal Properties of Matter",Elasticity,bulk modulus,Direct MCQ,Easy,Recall,C,False,
NEET27-PHY-0633,XI,Unit 7: Properties of Solids and Liquids,"Mechanical Properties of Solids, Mechanical Properties of Fluids and Thermal Properties of Matter",Elasticity,Young's modulus comparison,Conceptual/application MCQ,Easy,Application,B,False,
NEET27-PHY-0634,XI,Unit 7: Properties of Solids and Liquids,"Mechanical Properties of Solids, Mechanical Properties of Fluids and Thermal Properties of Matter",Elasticity,Poisson response,Conceptual/application MCQ,Medium,Application,B,False,
NEET27-PHY-0635,XI,Unit 7: Properties of Solids and Liquids,"Mechanical Properties of Solids, Mechanical Properties of Fluids and Thermal Properties of Matter",Elasticity,compressibility,Conceptual/application MCQ,Easy,Application,A,False,
NEET27-PHY-0636,XI,Unit 7: Properties of Solids and Liquids,"Mechanical Properties of Solids, Mechanical Properties of Fluids and Thermal Properties of Matter",Elasticity,wire scaling,Multi-step numerical MCQ,Difficult,Analysis,B,False,
NEET27-PHY-0637,XI,Unit 7: Properties of Solids and Liquids,"Mechanical Properties of Solids, Mechanical Properties of Fluids and Thermal Properties of Matter",Elasticity,Young's modulus,One-step numerical MCQ,Medium,Application,D,False,
NEET27-PHY-0638,XI,Unit 7: Properties of Solids and Liquids,"Mechanical Properties of Solids, Mechanical Properties of Fluids and Thermal Properties of Matter",Hooke's law,spring combination,One-step numerical MCQ,Medium,Application,A,False,
NEET27-PHY-0639,XI,Unit 7: Properties of Solids and Liquids,"Mechanical Properties of Solids, Mechanical Properties of Fluids and Thermal Properties of Matter",Hooke's law,elastic limit,Conceptual/application MCQ,Easy,Application,B,False,
NEET27-PHY-0640,XI,Unit 7: Properties of Solids and Liquids,"Mechanical Properties of Solids, Mechanical Properties of Fluids and Thermal Properties of Matter",Latent Heat and Change of State,Q = m L,One-step numerical MCQ,Easy,Application,A,False,
NEET27-PHY-0641,XI,Unit 7: Properties of Solids and Liquids,"Mechanical Properties of Solids, Mechanical Properties of Fluids and Thermal Properties of Matter",Latent Heat and Change of State,Effect of pressure on melting point,Direct MCQ,Medium,Application,A,False,
NEET27-PHY-0642,XI,Unit 7: Properties of Solids and Liquids,"Mechanical Properties of Solids, Mechanical Properties of Fluids and Thermal Properties of Matter",Latent Heat and Change of State,Latent heat of vaporisation,Conceptual/application MCQ,Easy,Application,D,False,
NEET27-PHY-0643,XI,Unit 7: Properties of Solids and Liquids,"Mechanical Properties of Solids, Mechanical Properties of Fluids and Thermal Properties of Matter",Latent Heat and Change of State,Constant temperature during melting,Direct MCQ,Easy,Recall,C,False,
NEET27-PHY-0644,XI,Unit 7: Properties of Solids and Liquids,"Mechanical Properties of Solids, Mechanical Properties of Fluids and Thermal Properties of Matter",Latent Heat and Change of State,Q = m L,One-step numerical MCQ,Medium,Application,B,False,
NEET27-PHY-0645,XI,Unit 7: Properties of Solids and Liquids,"Mechanical Properties of Solids, Mechanical Properties of Fluids and Thermal Properties of Matter",Latent Heat and Change of State,Latent heat of fusion,Direct MCQ,Easy,Recall,C,False,
NEET27-PHY-0646,XI,Unit 7: Properties of Solids and Liquids,"Mechanical Properties of Solids, Mechanical Properties of Fluids and Thermal Properties of Matter",Pressure in Fluids,Pressure due to a liquid column,Direct MCQ,Easy,Recall,B,False,
NEET27-PHY-0647,XI,Unit 7: Properties of Solids and Liquids,"Mechanical Properties of Solids, Mechanical Properties of Fluids and Thermal Properties of Matter",Pressure in Fluids,Pressure due to a liquid column,One-step numerical MCQ,Easy,Application,A,False,
NEET27-PHY-0648,XI,Unit 7: Properties of Solids and Liquids,"Mechanical Properties of Solids, Mechanical Properties of Fluids and Thermal Properties of Matter",Pressure in Fluids,Pressure due to a liquid column,Conceptual/application MCQ,Medium,Application,A,False,
NEET27-PHY-0649,XI,Unit 7: Properties of Solids and Liquids,"Mechanical Properties of Solids, Mechanical Properties of Fluids and Thermal Properties of Matter",Pressure in Fluids,Pressure balance in a U tube,Multi-step numerical MCQ,Difficult,Analysis,C,False,
NEET27-PHY-0650,XI,Unit 7: Properties of Solids and Liquids,"Mechanical Properties of Solids, Mechanical Properties of Fluids and Thermal Properties of Matter",Pressure in Fluids,Atmospheric pressure,One-step numerical MCQ,Medium,Application,B,False,
NEET27-PHY-0651,XI,Unit 7: Properties of Solids and Liquids,"Mechanical Properties of Solids, Mechanical Properties of Fluids and Thermal Properties of Matter",Pressure in Fluids,Hydraulic lift,Conceptual/application MCQ,Medium,Application,D,False,
NEET27-PHY-0652,XI,Unit 7: Properties of Solids and Liquids,"Mechanical Properties of Solids, Mechanical Properties of Fluids and Thermal Properties of Matter",Pressure in Fluids,Gauge and absolute pressure,Direct MCQ,Easy,Recall,D,False,
NEET27-PHY-0653,XI,Unit 7: Properties of Solids and Liquids,"Mechanical Properties of Solids, Mechanical Properties of Fluids and Thermal Properties of Matter",Pressure in Fluids,Force due to liquid pressure,One-step numerical MCQ,Medium,Application,A,False,
NEET27-PHY-0654,XI,Unit 7: Properties of Solids and Liquids,"Mechanical Properties of Solids, Mechanical Properties of Fluids and Thermal Properties of Matter",Specific Heat Capacity,Comparing specific heats,Conceptual/application MCQ,Medium,Application,A,False,
NEET27-PHY-0655,XI,Unit 7: Properties of Solids and Liquids,"Mechanical Properties of Solids, Mechanical Properties of Fluids and Thermal Properties of Matter",Specific Heat Capacity,Heat capacity,Direct MCQ,Easy,Recall,C,False,
NEET27-PHY-0656,XI,Unit 7: Properties of Solids and Liquids,"Mechanical Properties of Solids, Mechanical Properties of Fluids and Thermal Properties of Matter",Specific Heat Capacity,Specific heat of water,Conceptual/application MCQ,Easy,Application,D,False,
NEET27-PHY-0657,XI,Unit 7: Properties of Solids and Liquids,"Mechanical Properties of Solids, Mechanical Properties of Fluids and Thermal Properties of Matter",Specific Heat Capacity,Continuous flow heating,Conceptual/application MCQ,Difficult,Analysis,C,False,
NEET27-PHY-0658,XI,Unit 7: Properties of Solids and Liquids,"Mechanical Properties of Solids, Mechanical Properties of Fluids and Thermal Properties of Matter",Specific Heat Capacity,Molar specific heat,One-step numerical MCQ,Medium,Application,B,False,
NEET27-PHY-0659,XI,Unit 7: Properties of Solids and Liquids,"Mechanical Properties of Solids, Mechanical Properties of Fluids and Thermal Properties of Matter",Specific Heat Capacity,Principle of calorimetry,Direct MCQ,Easy,Recall,C,False,
NEET27-PHY-0660,XI,Unit 7: Properties of Solids and Liquids,"Mechanical Properties of Solids, Mechanical Properties of Fluids and Thermal Properties of Matter",Specific Heat Capacity,Specific heat and heat capacity,Conceptual/application MCQ,Medium,Application,C,False,
NEET27-PHY-0661,XI,Unit 7: Properties of Solids and Liquids,"Mechanical Properties of Solids, Mechanical Properties of Fluids and Thermal Properties of Matter",Specific Heat Capacity,Q = m c delta T,One-step numerical MCQ,Medium,Application,A,False,
NEET27-PHY-0662,XI,Unit 7: Properties of Solids and Liquids,"Mechanical Properties of Solids, Mechanical Properties of Fluids and Thermal Properties of Matter",Specific Heat Capacity,Definition and unit,Direct MCQ,Easy,Recall,D,False,
NEET27-PHY-0663,XI,Unit 7: Properties of Solids and Liquids,"Mechanical Properties of Solids, Mechanical Properties of Fluids and Thermal Properties of Matter",Stokes Law and Terminal Velocity,Force balance at terminal velocity,Multi-step numerical MCQ,Difficult,Analysis,A,False,
NEET27-PHY-0664,XI,Unit 7: Properties of Solids and Liquids,"Mechanical Properties of Solids, Mechanical Properties of Fluids and Thermal Properties of Matter",Stokes Law and Terminal Velocity,Application to small droplets,Conceptual/application MCQ,Difficult,Analysis,A,False,
NEET27-PHY-0665,XI,Unit 7: Properties of Solids and Liquids,"Mechanical Properties of Solids, Mechanical Properties of Fluids and Thermal Properties of Matter",Stokes Law and Terminal Velocity,Direction of terminal motion,Conceptual/application MCQ,Medium,Application,B,False,
NEET27-PHY-0666,XI,Unit 7: Properties of Solids and Liquids,"Mechanical Properties of Solids, Mechanical Properties of Fluids and Thermal Properties of Matter",Stokes Law and Terminal Velocity,Dependence on radius,Direct MCQ,Easy,Recall,D,False,
NEET27-PHY-0667,XI,Unit 7: Properties of Solids and Liquids,"Mechanical Properties of Solids, Mechanical Properties of Fluids and Thermal Properties of Matter",Stokes Law and Terminal Velocity,Stokes law,One-step numerical MCQ,Medium,Application,D,False,
NEET27-PHY-0668,XI,Unit 7: Properties of Solids and Liquids,"Mechanical Properties of Solids, Mechanical Properties of Fluids and Thermal Properties of Matter",Stokes Law and Terminal Velocity,Terminal velocity,Direct MCQ,Easy,Recall,C,False,
NEET27-PHY-0669,XI,Unit 7: Properties of Solids and Liquids,"Mechanical Properties of Solids, Mechanical Properties of Fluids and Thermal Properties of Matter",Streamline Flow and Equation of Continuity,Equation of continuity,Multi-step numerical MCQ,Difficult,Analysis,C,False,
NEET27-PHY-0670,XI,Unit 7: Properties of Solids and Liquids,"Mechanical Properties of Solids, Mechanical Properties of Fluids and Thermal Properties of Matter",Streamline Flow and Equation of Continuity,Equation of continuity,Conceptual/application MCQ,Medium,Application,D,False,
NEET27-PHY-0671,XI,Unit 7: Properties of Solids and Liquids,"Mechanical Properties of Solids, Mechanical Properties of Fluids and Thermal Properties of Matter",Streamline Flow and Equation of Continuity,Equation of continuity,Multi-step numerical MCQ,Difficult,Analysis,D,False,
NEET27-PHY-0672,XI,Unit 7: Properties of Solids and Liquids,"Mechanical Properties of Solids, Mechanical Properties of Fluids and Thermal Properties of Matter",Streamline Flow and Equation of Continuity,Streamline flow,Direct MCQ,Easy,Recall,B,False,
NEET27-PHY-0673,XI,Unit 7: Properties of Solids and Liquids,"Mechanical Properties of Solids, Mechanical Properties of Fluids and Thermal Properties of Matter",Streamline Flow and Equation of Continuity,Nature of flow,Direct MCQ,Medium,Application,C,False,
NEET27-PHY-0674,XI,Unit 7: Properties of Solids and Liquids,"Mechanical Properties of Solids, Mechanical Properties of Fluids and Thermal Properties of Matter",Streamline Flow and Equation of Continuity,Equation of continuity,One-step numerical MCQ,Medium,Application,B,False,
NEET27-PHY-0675,XI,Unit 7: Properties of Solids and Liquids,"Mechanical Properties of Solids, Mechanical Properties of Fluids and Thermal Properties of Matter",Streamline Flow and Equation of Continuity,Reynolds number,Direct MCQ,Easy,Recall,B,False,
NEET27-PHY-0676,XI,Unit 7: Properties of Solids and Liquids,"Mechanical Properties of Solids, Mechanical Properties of Fluids and Thermal Properties of Matter",Stress–strain curve,ultimate strength,Graph/data interpretation MCQ,Medium,Analysis,B,False,
NEET27-PHY-0677,XI,Unit 7: Properties of Solids and Liquids,"Mechanical Properties of Solids, Mechanical Properties of Fluids and Thermal Properties of Matter",Stress–strain curve,yield point,Graph/data interpretation MCQ,Medium,Analysis,B,False,
NEET27-PHY-0678,XI,Unit 7: Properties of Solids and Liquids,"Mechanical Properties of Solids, Mechanical Properties of Fluids and Thermal Properties of Matter",Stress–strain curve,brittle and ductile materials,Conceptual/application MCQ,Medium,Application,A,False,
NEET27-PHY-0679,XI,Unit 7: Properties of Solids and Liquids,"Mechanical Properties of Solids, Mechanical Properties of Fluids and Thermal Properties of Matter",Surface Tension,Coalescence of drops,Multi-step numerical MCQ,Medium,Application,A,False,
NEET27-PHY-0680,XI,Unit 7: Properties of Solids and Liquids,"Mechanical Properties of Solids, Mechanical Properties of Fluids and Thermal Properties of Matter",Surface Tension,Force due to surface tension,One-step numerical MCQ,Medium,Application,C,False,
NEET27-PHY-0681,XI,Unit 7: Properties of Solids and Liquids,"Mechanical Properties of Solids, Mechanical Properties of Fluids and Thermal Properties of Matter",Surface Tension,Definition and units,Direct MCQ,Easy,Recall,A,False,
NEET27-PHY-0682,XI,Unit 7: Properties of Solids and Liquids,"Mechanical Properties of Solids, Mechanical Properties of Fluids and Thermal Properties of Matter",Surface Tension,Splitting of a drop,Multi-step numerical MCQ,Difficult,Analysis,B,False,
NEET27-PHY-0683,XI,Unit 7: Properties of Solids and Liquids,"Mechanical Properties of Solids, Mechanical Properties of Fluids and Thermal Properties of Matter",Surface Tension,Excess pressure,Conceptual/application MCQ,Medium,Application,A,False,
NEET27-PHY-0684,XI,Unit 7: Properties of Solids and Liquids,"Mechanical Properties of Solids, Mechanical Properties of Fluids and Thermal Properties of Matter",Surface Tension,Coalescence of bubbles,Multi-step numerical MCQ,Difficult,Analysis,C,False,
NEET27-PHY-0685,XI,Unit 7: Properties of Solids and Liquids,"Mechanical Properties of Solids, Mechanical Properties of Fluids and Thermal Properties of Matter",Surface Tension,Excess pressure,Conceptual/application MCQ,Medium,Application,A,False,
NEET27-PHY-0686,XI,Unit 7: Properties of Solids and Liquids,"Mechanical Properties of Solids, Mechanical Properties of Fluids and Thermal Properties of Matter",Surface Tension,Splitting of a drop,Multi-step numerical MCQ,Difficult,Analysis,D,False,
NEET27-PHY-0687,XI,Unit 7: Properties of Solids and Liquids,"Mechanical Properties of Solids, Mechanical Properties of Fluids and Thermal Properties of Matter",Surface Tension,Splitting of a drop,Multi-step numerical MCQ,Difficult,Analysis,D,False,
NEET27-PHY-0688,XI,Unit 7: Properties of Solids and Liquids,"Mechanical Properties of Solids, Mechanical Properties of Fluids and Thermal Properties of Matter",Surface Tension,Surface energy,Conceptual/application MCQ,Medium,Application,A,False,
NEET27-PHY-0689,XI,Unit 7: Properties of Solids and Liquids,"Mechanical Properties of Solids, Mechanical Properties of Fluids and Thermal Properties of Matter",Surface Tension,Excess pressure,Conceptual/application MCQ,Difficult,Analysis,C,False,
NEET27-PHY-0690,XI,Unit 7: Properties of Solids and Liquids,"Mechanical Properties of Solids, Mechanical Properties of Fluids and Thermal Properties of Matter",Surface Tension,Surface energy,Direct MCQ,Easy,Recall,B,False,
NEET27-PHY-0691,XI,Unit 7: Properties of Solids and Liquids,"Mechanical Properties of Solids, Mechanical Properties of Fluids and Thermal Properties of Matter",Surface Tension,Splitting of a drop,One-step numerical MCQ,Difficult,Analysis,A,False,
NEET27-PHY-0692,XI,Unit 7: Properties of Solids and Liquids,"Mechanical Properties of Solids, Mechanical Properties of Fluids and Thermal Properties of Matter",Surface Tension,Molecular theory,Direct MCQ,Easy,Recall,D,False,
NEET27-PHY-0693,XI,Unit 7: Properties of Solids and Liquids,"Mechanical Properties of Solids, Mechanical Properties of Fluids and Thermal Properties of Matter",Surface Tension,Factors affecting surface tension,Direct MCQ,Medium,Application,B,False,
NEET27-PHY-0694,XI,Unit 7: Properties of Solids and Liquids,"Mechanical Properties of Solids, Mechanical Properties of Fluids and Thermal Properties of Matter",Temperature and Scales,Triple point of water,Direct MCQ,Easy,Recall,C,False,
NEET27-PHY-0695,XI,Unit 7: Properties of Solids and Liquids,"Mechanical Properties of Solids, Mechanical Properties of Fluids and Thermal Properties of Matter",Temperature and Scales,Celsius and Fahrenheit scales,One-step numerical MCQ,Easy,Application,C,False,
NEET27-PHY-0696,XI,Unit 7: Properties of Solids and Liquids,"Mechanical Properties of Solids, Mechanical Properties of Fluids and Thermal Properties of Matter",Temperature and Scales,Absolute zero,Direct MCQ,Easy,Recall,D,False,
NEET27-PHY-0697,XI,Unit 7: Properties of Solids and Liquids,"Mechanical Properties of Solids, Mechanical Properties of Fluids and Thermal Properties of Matter",Temperature and Scales,Comparing scale divisions,Conceptual/application MCQ,Medium,Application,B,False,
NEET27-PHY-0698,XI,Unit 7: Properties of Solids and Liquids,"Mechanical Properties of Solids, Mechanical Properties of Fluids and Thermal Properties of Matter",Temperature and Scales,Celsius and Fahrenheit scales,One-step numerical MCQ,Medium,Application,A,False,
NEET27-PHY-0699,XI,Unit 7: Properties of Solids and Liquids,"Mechanical Properties of Solids, Mechanical Properties of Fluids and Thermal Properties of Matter",Temperature and Scales,Thermal equilibrium,Direct MCQ,Easy,Recall,B,False,
NEET27-PHY-0700,XI,Unit 7: Properties of Solids and Liquids,"Mechanical Properties of Solids, Mechanical Properties of Fluids and Thermal Properties of Matter",Temperature and Scales,Kelvin scale,One-step numerical MCQ,Easy,Application,B,False,
NEET27-PHY-0701,XI,Unit 7: Properties of Solids and Liquids,"Mechanical Properties of Solids, Mechanical Properties of Fluids and Thermal Properties of Matter",Thermal Expansion,Expansion of liquids,Multi-step numerical MCQ,Difficult,Analysis,A,False,
NEET27-PHY-0702,XI,Unit 7: Properties of Solids and Liquids,"Mechanical Properties of Solids, Mechanical Properties of Fluids and Thermal Properties of Matter",Thermal Expansion,Effect of heating on physical quantities,Conceptual/application MCQ,Medium,Application,B,False,
NEET27-PHY-0703,XI,Unit 7: Properties of Solids and Liquids,"Mechanical Properties of Solids, Mechanical Properties of Fluids and Thermal Properties of Matter",Thermal Expansion,Bimetallic strip,Conceptual/application MCQ,Easy,Application,C,False,
NEET27-PHY-0704,XI,Unit 7: Properties of Solids and Liquids,"Mechanical Properties of Solids, Mechanical Properties of Fluids and Thermal Properties of Matter",Thermal Expansion,Expansion of measuring instruments,Multi-step numerical MCQ,Difficult,Analysis,A,False,
NEET27-PHY-0705,XI,Unit 7: Properties of Solids and Liquids,"Mechanical Properties of Solids, Mechanical Properties of Fluids and Thermal Properties of Matter",Thermal Expansion,Expansion of liquids,Direct MCQ,Medium,Application,B,False,
NEET27-PHY-0706,XI,Unit 7: Properties of Solids and Liquids,"Mechanical Properties of Solids, Mechanical Properties of Fluids and Thermal Properties of Matter",Thermal Expansion,Cubical expansion,Conceptual/application MCQ,Difficult,Analysis,C,False,
NEET27-PHY-0707,XI,Unit 7: Properties of Solids and Liquids,"Mechanical Properties of Solids, Mechanical Properties of Fluids and Thermal Properties of Matter",Thermal Expansion,Expansion of liquids,One-step numerical MCQ,Medium,Application,C,False,
NEET27-PHY-0708,XI,Unit 7: Properties of Solids and Liquids,"Mechanical Properties of Solids, Mechanical Properties of Fluids and Thermal Properties of Matter",Thermal Expansion,Anomalous expansion of water,Conceptual/application MCQ,Medium,Application,D,False,
NEET27-PHY-0709,XI,Unit 7: Properties of Solids and Liquids,"Mechanical Properties of Solids, Mechanical Properties of Fluids and Thermal Properties of Matter",Thermal Expansion,Density and temperature,One-step numerical MCQ,Difficult,Analysis,A,False,
NEET27-PHY-0710,XI,Unit 7: Properties of Solids and Liquids,"Mechanical Properties of Solids, Mechanical Properties of Fluids and Thermal Properties of Matter",Thermal Expansion,Expansion of a cavity,One-step numerical MCQ,Medium,Application,A,False,
NEET27-PHY-0711,XI,Unit 7: Properties of Solids and Liquids,"Mechanical Properties of Solids, Mechanical Properties of Fluids and Thermal Properties of Matter",Thermal Expansion,Coefficient of linear expansion,Direct MCQ,Easy,Recall,D,False,
NEET27-PHY-0712,XI,Unit 7: Properties of Solids and Liquids,"Mechanical Properties of Solids, Mechanical Properties of Fluids and Thermal Properties of Matter",Thermal Expansion,Difference of lengths kept constant,Multi-step numerical MCQ,Difficult,Analysis,B,False,
NEET27-PHY-0713,XI,Unit 7: Properties of Solids and Liquids,"Mechanical Properties of Solids, Mechanical Properties of Fluids and Thermal Properties of Matter",Thermal Expansion,Linear expansion,One-step numerical MCQ,Easy,Application,D,False,
NEET27-PHY-0714,XI,Unit 7: Properties of Solids and Liquids,"Mechanical Properties of Solids, Mechanical Properties of Fluids and Thermal Properties of Matter",Thermal Expansion,Expansion of a cavity,Conceptual/application MCQ,Easy,Application,A,False,
NEET27-PHY-0715,XI,Unit 7: Properties of Solids and Liquids,"Mechanical Properties of Solids, Mechanical Properties of Fluids and Thermal Properties of Matter",Thermal Expansion,Areal expansion,One-step numerical MCQ,Medium,Application,D,False,
NEET27-PHY-0716,XI,Unit 7: Properties of Solids and Liquids,"Mechanical Properties of Solids, Mechanical Properties of Fluids and Thermal Properties of Matter",Viscosity,Units of viscosity,Direct MCQ,Medium,Application,A,False,
NEET27-PHY-0717,XI,Unit 7: Properties of Solids and Liquids,"Mechanical Properties of Solids, Mechanical Properties of Fluids and Thermal Properties of Matter",Viscosity,Velocity profile in a pipe,Graph/data interpretation MCQ,Difficult,Analysis,B,False,
NEET27-PHY-0718,XI,Unit 7: Properties of Solids and Liquids,"Mechanical Properties of Solids, Mechanical Properties of Fluids and Thermal Properties of Matter",Viscosity,Newton's law of viscous force,Direct MCQ,Easy,Recall,D,False,
NEET27-PHY-0719,XI,Unit 7: Properties of Solids and Liquids,"Mechanical Properties of Solids, Mechanical Properties of Fluids and Thermal Properties of Matter",Viscosity,Coefficient of viscosity,Direct MCQ,Easy,Recall,B,False,
NEET27-PHY-0720,XI,Unit 7: Properties of Solids and Liquids,"Mechanical Properties of Solids, Mechanical Properties of Fluids and Thermal Properties of Matter",Viscosity,Effect of temperature,Conceptual/application MCQ,Medium,Application,C,False,
NEET27-PHY-0721,XI,Unit 8: Thermodynamics,Thermodynamics,First Law of Thermodynamics,Comparing heat needed in two processes,Conceptual/application MCQ,Medium,Application,D,False,
NEET27-PHY-0722,XI,Unit 8: Thermodynamics,Thermodynamics,First Law of Thermodynamics,Process with given P against V relation,Multi-step numerical MCQ,Difficult,Analysis,A,False,
NEET27-PHY-0723,XI,Unit 8: Thermodynamics,Thermodynamics,First Law of Thermodynamics,Statement of the first law,Direct MCQ,Easy,Recall,C,False,
NEET27-PHY-0724,XI,Unit 8: Thermodynamics,Thermodynamics,First Law of Thermodynamics,Careful sign handling,One-step numerical MCQ,Difficult,Analysis,D,False,
NEET27-PHY-0725,XI,Unit 8: Thermodynamics,Thermodynamics,First Law of Thermodynamics,Physical content of the first law,Direct MCQ,Easy,Recall,D,False,
NEET27-PHY-0726,XI,Unit 8: Thermodynamics,Thermodynamics,First Law of Thermodynamics,Isothermal compression,Conceptual/application MCQ,Medium,Application,D,False,
NEET27-PHY-0727,XI,Unit 8: Thermodynamics,Thermodynamics,First Law of Thermodynamics,Fraction converted to work,One-step numerical MCQ,Difficult,Analysis,C,False,
NEET27-PHY-0728,XI,Unit 8: Thermodynamics,Thermodynamics,First Law of Thermodynamics,Direct use of the first law,One-step numerical MCQ,Medium,Application,C,False,
NEET27-PHY-0729,XI,Unit 8: Thermodynamics,Thermodynamics,First Law of Thermodynamics,First law for an adiabatic process,Conceptual/application MCQ,Medium,Application,B,False,
NEET27-PHY-0730,XI,Unit 8: Thermodynamics,Thermodynamics,First Law of Thermodynamics,Two stage process,Multi-step numerical MCQ,Difficult,Analysis,D,False,
NEET27-PHY-0731,XI,Unit 8: Thermodynamics,Thermodynamics,First Law of Thermodynamics,Melting under the first law,Conceptual/application MCQ,Difficult,Analysis,D,False,
NEET27-PHY-0732,XI,Unit 8: Thermodynamics,Thermodynamics,First Law of Thermodynamics,Isochoric heating,One-step numerical MCQ,Medium,Application,B,False,
NEET27-PHY-0733,XI,Unit 8: Thermodynamics,Thermodynamics,First Law of Thermodynamics,First law for an isochoric process,One-step numerical MCQ,Easy,Application,C,False,
NEET27-PHY-0734,XI,Unit 8: Thermodynamics,Thermodynamics,First Law of Thermodynamics,Everyday application,Conceptual/application MCQ,Medium,Application,B,False,
NEET27-PHY-0735,XI,Unit 8: Thermodynamics,Thermodynamics,First Law of Thermodynamics,State and path quantities in the first law,Conceptual/application MCQ,Easy,Application,B,False,
NEET27-PHY-0736,XI,Unit 8: Thermodynamics,Thermodynamics,First Law of Thermodynamics,Limitation of the first law,Conceptual/application MCQ,Medium,Application,B,False,
NEET27-PHY-0737,XI,Unit 8: Thermodynamics,Thermodynamics,First Law of Thermodynamics,First law across processes,Conceptual/application MCQ,Medium,Application,B,False,
NEET27-PHY-0738,XI,Unit 8: Thermodynamics,Thermodynamics,First Law of Thermodynamics,First law over a cycle,Conceptual/application MCQ,Difficult,Analysis,C,False,
NEET27-PHY-0739,XI,Unit 8: Thermodynamics,Thermodynamics,First Law of Thermodynamics,Isobaric heating of a monatomic gas,Multi-step numerical MCQ,Difficult,Analysis,B,False,
NEET27-PHY-0740,XI,Unit 8: Thermodynamics,Thermodynamics,First Law of Thermodynamics,First law for an isothermal process,One-step numerical MCQ,Easy,Application,B,False,
NEET27-PHY-0741,XI,Unit 8: Thermodynamics,Thermodynamics,First Law of Thermodynamics,Mixed process chain,Multi-step numerical MCQ,Difficult,Analysis,C,False,
NEET27-PHY-0742,XI,Unit 8: Thermodynamics,Thermodynamics,First Law of Thermodynamics,Finding the heat supplied,One-step numerical MCQ,Medium,Application,C,False,
NEET27-PHY-0743,XI,Unit 8: Thermodynamics,Thermodynamics,First law of thermodynamics,change in internal energy,One-step numerical MCQ,Easy,Application,A,False,
NEET27-PHY-0744,XI,Unit 8: Thermodynamics,Thermodynamics,First law of thermodynamics,change in internal energy,One-step numerical MCQ,Medium,Application,D,False,
NEET27-PHY-0745,XI,Unit 8: Thermodynamics,Thermodynamics,First law of thermodynamics,change in internal energy,One-step numerical MCQ,Easy,Application,D,False,
NEET27-PHY-0746,XI,Unit 8: Thermodynamics,Thermodynamics,Heat Work and Internal Energy,Internal energy of a monatomic gas,One-step numerical MCQ,Medium,Application,B,False,
NEET27-PHY-0747,XI,Unit 8: Thermodynamics,Thermodynamics,Heat Work and Internal Energy,Internal energy as a state function,Direct MCQ,Easy,Recall,D,False,
NEET27-PHY-0748,XI,Unit 8: Thermodynamics,Thermodynamics,Heat Work and Internal Energy,Work in a two step process,Multi-step numerical MCQ,Difficult,Analysis,A,False,
NEET27-PHY-0749,XI,Unit 8: Thermodynamics,Thermodynamics,Heat Work and Internal Energy,Applying the sign convention,One-step numerical MCQ,Medium,Application,A,False,
NEET27-PHY-0750,XI,Unit 8: Thermodynamics,Thermodynamics,Heat Work and Internal Energy,Sign convention for work,Direct MCQ,Easy,Recall,C,False,
NEET27-PHY-0751,XI,Unit 8: Thermodynamics,Thermodynamics,Heat Work and Internal Energy,Work at constant pressure,One-step numerical MCQ,Medium,Application,B,False,
NEET27-PHY-0752,XI,Unit 8: Thermodynamics,Thermodynamics,Heat Work and Internal Energy,Free expansion,Conceptual/application MCQ,Medium,Application,B,False,
NEET27-PHY-0753,XI,Unit 8: Thermodynamics,Thermodynamics,Heat Work and Internal Energy,Internal energy of an ideal gas,Direct MCQ,Easy,Recall,D,False,
NEET27-PHY-0754,XI,Unit 8: Thermodynamics,Thermodynamics,Heat Work and Internal Energy,Heat on a straight line path,Multi-step numerical MCQ,Difficult,Analysis,C,False,
NEET27-PHY-0755,XI,Unit 8: Thermodynamics,Thermodynamics,Heat Work and Internal Energy,Energy sharing at constant pressure,Conceptual/application MCQ,Difficult,Analysis,C,False,
NEET27-PHY-0756,XI,Unit 8: Thermodynamics,Thermodynamics,Heat Work and Internal Energy,Expression for elementary work,One-step numerical MCQ,Easy,Application,B,False,
NEET27-PHY-0757,XI,Unit 8: Thermodynamics,Thermodynamics,Heat Work and Internal Energy,Sign conventions,Conceptual/application MCQ,Medium,Application,C,False,
NEET27-PHY-0758,XI,Unit 8: Thermodynamics,Thermodynamics,Heat Work and Internal Energy,Two paths between the same states,One-step numerical MCQ,Medium,Application,A,False,
NEET27-PHY-0759,XI,Unit 8: Thermodynamics,Thermodynamics,Heat Work and Internal Energy,State and path functions,Conceptual/application MCQ,Medium,Application,D,False,
NEET27-PHY-0760,XI,Unit 8: Thermodynamics,Thermodynamics,Heat Work and Internal Energy,Internal energy change by two routes,Conceptual/application MCQ,Difficult,Analysis,B,False,
NEET27-PHY-0761,XI,Unit 8: Thermodynamics,Thermodynamics,Heat Work and Internal Energy,Heat as energy in transit,Direct MCQ,Easy,Recall,D,False,
NEET27-PHY-0762,XI,Unit 8: Thermodynamics,Thermodynamics,PV Diagrams and Cyclic Processes,Area under the curve,Graph/data interpretation MCQ,Easy,Analysis,D,False,
NEET27-PHY-0763,XI,Unit 8: Thermodynamics,Thermodynamics,PV Diagrams and Cyclic Processes,Two routes between the same states,Multi-step numerical MCQ,Difficult,Analysis,D,False,
NEET27-PHY-0764,XI,Unit 8: Thermodynamics,Thermodynamics,PV Diagrams and Cyclic Processes,Reading stages from a diagram,Graph/data interpretation MCQ,Medium,Analysis,B,False,
NEET27-PHY-0765,XI,Unit 8: Thermodynamics,Thermodynamics,PV Diagrams and Cyclic Processes,Heat in a constant volume stage,One-step numerical MCQ,Difficult,Analysis,A,False,
NEET27-PHY-0766,XI,Unit 8: Thermodynamics,Thermodynamics,PV Diagrams and Cyclic Processes,Sense of traversal,Direct MCQ,Easy,Recall,A,False,
NEET27-PHY-0767,XI,Unit 8: Thermodynamics,Thermodynamics,PV Diagrams and Cyclic Processes,Enclosed area,Graph/data interpretation MCQ,Easy,Analysis,C,False,
NEET27-PHY-0768,XI,Unit 8: Thermodynamics,Thermodynamics,PV Diagrams and Cyclic Processes,Comparing two paths,Conceptual/application MCQ,Medium,Application,A,False,
NEET27-PHY-0769,XI,Unit 8: Thermodynamics,Thermodynamics,PV Diagrams and Cyclic Processes,Rectangular cycle,One-step numerical MCQ,Medium,Application,D,False,
NEET27-PHY-0770,XI,Unit 8: Thermodynamics,Thermodynamics,PV Diagrams and Cyclic Processes,Total heat absorbed in a cycle,Multi-step numerical MCQ,Difficult,Analysis,D,False,
NEET27-PHY-0771,XI,Unit 8: Thermodynamics,Thermodynamics,PV Diagrams and Cyclic Processes,Internal energy over a cycle,Direct MCQ,Easy,Recall,A,False,
NEET27-PHY-0772,XI,Unit 8: Thermodynamics,Thermodynamics,PV Diagrams and Cyclic Processes,Work along a sloping path,One-step numerical MCQ,Medium,Application,D,False,
NEET27-PHY-0773,XI,Unit 8: Thermodynamics,Thermodynamics,PV Diagrams and Cyclic Processes,Heat balance over a cycle,One-step numerical MCQ,Medium,Application,D,False,
NEET27-PHY-0774,XI,Unit 8: Thermodynamics,Thermodynamics,PV Diagrams and Cyclic Processes,What must vanish over a cycle,Conceptual/application MCQ,Difficult,Analysis,B,False,
NEET27-PHY-0775,XI,Unit 8: Thermodynamics,Thermodynamics,Second law of thermodynamics,heat-engine limitation,Conceptual/application MCQ,Medium,Application,D,False,
NEET27-PHY-0776,XI,Unit 8: Thermodynamics,Thermodynamics,Thermal Equilibrium and Zeroth Law,Transitivity of equilibrium,Conceptual/application MCQ,Medium,Application,B,False,
NEET27-PHY-0777,XI,Unit 8: Thermodynamics,Thermodynamics,Thermal Equilibrium and Zeroth Law,Statement of the zeroth law,Direct MCQ,Easy,Recall,B,False,
NEET27-PHY-0778,XI,Unit 8: Thermodynamics,Thermodynamics,Thermal Equilibrium and Zeroth Law,Direction of heat flow,Conceptual/application MCQ,Easy,Application,B,False,
NEET27-PHY-0779,XI,Unit 8: Thermodynamics,Thermodynamics,Thermal Equilibrium and Zeroth Law,Internal energy against temperature,Conceptual/application MCQ,Medium,Application,C,False,
NEET27-PHY-0780,XI,Unit 8: Thermodynamics,Thermodynamics,Thermal Equilibrium and Zeroth Law,Diathermic and adiabatic walls,Conceptual/application MCQ,Medium,Application,C,False,
NEET27-PHY-0781,XI,Unit 8: Thermodynamics,Thermodynamics,Thermal Equilibrium and Zeroth Law,Equilibrium between unlike gases,Conceptual/application MCQ,Difficult,Analysis,A,False,
NEET27-PHY-0782,XI,Unit 8: Thermodynamics,Thermodynamics,Thermal Equilibrium and Zeroth Law,Meaning of thermal equilibrium,Direct MCQ,Easy,Recall,D,False,
NEET27-PHY-0783,XI,Unit 8: Thermodynamics,Thermodynamics,Thermal Equilibrium and Zeroth Law,Working of a thermometer,Conceptual/application MCQ,Easy,Application,B,False,
NEET27-PHY-0784,XI,Unit 8: Thermodynamics,Thermodynamics,Thermal Equilibrium and Zeroth Law,Concept of temperature,Direct MCQ,Easy,Recall,A,False,
NEET27-PHY-0785,XI,Unit 8: Thermodynamics,Thermodynamics,Thermal Equilibrium and Zeroth Law,Equilibrium at equal temperature,Conceptual/application MCQ,Medium,Application,B,False,
NEET27-PHY-0786,XI,Unit 8: Thermodynamics,Thermodynamics,Thermodynamic Processes,Adiabatic compression of a diatomic gas,One-step numerical MCQ,Difficult,Analysis,D,False,
NEET27-PHY-0787,XI,Unit 8: Thermodynamics,Thermodynamics,Thermodynamic Processes,Work in an isobaric change,One-step numerical MCQ,Easy,Application,D,False,
NEET27-PHY-0788,XI,Unit 8: Thermodynamics,Thermodynamics,Thermodynamic Processes,Adiabatic relation between P and V,One-step numerical MCQ,Easy,Application,C,False,
NEET27-PHY-0789,XI,Unit 8: Thermodynamics,Thermodynamics,Thermodynamic Processes,Adiabatic compression of a monatomic gas,One-step numerical MCQ,Medium,Application,D,False,
NEET27-PHY-0790,XI,Unit 8: Thermodynamics,Thermodynamics,Thermodynamic Processes,Isothermal relation between P and V,Graph/data interpretation MCQ,Easy,Analysis,C,False,
NEET27-PHY-0791,XI,Unit 8: Thermodynamics,Thermodynamics,Thermodynamic Processes,Adiabatic work with a general gamma,Multi-step numerical MCQ,Difficult,Analysis,A,False,
NEET27-PHY-0792,XI,Unit 8: Thermodynamics,Thermodynamics,Thermodynamic Processes,Conditions for an isothermal change,Direct MCQ,Easy,Recall,A,False,
NEET27-PHY-0793,XI,Unit 8: Thermodynamics,Thermodynamics,Thermodynamic Processes,Adiabatic relation between P and T,One-step numerical MCQ,Medium,Application,A,False,
NEET27-PHY-0794,XI,Unit 8: Thermodynamics,Thermodynamics,Thermodynamic Processes,Heat capacity in an isothermal change,Direct MCQ,Difficult,Analysis,D,False,
NEET27-PHY-0795,XI,Unit 8: Thermodynamics,Thermodynamics,Thermodynamic Processes,Adiabatic relation between T and V,One-step numerical MCQ,Medium,Application,D,False,
NEET27-PHY-0796,XI,Unit 8: Thermodynamics,Thermodynamics,Thermodynamic Processes,Work in an adiabatic expansion,One-step numerical MCQ,Medium,Application,D,False,
NEET27-PHY-0797,XI,Unit 8: Thermodynamics,Thermodynamics,Thermodynamic Processes,Practical realisation of processes,Conceptual/application MCQ,Medium,Application,B,False,
NEET27-PHY-0798,XI,Unit 8: Thermodynamics,Thermodynamics,Thermodynamic Processes,Slopes of the two curves,Conceptual/application MCQ,Medium,Application,B,False,
NEET27-PHY-0799,XI,Unit 8: Thermodynamics,Thermodynamics,Thermodynamic Processes,Ratio of slopes,Conceptual/application MCQ,Difficult,Analysis,A,False,
NEET27-PHY-0800,XI,Unit 8: Thermodynamics,Thermodynamics,Thermodynamic Processes,Isothermal against adiabatic expansion,Conceptual/application MCQ,Difficult,Analysis,C,False,
NEET27-PHY-0801,XI,Unit 8: Thermodynamics,Thermodynamics,Thermodynamic Processes,Molar heat capacity in special processes,Direct MCQ,Medium,Application,C,False,
NEET27-PHY-0802,XI,Unit 8: Thermodynamics,Thermodynamics,Thermodynamic Processes,Work in an isothermal expansion,One-step numerical MCQ,Medium,Application,A,False,
NEET27-PHY-0803,XI,Unit 8: Thermodynamics,Thermodynamics,Thermodynamic Processes,Definition of an adiabatic change,Direct MCQ,Easy,Recall,A,False,
NEET27-PHY-0804,XI,Unit 8: Thermodynamics,Thermodynamics,Thermodynamic Processes,Work during isobaric heating,One-step numerical MCQ,Medium,Application,C,False,
NEET27-PHY-0805,XI,Unit 8: Thermodynamics,Thermodynamics,Thermodynamic Processes,Adiabatic compression followed by cooling,Multi-step numerical MCQ,Difficult,Analysis,A,False,
NEET27-PHY-0806,XI,Unit 8: Thermodynamics,Thermodynamics,Thermodynamic Processes,Work in an isochoric change,One-step numerical MCQ,Easy,Application,C,False,
NEET27-PHY-0807,XI,Unit 8: Thermodynamics,Thermodynamics,Thermodynamic Processes,Adiabatic work from P and V values,One-step numerical MCQ,Difficult,Analysis,B,False,
NEET27-PHY-0808,XI,Unit 8: Thermodynamics,Thermodynamics,Thermodynamic Processes,Everyday adiabatic expansion,Conceptual/application MCQ,Medium,Application,D,False,
NEET27-PHY-0809,XI,Unit 8: Thermodynamics,Thermodynamics,Thermodynamic Processes,Pressure change in an adiabatic expansion,Multi-step numerical MCQ,Difficult,Analysis,A,False,
NEET27-PHY-0810,XI,Unit 8: Thermodynamics,Thermodynamics,Thermodynamic Processes,Adiabatic work for a diatomic gas,One-step numerical MCQ,Difficult,Analysis,C,False,
NEET27-PHY-0811,XI,Unit 8: Thermodynamics,Thermodynamics,Thermodynamic processes,isobaric work,One-step numerical MCQ,Medium,Application,D,False,
NEET27-PHY-0812,XI,Unit 8: Thermodynamics,Thermodynamics,Thermodynamic processes,isothermal ideal-gas process,Conceptual/application MCQ,Medium,Application,C,False,
NEET27-PHY-0813,XI,Unit 8: Thermodynamics,Thermodynamics,Thermodynamic processes,adiabatic ideal-gas process,Direct MCQ,Medium,Application,C,False,
NEET27-PHY-0814,XI,Unit 8: Thermodynamics,Thermodynamics,Thermodynamic processes,isobaric work,One-step numerical MCQ,Medium,Application,A,False,
NEET27-PHY-0815,XI,Unit 8: Thermodynamics,Thermodynamics,Thermodynamics,laws and thermodynamic processes,Conceptual/application MCQ,Difficult,Analysis,B,False,
NEET27-PHY-0816,XI,Unit 8: Thermodynamics,Thermodynamics,Thermodynamics,laws and thermodynamic processes,Conceptual/application MCQ,Medium,Application,A,False,
NEET27-PHY-0817,XI,Unit 8: Thermodynamics,Thermodynamics,Thermodynamics,laws and thermodynamic processes,Conceptual/application MCQ,Medium,Application,A,False,
NEET27-PHY-0818,XI,Unit 8: Thermodynamics,Thermodynamics,Thermodynamics,laws and thermodynamic processes,Statement-based MCQ,Difficult,Analysis,B,False,
NEET27-PHY-0819,XI,Unit 8: Thermodynamics,Thermodynamics,Thermodynamics,laws and thermodynamic processes,Conceptual/application MCQ,Easy,Application,B,False,
NEET27-PHY-0820,XI,Unit 8: Thermodynamics,Thermodynamics,Thermodynamics,laws and thermodynamic processes,Conceptual/application MCQ,Medium,Application,B,False,
NEET27-PHY-0821,XI,Unit 8: Thermodynamics,Thermodynamics,Thermodynamics,laws and thermodynamic processes,Conceptual/application MCQ,Medium,Application,A,False,
NEET27-PHY-0822,XI,Unit 8: Thermodynamics,Thermodynamics,Thermodynamics,laws and thermodynamic processes,Conceptual/application MCQ,Easy,Application,D,False,
NEET27-PHY-0823,XI,Unit 8: Thermodynamics,Thermodynamics,Thermodynamics,laws and thermodynamic processes,Conceptual/application MCQ,Easy,Application,B,False,
NEET27-PHY-0824,XI,Unit 8: Thermodynamics,Thermodynamics,Thermodynamics,laws and thermodynamic processes,Conceptual/application MCQ,Easy,Application,C,False,
NEET27-PHY-0825,XI,Unit 8: Thermodynamics,Thermodynamics,Thermodynamics,laws and thermodynamic processes,Conceptual/application MCQ,Difficult,Analysis,C,False,
NEET27-PHY-0826,XI,Unit 8: Thermodynamics,Thermodynamics,Thermodynamics,laws and thermodynamic processes,Conceptual/application MCQ,Medium,Application,A,False,
NEET27-PHY-0827,XI,Unit 8: Thermodynamics,Thermodynamics,Thermodynamics,laws and thermodynamic processes,Conceptual/application MCQ,Easy,Application,B,False,
NEET27-PHY-0828,XI,Unit 8: Thermodynamics,Thermodynamics,Thermodynamics,laws and thermodynamic processes,Conceptual/application MCQ,Easy,Application,A,False,
NEET27-PHY-0829,XI,Unit 9: Kinetic Theory of Gases,Kinetic Theory,Assumptions of Kinetic Theory,Postulates of kinetic theory,Direct MCQ,Easy,Recall,B,False,
NEET27-PHY-0830,XI,Unit 9: Kinetic Theory of Gases,Kinetic Theory,Assumptions of Kinetic Theory,Postulates of kinetic theory,Conceptual/application MCQ,Difficult,Analysis,D,False,
NEET27-PHY-0831,XI,Unit 9: Kinetic Theory of Gases,Kinetic Theory,Assumptions of Kinetic Theory,Random molecular motion,Conceptual/application MCQ,Difficult,Analysis,B,False,
NEET27-PHY-0832,XI,Unit 9: Kinetic Theory of Gases,Kinetic Theory,Assumptions of Kinetic Theory,Postulates and pressure derivation,Conceptual/application MCQ,Difficult,Analysis,B,False,
NEET27-PHY-0833,XI,Unit 9: Kinetic Theory of Gases,Kinetic Theory,Assumptions of Kinetic Theory,Ideal gas behaviour,Direct MCQ,Medium,Application,C,False,
NEET27-PHY-0834,XI,Unit 9: Kinetic Theory of Gases,Kinetic Theory,Assumptions of Kinetic Theory,Postulates of kinetic theory,Direct MCQ,Easy,Recall,A,False,
NEET27-PHY-0835,XI,Unit 9: Kinetic Theory of Gases,Kinetic Theory,Assumptions of Kinetic Theory,Deviation of real gases,Direct MCQ,Medium,Application,B,False,
NEET27-PHY-0836,XI,Unit 9: Kinetic Theory of Gases,Kinetic Theory,Degrees of Freedom and Equipartition,Identifying a gas from C_v,Multi-step numerical MCQ,Difficult,Analysis,B,False,
NEET27-PHY-0837,XI,Unit 9: Kinetic Theory of Gases,Kinetic Theory,Degrees of Freedom and Equipartition,Degrees of freedom from gamma,Multi-step numerical MCQ,Medium,Application,B,False,
NEET27-PHY-0838,XI,Unit 9: Kinetic Theory of Gases,Kinetic Theory,Degrees of Freedom and Equipartition,Sharing of supplied heat,Multi-step numerical MCQ,Difficult,Analysis,C,False,
NEET27-PHY-0839,XI,Unit 9: Kinetic Theory of Gases,Kinetic Theory,Degrees of Freedom and Equipartition,Mayer relation,One-step numerical MCQ,Easy,Application,D,False,
NEET27-PHY-0840,XI,Unit 9: Kinetic Theory of Gases,Kinetic Theory,Degrees of Freedom and Equipartition,Law of equipartition,Direct MCQ,Easy,Recall,D,False,
NEET27-PHY-0841,XI,Unit 9: Kinetic Theory of Gases,Kinetic Theory,Degrees of Freedom and Equipartition,Molar specific heats,One-step numerical MCQ,Medium,Application,A,False,
NEET27-PHY-0842,XI,Unit 9: Kinetic Theory of Gases,Kinetic Theory,Degrees of Freedom and Equipartition,Ratio of specific heats,One-step numerical MCQ,Medium,Application,A,False,
NEET27-PHY-0843,XI,Unit 9: Kinetic Theory of Gases,Kinetic Theory,Degrees of Freedom and Equipartition,Internal energy,Conceptual/application MCQ,Medium,Application,A,False,
NEET27-PHY-0844,XI,Unit 9: Kinetic Theory of Gases,Kinetic Theory,Degrees of Freedom and Equipartition,Comparing specific heats,Conceptual/application MCQ,Difficult,Analysis,B,False,
NEET27-PHY-0845,XI,Unit 9: Kinetic Theory of Gases,Kinetic Theory,Degrees of Freedom and Equipartition,Vibrational modes,One-step numerical MCQ,Difficult,Analysis,D,False,
NEET27-PHY-0846,XI,Unit 9: Kinetic Theory of Gases,Kinetic Theory,Degrees of Freedom and Equipartition,Energy per degree of freedom per mole,Multi-step numerical MCQ,Difficult,Analysis,C,False,
NEET27-PHY-0847,XI,Unit 9: Kinetic Theory of Gases,Kinetic Theory,Degrees of Freedom and Equipartition,Polyatomic gases,Conceptual/application MCQ,Medium,Application,D,False,
NEET27-PHY-0848,XI,Unit 9: Kinetic Theory of Gases,Kinetic Theory,Degrees of Freedom and Equipartition,Ratio of specific heats,One-step numerical MCQ,Medium,Application,B,False,
NEET27-PHY-0849,XI,Unit 9: Kinetic Theory of Gases,Kinetic Theory,Degrees of Freedom and Equipartition,Degrees of freedom,Direct MCQ,Easy,Recall,A,False,
NEET27-PHY-0850,XI,Unit 9: Kinetic Theory of Gases,Kinetic Theory,Degrees of Freedom and Equipartition,Mixture of gases,Multi-step numerical MCQ,Difficult,Analysis,A,False,
NEET27-PHY-0851,XI,Unit 9: Kinetic Theory of Gases,Kinetic Theory,Degrees of Freedom and Equipartition,Degrees of freedom,Direct MCQ,Easy,Recall,D,False,
NEET27-PHY-0852,XI,Unit 9: Kinetic Theory of Gases,Kinetic Theory,Kinetic Energy and Temperature,Comparison of moles of two gases,Conceptual/application MCQ,Medium,Application,B,False,
NEET27-PHY-0853,XI,Unit 9: Kinetic Theory of Gases,Kinetic Theory,Kinetic Energy and Temperature,What the energy depends on,Conceptual/application MCQ,Medium,Application,C,False,
NEET27-PHY-0854,XI,Unit 9: Kinetic Theory of Gases,Kinetic Theory,Kinetic Energy and Temperature,Kinetic energy per mole,Direct MCQ,Easy,Recall,B,False,
NEET27-PHY-0855,XI,Unit 9: Kinetic Theory of Gases,Kinetic Theory,Kinetic Energy and Temperature,Scaling with temperature,Conceptual/application MCQ,Medium,Application,A,False,
NEET27-PHY-0856,XI,Unit 9: Kinetic Theory of Gases,Kinetic Theory,Kinetic Energy and Temperature,Kinetic energy per mole,One-step numerical MCQ,Medium,Application,D,False,
NEET27-PHY-0857,XI,Unit 9: Kinetic Theory of Gases,Kinetic Theory,Kinetic Energy and Temperature,Temperature from a given energy,One-step numerical MCQ,Medium,Application,D,False,
NEET27-PHY-0858,XI,Unit 9: Kinetic Theory of Gases,Kinetic Theory,Kinetic Energy and Temperature,Independence of the nature of gas,Conceptual/application MCQ,Easy,Application,B,False,
NEET27-PHY-0859,XI,Unit 9: Kinetic Theory of Gases,Kinetic Theory,Kinetic Energy and Temperature,Temperature as a measure of energy,Direct MCQ,Easy,Recall,D,False,
NEET27-PHY-0860,XI,Unit 9: Kinetic Theory of Gases,Kinetic Theory,Kinetic Energy and Temperature,Numerical value of molecular energy,One-step numerical MCQ,Easy,Application,B,False,
NEET27-PHY-0861,XI,Unit 9: Kinetic Theory of Gases,Kinetic Theory,Kinetic Energy and Temperature,Average kinetic energy per molecule,Direct MCQ,Easy,Recall,A,False,
NEET27-PHY-0862,XI,Unit 9: Kinetic Theory of Gases,Kinetic Theory,Kinetic Energy and Temperature,Energy of a gas mixture,Multi-step numerical MCQ,Difficult,Analysis,A,False,
NEET27-PHY-0863,XI,Unit 9: Kinetic Theory of Gases,Kinetic Theory,Kinetic Energy and Temperature,Speed change and temperature,Multi-step numerical MCQ,Difficult,Analysis,A,False,
NEET27-PHY-0864,XI,Unit 9: Kinetic Theory of Gases,Kinetic Theory,Kinetic Energy and Temperature,Number of molecules from total energy,Multi-step numerical MCQ,Difficult,Analysis,D,False,
NEET27-PHY-0865,XI,Unit 9: Kinetic Theory of Gases,Kinetic Theory,Kinetic Energy and Temperature,Temperature for doubled energy,Conceptual/application MCQ,Medium,Application,C,False,
NEET27-PHY-0866,XI,Unit 9: Kinetic Theory of Gases,Kinetic Theory,Mean Free Path,Combined change of n and d,Multi-step numerical MCQ,Difficult,Analysis,B,False,
NEET27-PHY-0867,XI,Unit 9: Kinetic Theory of Gases,Kinetic Theory,Mean Free Path,Dependence on molecular diameter,One-step numerical MCQ,Medium,Application,C,False,
NEET27-PHY-0868,XI,Unit 9: Kinetic Theory of Gases,Kinetic Theory,Mean Free Path,Combined change of T and P,Multi-step numerical MCQ,Difficult,Analysis,C,False,
NEET27-PHY-0869,XI,Unit 9: Kinetic Theory of Gases,Kinetic Theory,Mean Free Path,Definition,Direct MCQ,Easy,Recall,D,False,
NEET27-PHY-0870,XI,Unit 9: Kinetic Theory of Gases,Kinetic Theory,Mean Free Path,Dependence on pressure,Conceptual/application MCQ,Medium,Application,A,False,
NEET27-PHY-0871,XI,Unit 9: Kinetic Theory of Gases,Kinetic Theory,Mean Free Path,Dependence on number density,Direct MCQ,Easy,Recall,C,False,
NEET27-PHY-0872,XI,Unit 9: Kinetic Theory of Gases,Kinetic Theory,Pressure of an Ideal Gas,Dimensional check,Direct MCQ,Medium,Application,D,False,
NEET27-PHY-0873,XI,Unit 9: Kinetic Theory of Gases,Kinetic Theory,Pressure of an Ideal Gas,Pressure in terms of density,One-step numerical MCQ,Easy,Application,D,False,
NEET27-PHY-0874,XI,Unit 9: Kinetic Theory of Gases,Kinetic Theory,Pressure of an Ideal Gas,Combined change of density and speed,Multi-step numerical MCQ,Difficult,Analysis,D,False,
NEET27-PHY-0875,XI,Unit 9: Kinetic Theory of Gases,Kinetic Theory,Pressure of an Ideal Gas,Comparison of two gases,Conceptual/application MCQ,Medium,Application,D,False,
NEET27-PHY-0876,XI,Unit 9: Kinetic Theory of Gases,Kinetic Theory,Pressure of an Ideal Gas,Pressure in terms of number of molecules,Direct MCQ,Easy,Recall,D,False,
NEET27-PHY-0877,XI,Unit 9: Kinetic Theory of Gases,Kinetic Theory,Pressure of an Ideal Gas,Link between pressure formula and v_rms,One-step numerical MCQ,Difficult,Analysis,C,False,
NEET27-PHY-0878,XI,Unit 9: Kinetic Theory of Gases,Kinetic Theory,Pressure of an Ideal Gas,Pressure and kinetic energy per unit volume,Direct MCQ,Easy,Recall,D,False,
NEET27-PHY-0879,XI,Unit 9: Kinetic Theory of Gases,Kinetic Theory,Pressure of an Ideal Gas,Root mean square speed from pressure,One-step numerical MCQ,Easy,Application,A,False,
NEET27-PHY-0880,XI,Unit 9: Kinetic Theory of Gases,Kinetic Theory,Pressure of an Ideal Gas,Effect of speed on pressure,Conceptual/application MCQ,Medium,Application,D,False,
NEET27-PHY-0881,XI,Unit 9: Kinetic Theory of Gases,Kinetic Theory,Pressure of an Ideal Gas,Pressure and kinetic energy per unit volume,One-step numerical MCQ,Medium,Application,D,False,
NEET27-PHY-0882,XI,Unit 9: Kinetic Theory of Gases,Kinetic Theory,Pressure of an Ideal Gas,Pressure from mass and volume of gas,Multi-step numerical MCQ,Medium,Application,B,False,
NEET27-PHY-0883,XI,Unit 9: Kinetic Theory of Gases,Kinetic Theory,Pressure of an Ideal Gas,Pressure with changed molecule number and speed,Multi-step numerical MCQ,Difficult,Analysis,B,False,
NEET27-PHY-0884,XI,Unit 9: Kinetic Theory of Gases,Kinetic Theory,Pressure of an Ideal Gas,Total translational kinetic energy,Multi-step numerical MCQ,Difficult,Analysis,B,False,
NEET27-PHY-0885,XI,Unit 9: Kinetic Theory of Gases,Kinetic Theory,Pressure of an Ideal Gas,Effect of density on pressure,Conceptual/application MCQ,Medium,Application,C,False,
NEET27-PHY-0886,XI,Unit 9: Kinetic Theory of Gases,Kinetic Theory,Pressure of an Ideal Gas,Origin of the factor one third,Conceptual/application MCQ,Medium,Application,D,False,
NEET27-PHY-0887,XI,Unit 9: Kinetic Theory of Gases,Kinetic Theory,RMS and Molecular Speeds,Ratio for two gases,One-step numerical MCQ,Medium,Application,B,False,
NEET27-PHY-0888,XI,Unit 9: Kinetic Theory of Gases,Kinetic Theory,RMS and Molecular Speeds,Speed and energy in a mixture,Conceptual/application MCQ,Difficult,Analysis,C,False,
NEET27-PHY-0889,XI,Unit 9: Kinetic Theory of Gases,Kinetic Theory,RMS and Molecular Speeds,Effect of molar mass,Conceptual/application MCQ,Easy,Application,C,False,
NEET27-PHY-0890,XI,Unit 9: Kinetic Theory of Gases,Kinetic Theory,RMS and Molecular Speeds,Molecular form of v_rms,One-step numerical MCQ,Medium,Application,D,False,
NEET27-PHY-0891,XI,Unit 9: Kinetic Theory of Gases,Kinetic Theory,RMS and Molecular Speeds,Equal speeds for different gases,One-step numerical MCQ,Medium,Application,B,False,
NEET27-PHY-0892,XI,Unit 9: Kinetic Theory of Gases,Kinetic Theory,RMS and Molecular Speeds,Effect of leakage on speed and energy,Conceptual/application MCQ,Difficult,Analysis,A,False,
NEET27-PHY-0893,XI,Unit 9: Kinetic Theory of Gases,Kinetic Theory,RMS and Molecular Speeds,Temperature rise for doubling v_rms,Multi-step numerical MCQ,Medium,Application,C,False,
NEET27-PHY-0894,XI,Unit 9: Kinetic Theory of Gases,Kinetic Theory,RMS and Molecular Speeds,Most probable speed,One-step numerical MCQ,Medium,Application,B,False,
NEET27-PHY-0895,XI,Unit 9: Kinetic Theory of Gases,Kinetic Theory,RMS and Molecular Speeds,Mean speed from v_rms,One-step numerical MCQ,Medium,Application,A,False,
NEET27-PHY-0896,XI,Unit 9: Kinetic Theory of Gases,Kinetic Theory,RMS and Molecular Speeds,Two gases at different temperatures,Conceptual/application MCQ,Difficult,Analysis,A,False,
NEET27-PHY-0897,XI,Unit 9: Kinetic Theory of Gases,Kinetic Theory,RMS and Molecular Speeds,Effect of temperature,Conceptual/application MCQ,Easy,Application,A,False,
NEET27-PHY-0898,XI,Unit 9: Kinetic Theory of Gases,Kinetic Theory,RMS and Molecular Speeds,Comparison of the three speeds,Conceptual/application MCQ,Easy,Application,A,False,
NEET27-PHY-0899,XI,Unit 9: Kinetic Theory of Gases,Kinetic Theory,RMS and Molecular Speeds,Mean velocity versus mean speed,Conceptual/application MCQ,Medium,Application,D,False,
NEET27-PHY-0900,XI,Unit 9: Kinetic Theory of Gases,Kinetic Theory,RMS and Molecular Speeds,Expression for v_rms,One-step numerical MCQ,Easy,Application,C,False,
NEET27-PHY-0901,XI,Unit 10: Oscillations and Waves,Oscillations and Waves,Air Columns,Nodes and antinodes in a mode,Direct MCQ,Medium,Application,C,False,
NEET27-PHY-0902,XI,Unit 10: Oscillations and Waves,Oscillations and Waves,Air Columns,Equal fundamentals,Conceptual/application MCQ,Medium,Application,B,False,
NEET27-PHY-0903,XI,Unit 10: Oscillations and Waves,Oscillations and Waves,Air Columns,Overtone series of an open pipe,Direct MCQ,Medium,Application,B,False,
NEET27-PHY-0904,XI,Unit 10: Oscillations and Waves,Oscillations and Waves,Air Columns,End correction,One-step numerical MCQ,Medium,Application,C,False,
NEET27-PHY-0905,XI,Unit 10: Oscillations and Waves,Oscillations and Waves,Air Columns,End correction from a resonance tube,Multi-step numerical MCQ,Difficult,Analysis,B,False,
NEET27-PHY-0906,XI,Unit 10: Oscillations and Waves,Oscillations and Waves,Air Columns,Resonance tube frequency,Multi-step numerical MCQ,Medium,Application,D,False,
NEET27-PHY-0907,XI,Unit 10: Oscillations and Waves,Oscillations and Waves,Air Columns,Consecutive resonances of a closed pipe,Multi-step numerical MCQ,Difficult,Analysis,D,False,
NEET27-PHY-0908,XI,Unit 10: Oscillations and Waves,Oscillations and Waves,Air Columns,Resonance tube second position,Multi-step numerical MCQ,Difficult,Analysis,D,False,
NEET27-PHY-0909,XI,Unit 10: Oscillations and Waves,Oscillations and Waves,Air Columns,First overtone of a closed pipe,Direct MCQ,Easy,Recall,C,False,
NEET27-PHY-0910,XI,Unit 10: Oscillations and Waves,Oscillations and Waves,Air Columns,Harmonics in a closed pipe,Direct MCQ,Easy,Recall,A,False,
NEET27-PHY-0911,XI,Unit 10: Oscillations and Waves,Oscillations and Waves,Beats,Beats between two organ pipes,Multi-step numerical MCQ,Difficult,Analysis,A,False,
NEET27-PHY-0912,XI,Unit 10: Oscillations and Waves,Oscillations and Waves,Beats,Successive loading of a fork,Multi-step numerical MCQ,Difficult,Analysis,C,False,
NEET27-PHY-0913,XI,Unit 10: Oscillations and Waves,Oscillations and Waves,Beats,Number of beats in a time interval,One-step numerical MCQ,Medium,Application,B,False,
NEET27-PHY-0914,XI,Unit 10: Oscillations and Waves,Oscillations and Waves,Beats,Beat frequency,One-step numerical MCQ,Easy,Application,A,False,
NEET27-PHY-0915,XI,Unit 10: Oscillations and Waves,Oscillations and Waves,Characteristics of Sound,Audible range,Direct MCQ,Easy,Recall,A,False,
NEET27-PHY-0916,XI,Unit 10: Oscillations and Waves,Oscillations and Waves,Characteristics of Sound,Infrasonic sources,Direct MCQ,Medium,Application,B,False,
NEET27-PHY-0917,XI,Unit 10: Oscillations and Waves,Oscillations and Waves,Energy in SHM,Total energy,Statement-based MCQ,Easy,Analysis,B,False,
NEET27-PHY-0918,XI,Unit 10: Oscillations and Waves,Oscillations and Waves,Energy in SHM,Energy and displacement,Multi-step numerical MCQ,Difficult,Analysis,A,False,
NEET27-PHY-0919,XI,Unit 10: Oscillations and Waves,Oscillations and Waves,Nature and Propagation of Sound,Wave energy and amplitude,Conceptual/application MCQ,Difficult,Analysis,A,False,
NEET27-PHY-0920,XI,Unit 10: Oscillations and Waves,Oscillations and Waves,Nature and Propagation of Sound,Wavelength of a longitudinal wave,Direct MCQ,Easy,Recall,B,False,
NEET27-PHY-0921,XI,Unit 10: Oscillations and Waves,Oscillations and Waves,Nature and Propagation of Sound,Thunder and lightning,Conceptual/application MCQ,Medium,Application,B,False,
NEET27-PHY-0922,XI,Unit 10: Oscillations and Waves,Oscillations and Waves,Nature and Propagation of Sound,Combined properties of sound,Conceptual/application MCQ,Difficult,Analysis,D,False,
NEET27-PHY-0923,XI,Unit 10: Oscillations and Waves,Oscillations and Waves,Nature and Propagation of Sound,Nature of a sound wave,Direct MCQ,Easy,Recall,B,False,
NEET27-PHY-0924,XI,Unit 10: Oscillations and Waves,Oscillations and Waves,Nature and Propagation of Sound,Particle motion versus wave motion,Conceptual/application MCQ,Easy,Application,D,False,
NEET27-PHY-0925,XI,Unit 10: Oscillations and Waves,Oscillations and Waves,Nature and Propagation of Sound,Need for a material medium,Conceptual/application MCQ,Easy,Application,D,False,
NEET27-PHY-0926,XI,Unit 10: Oscillations and Waves,Oscillations and Waves,Nature and Propagation of Sound,Sound in space,Conceptual/application MCQ,Medium,Application,A,False,
NEET27-PHY-0927,XI,Unit 10: Oscillations and Waves,Oscillations and Waves,Nature and Propagation of Sound,Compressions and rarefactions,Direct MCQ,Easy,Recall,D,False,
NEET27-PHY-0928,XI,Unit 10: Oscillations and Waves,Oscillations and Waves,Nature and Propagation of Sound,Frequency and compressions,Direct MCQ,Medium,Application,A,False,
NEET27-PHY-0929,XI,Unit 10: Oscillations and Waves,Oscillations and Waves,Nature and Propagation of Sound,Waves in different states of matter,Conceptual/application MCQ,Medium,Application,D,False,
NEET27-PHY-0930,XI,Unit 10: Oscillations and Waves,Oscillations and Waves,Nature and Propagation of Sound,Maximum particle speed,Multi-step numerical MCQ,Difficult,Analysis,A,False,
NEET27-PHY-0931,XI,Unit 10: Oscillations and Waves,Oscillations and Waves,Period and Frequency,Frequency,Direct MCQ,Easy,Recall,D,False,
NEET27-PHY-0932,XI,Unit 10: Oscillations and Waves,Oscillations and Waves,Period and Frequency,Factors affecting period,Statement-based MCQ,Medium,Analysis,B,False,
NEET27-PHY-0933,XI,Unit 10: Oscillations and Waves,Oscillations and Waves,Period and Frequency,Angular frequency,One-step numerical MCQ,Easy,Application,C,False,
NEET27-PHY-0934,XI,Unit 10: Oscillations and Waves,Oscillations and Waves,Period and Frequency,Angular frequency,One-step numerical MCQ,Medium,Application,C,False,
NEET27-PHY-0935,XI,Unit 10: Oscillations and Waves,Oscillations and Waves,Period and Frequency,Factors affecting period,Conceptual/application MCQ,Difficult,Analysis,B,False,
NEET27-PHY-0936,XI,Unit 10: Oscillations and Waves,Oscillations and Waves,Period and Frequency,Frequency,Multi-step numerical MCQ,Difficult,Analysis,A,False,
NEET27-PHY-0937,XI,Unit 10: Oscillations and Waves,Oscillations and Waves,Period and Frequency,Factors affecting period,Conceptual/application MCQ,Medium,Application,A,False,
NEET27-PHY-0938,XI,Unit 10: Oscillations and Waves,Oscillations and Waves,Principle of Superposition,Statement of the principle,Direct MCQ,Easy,Recall,D,False,
NEET27-PHY-0939,XI,Unit 10: Oscillations and Waves,Oscillations and Waves,Principle of Superposition,Scope of the principle,Statement-based MCQ,Medium,Analysis,C,False,
NEET27-PHY-0940,XI,Unit 10: Oscillations and Waves,Oscillations and Waves,Principle of Superposition,Path difference of λ/3,Multi-step numerical MCQ,Difficult,Analysis,B,False,
NEET27-PHY-0941,XI,Unit 10: Oscillations and Waves,Oscillations and Waves,Principle of Superposition,Condition for constructive superposition,Direct MCQ,Easy,Recall,B,False,
NEET27-PHY-0942,XI,Unit 10: Oscillations and Waves,Oscillations and Waves,Principle of Superposition,Three wave superposition,Multi-step numerical MCQ,Difficult,Analysis,C,False,
NEET27-PHY-0943,XI,Unit 10: Oscillations and Waves,Oscillations and Waves,Progressive Waves,Particle velocity and wave velocity,Statement-based MCQ,Medium,Analysis,A,False,
NEET27-PHY-0944,XI,Unit 10: Oscillations and Waves,Oscillations and Waves,Progressive Waves,Ratio of speeds,Multi-step numerical MCQ,Difficult,Analysis,D,False,
NEET27-PHY-0945,XI,Unit 10: Oscillations and Waves,Oscillations and Waves,Progressive Waves,Phase difference and speed,Multi-step numerical MCQ,Medium,Application,A,False,
NEET27-PHY-0946,XI,Unit 10: Oscillations and Waves,Oscillations and Waves,Progressive Waves,Wave equation in the t and x form,One-step numerical MCQ,Medium,Application,A,False,
NEET27-PHY-0947,XI,Unit 10: Oscillations and Waves,Oscillations and Waves,Progressive Waves,Speed from wave equation,One-step numerical MCQ,Medium,Application,A,False,
NEET27-PHY-0948,XI,Unit 10: Oscillations and Waves,Oscillations and Waves,Progressive Waves,Direction of propagation,Direct MCQ,Easy,Recall,D,False,
NEET27-PHY-0949,XI,Unit 10: Oscillations and Waves,Oscillations and Waves,Reflection of Sound and Echo,Conditions for an echo,Direct MCQ,Easy,Recall,B,False,
NEET27-PHY-0950,XI,Unit 10: Oscillations and Waves,Oscillations and Waves,Reflection of Sound and Echo,Reflection at an open end,Direct MCQ,Difficult,Analysis,D,False,
NEET27-PHY-0951,XI,Unit 10: Oscillations and Waves,Oscillations and Waves,Reflection of Sound and Echo,Speed from an echo measurement,One-step numerical MCQ,Difficult,Analysis,C,False,
NEET27-PHY-0952,XI,Unit 10: Oscillations and Waves,Oscillations and Waves,Reflection of Sound and Echo,Wavelength of a SONAR pulse,Multi-step numerical MCQ,Difficult,Analysis,B,False,
NEET27-PHY-0953,XI,Unit 10: Oscillations and Waves,Oscillations and Waves,Reflection of Sound and Echo,Laws of reflection,Direct MCQ,Easy,Recall,B,False,
NEET27-PHY-0954,XI,Unit 10: Oscillations and Waves,Oscillations and Waves,Reflection of Waves,Equivalent path difference,One-step numerical MCQ,Medium,Application,B,False,
NEET27-PHY-0955,XI,Unit 10: Oscillations and Waves,Oscillations and Waves,Reflection of Waves,Statements about a free boundary,Statement-based MCQ,Difficult,Analysis,D,False,
NEET27-PHY-0956,XI,Unit 10: Oscillations and Waves,Oscillations and Waves,Reflection of Waves,Reflection at a free boundary,Direct MCQ,Easy,Recall,B,False,
NEET27-PHY-0957,XI,Unit 10: Oscillations and Waves,Oscillations and Waves,Reflection of Waves,Displacement and pressure on reflection,Conceptual/application MCQ,Medium,Application,A,False,
NEET27-PHY-0958,XI,Unit 10: Oscillations and Waves,Oscillations and Waves,Reflection of Waves,Reflection at the open end of a pipe,Direct MCQ,Medium,Application,D,False,
NEET27-PHY-0959,XI,Unit 10: Oscillations and Waves,Oscillations and Waves,Reflection of Waves,Quantities unchanged on reflection,Conceptual/application MCQ,Medium,Application,D,False,
NEET27-PHY-0960,XI,Unit 10: Oscillations and Waves,Oscillations and Waves,Reflection of Waves,Pulse at a junction of two strings,Conceptual/application MCQ,Difficult,Analysis,A,False,
NEET27-PHY-0961,XI,Unit 10: Oscillations and Waves,Oscillations and Waves,SHM Equations,Amplitude,Multi-step numerical MCQ,Medium,Application,D,False,
NEET27-PHY-0962,XI,Unit 10: Oscillations and Waves,Oscillations and Waves,SHM Equations,Phase and epoch,Statement-based MCQ,Medium,Analysis,D,False,
NEET27-PHY-0963,XI,Unit 10: Oscillations and Waves,Oscillations and Waves,SHM Equations,Phase and epoch,Direct MCQ,Medium,Application,A,False,
NEET27-PHY-0964,XI,Unit 10: Oscillations and Waves,Oscillations and Waves,SHM Equations,Velocity and displacement,Multi-step numerical MCQ,Difficult,Analysis,C,False,
NEET27-PHY-0965,XI,Unit 10: Oscillations and Waves,Oscillations and Waves,SHM Equations,Velocity and displacement,One-step numerical MCQ,Easy,Application,D,False,
NEET27-PHY-0966,XI,Unit 10: Oscillations and Waves,Oscillations and Waves,Simple Harmonic Motion Basics,Conditions for SHM,Conceptual/application MCQ,Medium,Application,B,False,
NEET27-PHY-0967,XI,Unit 10: Oscillations and Waves,Oscillations and Waves,Simple Harmonic Motion Basics,Conditions for SHM,Conceptual/application MCQ,Medium,Application,A,False,
NEET27-PHY-0968,XI,Unit 10: Oscillations and Waves,Oscillations and Waves,Simple Harmonic Motion Basics,Acceleration in SHM,Direct MCQ,Easy,Recall,B,False,
NEET27-PHY-0969,XI,Unit 10: Oscillations and Waves,Oscillations and Waves,Simple Harmonic Motion Basics,SHM and circular motion,Direct MCQ,Medium,Application,C,False,
NEET27-PHY-0970,XI,Unit 10: Oscillations and Waves,Oscillations and Waves,Simple Harmonic Motion Basics,Force constant,Direct MCQ,Easy,Recall,A,False,
NEET27-PHY-0971,XI,Unit 10: Oscillations and Waves,Oscillations and Waves,Simple Harmonic Motion Basics,Restoring force,One-step numerical MCQ,Medium,Application,B,False,
NEET27-PHY-0972,XI,Unit 10: Oscillations and Waves,Oscillations and Waves,Simple Harmonic Motion Basics,Characteristics of SHM,Direct MCQ,Easy,Recall,A,False,
NEET27-PHY-0973,XI,Unit 10: Oscillations and Waves,Oscillations and Waves,Simple Harmonic Motion Basics,Restoring force,One-step numerical MCQ,Easy,Application,D,False,
NEET27-PHY-0974,XI,Unit 10: Oscillations and Waves,Oscillations and Waves,Simple Pendulum,Factors affecting period,Multi-step numerical MCQ,Medium,Application,C,False,
NEET27-PHY-0975,XI,Unit 10: Oscillations and Waves,Oscillations and Waves,Simple Pendulum,Effective gravity,Multi-step numerical MCQ,Difficult,Analysis,D,False,
NEET27-PHY-0976,XI,Unit 10: Oscillations and Waves,Oscillations and Waves,Simple Pendulum,Second pendulum,One-step numerical MCQ,Medium,Application,B,False,
NEET27-PHY-0977,XI,Unit 10: Oscillations and Waves,Oscillations and Waves,Simple Pendulum,Factors affecting period,Conceptual/application MCQ,Easy,Application,A,False,
NEET27-PHY-0978,XI,Unit 10: Oscillations and Waves,Oscillations and Waves,Simple Pendulum,Conditions for SHM,Conceptual/application MCQ,Medium,Application,B,False,
NEET27-PHY-0979,XI,Unit 10: Oscillations and Waves,Oscillations and Waves,Simple Pendulum,Second pendulum,Direct MCQ,Easy,Recall,C,False,
NEET27-PHY-0980,XI,Unit 10: Oscillations and Waves,Oscillations and Waves,Simple Pendulum,Effective gravity,Conceptual/application MCQ,Medium,Application,B,False,
NEET27-PHY-0981,XI,Unit 10: Oscillations and Waves,Oscillations and Waves,Simple Pendulum,Factors affecting period,Multi-step numerical MCQ,Difficult,Analysis,A,False,
NEET27-PHY-0982,XI,Unit 10: Oscillations and Waves,Oscillations and Waves,Simple Pendulum,Factors affecting period,Conceptual/application MCQ,Easy,Application,C,False,
NEET27-PHY-0983,XI,Unit 10: Oscillations and Waves,Oscillations and Waves,Speed of Sound,Graph of speed against temperature,Graph/data interpretation MCQ,Difficult,Analysis,A,False,
NEET27-PHY-0984,XI,Unit 10: Oscillations and Waves,Oscillations and Waves,Speed of Sound,Matching speeds in two gases,Multi-step numerical MCQ,Difficult,Analysis,C,False,
NEET27-PHY-0985,XI,Unit 10: Oscillations and Waves,Oscillations and Waves,Speed of Sound,Effect of humidity,Direct MCQ,Easy,Recall,B,False,
NEET27-PHY-0986,XI,Unit 10: Oscillations and Waves,Oscillations and Waves,Speed of Sound,Effect of pressure,Conceptual/application MCQ,Medium,Application,D,False,
NEET27-PHY-0987,XI,Unit 10: Oscillations and Waves,Oscillations and Waves,Speed of Sound,Effect of molar mass,Conceptual/application MCQ,Medium,Application,B,False,
NEET27-PHY-0988,XI,Unit 10: Oscillations and Waves,Oscillations and Waves,Speed of Sound,Newton's formula,Direct MCQ,Easy,Recall,A,False,
NEET27-PHY-0989,XI,Unit 10: Oscillations and Waves,Oscillations and Waves,Speed of Sound,Effect of density at constant pressure,Conceptual/application MCQ,Medium,Application,B,False,
NEET27-PHY-0990,XI,Unit 10: Oscillations and Waves,Oscillations and Waves,Speed of Sound,Speed in a solid rod,One-step numerical MCQ,Medium,Application,D,False,
NEET27-PHY-0991,XI,Unit 10: Oscillations and Waves,Oscillations and Waves,Speed of Sound,Independence from frequency,Direct MCQ,Easy,Recall,B,False,
NEET27-PHY-0992,XI,Unit 10: Oscillations and Waves,Oscillations and Waves,Spring Oscillations,Combination of springs,One-step numerical MCQ,Medium,Application,B,False,
NEET27-PHY-0993,XI,Unit 10: Oscillations and Waves,Oscillations and Waves,Spring Oscillations,Combination of springs,One-step numerical MCQ,Easy,Application,A,False,
NEET27-PHY-0994,XI,Unit 10: Oscillations and Waves,Oscillations and Waves,Spring Oscillations,Combination of springs,Conceptual/application MCQ,Difficult,Analysis,D,False,
NEET27-PHY-0995,XI,Unit 10: Oscillations and Waves,Oscillations and Waves,Spring Oscillations,Spring constant,Multi-step numerical MCQ,Difficult,Analysis,C,False,
NEET27-PHY-0996,XI,Unit 10: Oscillations and Waves,Oscillations and Waves,Stationary Waves,Speed from node spacing,Multi-step numerical MCQ,Medium,Application,D,False,
NEET27-PHY-0997,XI,Unit 10: Oscillations and Waves,Oscillations and Waves,Stationary Waves,Amplitude ratio within a loop,Multi-step numerical MCQ,Difficult,Analysis,B,False,
NEET27-PHY-0998,XI,Unit 10: Oscillations and Waves,Oscillations and Waves,Stationary Waves,Node separation,Direct MCQ,Easy,Recall,B,False,
NEET27-PHY-0999,XI,Unit 10: Oscillations and Waves,Oscillations and Waves,Stationary Waves,Speed of component waves,Multi-step numerical MCQ,Difficult,Analysis,C,False,
NEET27-PHY-1000,XI,Unit 10: Oscillations and Waves,Oscillations and Waves,Stationary Waves,Comparison with progressive waves,Conceptual/application MCQ,Medium,Application,B,False,
NEET27-PHY-1001,XI,Unit 10: Oscillations and Waves,Oscillations and Waves,Stationary Waves,Instants of zero displacement,Direct MCQ,Medium,Application,A,False,
NEET27-PHY-1002,XI,Unit 10: Oscillations and Waves,Oscillations and Waves,Stationary Waves,Phase across a node,Direct MCQ,Medium,Application,D,False,
NEET27-PHY-1003,XI,Unit 10: Oscillations and Waves,Oscillations and Waves,Stationary Waves,Nodes from two component waves,Multi-step numerical MCQ,Difficult,Analysis,C,False,
NEET27-PHY-1004,XI,Unit 10: Oscillations and Waves,Oscillations and Waves,Stationary Waves,Node positions from the equation,One-step numerical MCQ,Medium,Application,D,False,
NEET27-PHY-1005,XI,Unit 10: Oscillations and Waves,Oscillations and Waves,Stationary Waves,Equation of a stationary wave,One-step numerical MCQ,Easy,Application,D,False,
NEET27-PHY-1006,XI,Unit 10: Oscillations and Waves,Oscillations and Waves,Stationary Waves,Amplitude at a general point,One-step numerical MCQ,Medium,Application,B,False,
NEET27-PHY-1007,XI,Unit 10: Oscillations and Waves,Oscillations and Waves,Stationary Waves,Behaviour of a particle at a node,Direct MCQ,Easy,Recall,C,False,
NEET27-PHY-1008,XI,Unit 10: Oscillations and Waves,Oscillations and Waves,Vibrations of Strings,Tension from a three loop resonance,Multi-step numerical MCQ,Difficult,Analysis,C,False,
NEET27-PHY-1009,XI,Unit 10: Oscillations and Waves,Oscillations and Waves,Vibrations of Strings,Fundamental mode pattern,Direct MCQ,Easy,Recall,C,False,
NEET27-PHY-1010,XI,Unit 10: Oscillations and Waves,Oscillations and Waves,Vibrations of Strings,Wire divided by bridges,Multi-step numerical MCQ,Difficult,Analysis,B,False,
NEET27-PHY-1011,XI,Unit 10: Oscillations and Waves,Oscillations and Waves,Vibrations of Strings,Frequency after a tension change,Multi-step numerical MCQ,Difficult,Analysis,B,False,
NEET27-PHY-1012,XI,Unit 10: Oscillations and Waves,Oscillations and Waves,Vibrations of Strings,Tension from the fundamental,Multi-step numerical MCQ,Difficult,Analysis,A,False,
NEET27-PHY-1013,XI,Unit 10: Oscillations and Waves,Oscillations and Waves,Vibrations of Strings,Linear density,Direct MCQ,Easy,Recall,D,False,
NEET27-PHY-1014,XI,Unit 10: Oscillations and Waves,Oscillations and Waves,Vibrations of Strings,Law of length,Direct MCQ,Easy,Recall,B,False,
NEET27-PHY-1015,XI,Unit 10: Oscillations and Waves,Oscillations and Waves,Vibrations of Strings,Sonometer length calculation,Multi-step numerical MCQ,Medium,Application,D,False,
NEET27-PHY-1016,XI,Unit 10: Oscillations and Waves,Oscillations and Waves,Vibrations of Strings,Fundamental frequency formula,One-step numerical MCQ,Easy,Application,A,False,
NEET27-PHY-1017,XI,Unit 10: Oscillations and Waves,Oscillations and Waves,Vibrations of Strings,Numerical on fundamental frequency,Multi-step numerical MCQ,Medium,Application,A,False,
NEET27-PHY-1018,XI,Unit 10: Oscillations and Waves,Oscillations and Waves,Vibrations of Strings,Speed from a loop pattern,Multi-step numerical MCQ,Difficult,Analysis,D,False,
NEET27-PHY-1019,XI,Unit 10: Oscillations and Waves,Oscillations and Waves,Wave Characteristics,Reading a wave equation,One-step numerical MCQ,Medium,Application,B,False,
NEET27-PHY-1020,XI,Unit 10: Oscillations and Waves,Oscillations and Waves,Wave Characteristics,Period and frequency,One-step numerical MCQ,Easy,Application,B,False,
NEET27-PHY-1021,XI,Unit 10: Oscillations and Waves,Oscillations and Waves,Wave Characteristics,Wave equation v = f λ,One-step numerical MCQ,Easy,Application,D,False,
NEET27-PHY-1022,XI,Unit 10: Oscillations and Waves,Oscillations and Waves,Wave Characteristics,Comparing wavelengths in two media,Conceptual/application MCQ,Difficult,Analysis,B,False,
NEET27-PHY-1023,XI,Unit 10: Oscillations and Waves,Oscillations and Waves,Wave Characteristics,Frequency fixed by the source,Direct MCQ,Easy,Recall,D,False,
NEET27-PHY-1024,XI,Unit 10: Oscillations and Waves,Oscillations and Waves,Wave Characteristics,Phase difference to path difference,One-step numerical MCQ,Medium,Application,C,False,
NEET27-PHY-1025,XI,Unit 10: Oscillations and Waves,Oscillations and Waves,Wave Characteristics,Path difference and phase difference,One-step numerical MCQ,Medium,Application,C,False,
NEET27-PHY-1026,XI,Unit 10: Oscillations and Waves,Oscillations and Waves,Wave Characteristics,Definition of wavelength,Direct MCQ,Easy,Recall,D,False,
NEET27-PHY-1027,XII,Unit 11: Electrostatics,Electric Charges and Fields; Electrostatic Potential and Capacitance,Capacitance,Parallel plate capacitor,Conceptual/application MCQ,Medium,Application,C,False,
NEET27-PHY-1028,XII,Unit 11: Electrostatics,Electric Charges and Fields; Electrostatic Potential and Capacitance,Capacitance,Effect of dielectric,Multi-step numerical MCQ,Difficult,Analysis,A,False,
NEET27-PHY-1029,XII,Unit 11: Electrostatics,Electric Charges and Fields; Electrostatic Potential and Capacitance,Capacitance,Capacitance formulas,Conceptual/application MCQ,Medium,Application,C,False,
NEET27-PHY-1030,XII,Unit 11: Electrostatics,Electric Charges and Fields; Electrostatic Potential and Capacitance,Capacitance,Capacitance formulas,Multi-step numerical MCQ,Medium,Application,B,False,
NEET27-PHY-1031,XII,Unit 11: Electrostatics,Electric Charges and Fields; Electrostatic Potential and Capacitance,Capacitance,Capacitance formulas,One-step numerical MCQ,Easy,Application,D,False,
NEET27-PHY-1032,XII,Unit 11: Electrostatics,Electric Charges and Fields; Electrostatic Potential and Capacitance,Capacitance Basics,Effect of a dielectric slab,Conceptual/application MCQ,Difficult,Analysis,A,False,
NEET27-PHY-1033,XII,Unit 11: Electrostatics,Electric Charges and Fields; Electrostatic Potential and Capacitance,Capacitance Basics,Definition of capacitance,Direct MCQ,Easy,Recall,D,False,
NEET27-PHY-1034,XII,Unit 11: Electrostatics,Electric Charges and Fields; Electrostatic Potential and Capacitance,Capacitance Basics,Definition of capacitance,One-step numerical MCQ,Easy,Application,C,False,
NEET27-PHY-1035,XII,Unit 11: Electrostatics,Electric Charges and Fields; Electrostatic Potential and Capacitance,Capacitance Basics,Parallel plate capacitor,Conceptual/application MCQ,Medium,Application,D,False,
NEET27-PHY-1036,XII,Unit 11: Electrostatics,Electric Charges and Fields; Electrostatic Potential and Capacitance,Combination of Capacitors and Energy,Series and parallel,Multi-step numerical MCQ,Difficult,Analysis,A,False,
NEET27-PHY-1037,XII,Unit 11: Electrostatics,Electric Charges and Fields; Electrostatic Potential and Capacitance,Combination of Capacitors and Energy,Series and parallel,Conceptual/application MCQ,Medium,Application,B,False,
NEET27-PHY-1038,XII,Unit 11: Electrostatics,Electric Charges and Fields; Electrostatic Potential and Capacitance,Combination of Capacitors and Energy,Series and parallel,Conceptual/application MCQ,Medium,Application,D,False,
NEET27-PHY-1039,XII,Unit 11: Electrostatics,Electric Charges and Fields; Electrostatic Potential and Capacitance,Combination of Capacitors and Energy,Energy stored,One-step numerical MCQ,Easy,Application,A,False,
NEET27-PHY-1040,XII,Unit 11: Electrostatics,Electric Charges and Fields; Electrostatic Potential and Capacitance,Combination of Capacitors and Energy,Energy stored,Multi-step numerical MCQ,Difficult,Analysis,C,False,
NEET27-PHY-1041,XII,Unit 11: Electrostatics,Electric Charges and Fields; Electrostatic Potential and Capacitance,Combination of Capacitors and Energy,Series and parallel,Multi-step numerical MCQ,Difficult,Analysis,C,False,
NEET27-PHY-1042,XII,Unit 11: Electrostatics,Electric Charges and Fields; Electrostatic Potential and Capacitance,Combination of Capacitors and Energy,Energy density,One-step numerical MCQ,Medium,Application,B,False,
NEET27-PHY-1043,XII,Unit 11: Electrostatics,Electric Charges and Fields; Electrostatic Potential and Capacitance,Combination of Capacitors and Energy,Series and parallel,One-step numerical MCQ,Easy,Application,A,False,
NEET27-PHY-1044,XII,Unit 11: Electrostatics,Electric Charges and Fields; Electrostatic Potential and Capacitance,Conductors and Dielectrics,Conductor compared with dielectric,Conceptual/application MCQ,Difficult,Analysis,D,False,
NEET27-PHY-1045,XII,Unit 11: Electrostatics,Electric Charges and Fields; Electrostatic Potential and Capacitance,Conductors and Dielectrics,Charge on a conductor,Direct MCQ,Medium,Application,C,False,
NEET27-PHY-1046,XII,Unit 11: Electrostatics,Electric Charges and Fields; Electrostatic Potential and Capacitance,Conductors and Dielectrics,Polar and non polar dielectrics,Conceptual/application MCQ,Difficult,Analysis,C,False,
NEET27-PHY-1047,XII,Unit 11: Electrostatics,Electric Charges and Fields; Electrostatic Potential and Capacitance,Conductors and Dielectrics,Electrostatic shielding,Direct MCQ,Easy,Recall,C,False,
NEET27-PHY-1048,XII,Unit 11: Electrostatics,Electric Charges and Fields; Electrostatic Potential and Capacitance,Conductors and Dielectrics,Polarisation of a dielectric,Direct MCQ,Medium,Application,A,False,
NEET27-PHY-1049,XII,Unit 11: Electrostatics,Electric Charges and Fields; Electrostatic Potential and Capacitance,Conductors and Dielectrics,Dielectric constant,Direct MCQ,Medium,Application,D,False,
NEET27-PHY-1050,XII,Unit 11: Electrostatics,Electric Charges and Fields; Electrostatic Potential and Capacitance,Conductors and Dielectrics,Field inside a dielectric,One-step numerical MCQ,Difficult,Analysis,B,False,
NEET27-PHY-1051,XII,Unit 11: Electrostatics,Electric Charges and Fields; Electrostatic Potential and Capacitance,Conductors and Dielectrics,Conductor in an electric field,Direct MCQ,Easy,Recall,B,False,
NEET27-PHY-1052,XII,Unit 11: Electrostatics,Electric Charges and Fields; Electrostatic Potential and Capacitance,Conductors and Dielectrics,Conductor in an electric field,Conceptual/application MCQ,Medium,Application,B,False,
NEET27-PHY-1053,XII,Unit 11: Electrostatics,Electric Charges and Fields; Electrostatic Potential and Capacitance,Coulomb's Law,Superposition of forces,Conceptual/application MCQ,Medium,Application,A,False,
NEET27-PHY-1054,XII,Unit 11: Electrostatics,Electric Charges and Fields; Electrostatic Potential and Capacitance,Coulomb's Law,Force between point charges,Direct MCQ,Easy,Recall,D,False,
NEET27-PHY-1055,XII,Unit 11: Electrostatics,Electric Charges and Fields; Electrostatic Potential and Capacitance,Coulomb's Law,Force between point charges,Multi-step numerical MCQ,Difficult,Analysis,A,False,
NEET27-PHY-1056,XII,Unit 11: Electrostatics,Electric Charges and Fields; Electrostatic Potential and Capacitance,Coulomb's Law,Effect of the medium,One-step numerical MCQ,Medium,Application,A,False,
NEET27-PHY-1057,XII,Unit 11: Electrostatics,Electric Charges and Fields; Electrostatic Potential and Capacitance,Coulomb's Law,Equilibrium of charges,Multi-step numerical MCQ,Difficult,Analysis,C,False,
NEET27-PHY-1058,XII,Unit 11: Electrostatics,Electric Charges and Fields; Electrostatic Potential and Capacitance,Coulomb's Law,Effect of medium and dielectric constant,Direct MCQ,Easy,Recall,A,False,
NEET27-PHY-1059,XII,Unit 11: Electrostatics,Electric Charges and Fields; Electrostatic Potential and Capacitance,Coulomb's Law,Statement of the law,Direct MCQ,Easy,Recall,B,False,
NEET27-PHY-1060,XII,Unit 11: Electrostatics,Electric Charges and Fields; Electrostatic Potential and Capacitance,Coulomb's Law,Force between point charges,Conceptual/application MCQ,Medium,Application,C,False,
NEET27-PHY-1061,XII,Unit 11: Electrostatics,Electric Charges and Fields; Electrostatic Potential and Capacitance,Coulomb's Law,Inverse square dependence,One-step numerical MCQ,Medium,Application,B,False,
NEET27-PHY-1062,XII,Unit 11: Electrostatics,Electric Charges and Fields; Electrostatic Potential and Capacitance,Coulomb's Law,Constants in Coulomb's law,Direct MCQ,Easy,Recall,B,False,
NEET27-PHY-1063,XII,Unit 11: Electrostatics,Electric Charges and Fields; Electrostatic Potential and Capacitance,Coulomb's Law,Effect of the medium,Direct MCQ,Easy,Recall,B,False,
NEET27-PHY-1064,XII,Unit 11: Electrostatics,Electric Charges and Fields; Electrostatic Potential and Capacitance,Coulomb's Law,Dielectric constant,Direct MCQ,Easy,Recall,A,False,
NEET27-PHY-1065,XII,Unit 11: Electrostatics,Electric Charges and Fields; Electrostatic Potential and Capacitance,Coulomb's Law,Comparison with gravitation,Conceptual/application MCQ,Difficult,Analysis,C,False,
NEET27-PHY-1066,XII,Unit 11: Electrostatics,Electric Charges and Fields; Electrostatic Potential and Capacitance,Coulomb's Law,Force between two point charges,One-step numerical MCQ,Medium,Application,B,False,
NEET27-PHY-1067,XII,Unit 11: Electrostatics,Electric Charges and Fields; Electrostatic Potential and Capacitance,Coulomb's Law,Equilibrium of charges,Multi-step numerical MCQ,Difficult,Analysis,B,False,
NEET27-PHY-1068,XII,Unit 11: Electrostatics,Electric Charges and Fields; Electrostatic Potential and Capacitance,Coulomb's Law,Force between point charges,Multi-step numerical MCQ,Difficult,Analysis,B,False,
NEET27-PHY-1069,XII,Unit 11: Electrostatics,Electric Charges and Fields; Electrostatic Potential and Capacitance,Coulomb's Law,Force between point charges,Conceptual/application MCQ,Easy,Application,C,False,
NEET27-PHY-1070,XII,Unit 11: Electrostatics,Electric Charges and Fields; Electrostatic Potential and Capacitance,Coulomb's Law,Comparison with gravitation,Conceptual/application MCQ,Medium,Application,C,False,
NEET27-PHY-1071,XII,Unit 11: Electrostatics,Electric Charges and Fields; Electrostatic Potential and Capacitance,Coulomb's Law,Newton's third law and Coulomb forces,Conceptual/application MCQ,Medium,Application,D,False,
NEET27-PHY-1072,XII,Unit 11: Electrostatics,Electric Charges and Fields; Electrostatic Potential and Capacitance,Coulomb's Law,Effect of medium and dielectric constant,Multi-step numerical MCQ,Medium,Application,C,False,
NEET27-PHY-1073,XII,Unit 11: Electrostatics,Electric Charges and Fields; Electrostatic Potential and Capacitance,Coulomb's Law,Scaling of the Coulomb force,Conceptual/application MCQ,Medium,Application,D,False,
NEET27-PHY-1074,XII,Unit 11: Electrostatics,Electric Charges and Fields; Electrostatic Potential and Capacitance,Electric Charge,Additivity of charge,One-step numerical MCQ,Easy,Application,B,False,
NEET27-PHY-1075,XII,Unit 11: Electrostatics,Electric Charges and Fields; Electrostatic Potential and Capacitance,Electric Charge,Charge sharing by conduction,Multi-step numerical MCQ,Difficult,Analysis,C,False,
NEET27-PHY-1076,XII,Unit 11: Electrostatics,Electric Charges and Fields; Electrostatic Potential and Capacitance,Electric Charge,Conservation and quantisation,Multi-step numerical MCQ,Difficult,Analysis,D,False,
NEET27-PHY-1077,XII,Unit 11: Electrostatics,Electric Charges and Fields; Electrostatic Potential and Capacitance,Electric Charge,Gold leaf electroscope,Direct MCQ,Easy,Recall,C,False,
NEET27-PHY-1078,XII,Unit 11: Electrostatics,Electric Charges and Fields; Electrostatic Potential and Capacitance,Electric Charge,Quantisation of charge,Direct MCQ,Easy,Recall,D,False,
NEET27-PHY-1079,XII,Unit 11: Electrostatics,Electric Charges and Fields; Electrostatic Potential and Capacitance,Electric Charge,Charging by induction,Conceptual/application MCQ,Medium,Application,C,False,
NEET27-PHY-1080,XII,Unit 11: Electrostatics,Electric Charges and Fields; Electrostatic Potential and Capacitance,Electric Charge,Conservation of charge,Direct MCQ,Easy,Recall,D,False,
NEET27-PHY-1081,XII,Unit 11: Electrostatics,Electric Charges and Fields; Electrostatic Potential and Capacitance,Electric Charge,Quantisation of charge,One-step numerical MCQ,Medium,Application,C,False,
NEET27-PHY-1082,XII,Unit 11: Electrostatics,Electric Charges and Fields; Electrostatic Potential and Capacitance,Electric Charge,Basic properties of charge,Statement-based MCQ,Medium,Analysis,D,False,
NEET27-PHY-1083,XII,Unit 11: Electrostatics,Electric Charges and Fields; Electrostatic Potential and Capacitance,Electric Charge,Charging by friction,Multi-step numerical MCQ,Difficult,Analysis,D,False,
NEET27-PHY-1084,XII,Unit 11: Electrostatics,Electric Charges and Fields; Electrostatic Potential and Capacitance,Electric Charge,Charging by induction,Direct MCQ,Medium,Application,A,False,
NEET27-PHY-1085,XII,Unit 11: Electrostatics,Electric Charges and Fields; Electrostatic Potential and Capacitance,Electric Charge,Quantisation of charge,Direct MCQ,Difficult,Analysis,D,False,
NEET27-PHY-1086,XII,Unit 11: Electrostatics,Electric Charges and Fields; Electrostatic Potential and Capacitance,Electric Charge,Charge sharing by conduction,Multi-step numerical MCQ,Difficult,Analysis,C,False,
NEET27-PHY-1087,XII,Unit 11: Electrostatics,Electric Charges and Fields; Electrostatic Potential and Capacitance,Electric Charge,Charging by friction,Direct MCQ,Easy,Recall,D,False,
NEET27-PHY-1088,XII,Unit 11: Electrostatics,Electric Charges and Fields; Electrostatic Potential and Capacitance,Electric Charge,Quantisation of charge,One-step numerical MCQ,Medium,Application,B,False,
NEET27-PHY-1089,XII,Unit 11: Electrostatics,Electric Charges and Fields; Electrostatic Potential and Capacitance,Electric Charge,Quantisation of charge,One-step numerical MCQ,Easy,Application,A,False,
NEET27-PHY-1090,XII,Unit 11: Electrostatics,Electric Charges and Fields; Electrostatic Potential and Capacitance,Electric Charge,Charge sharing by conduction,One-step numerical MCQ,Medium,Application,B,False,
NEET27-PHY-1091,XII,Unit 11: Electrostatics,Electric Charges and Fields; Electrostatic Potential and Capacitance,Electric Charge,Quantisation of charge,Direct MCQ,Medium,Application,D,False,
NEET27-PHY-1092,XII,Unit 11: Electrostatics,Electric Charges and Fields; Electrostatic Potential and Capacitance,Electric Dipole,Potential energy of a dipole,Direct MCQ,Easy,Recall,D,False,
NEET27-PHY-1093,XII,Unit 11: Electrostatics,Electric Charges and Fields; Electrostatic Potential and Capacitance,Electric Dipole,Oscillation of a dipole,Conceptual/application MCQ,Medium,Application,D,False,
NEET27-PHY-1094,XII,Unit 11: Electrostatics,Electric Charges and Fields; Electrostatic Potential and Capacitance,Electric Dipole,Dipole moment,Direct MCQ,Easy,Recall,B,False,
NEET27-PHY-1095,XII,Unit 11: Electrostatics,Electric Charges and Fields; Electrostatic Potential and Capacitance,Electric Dipole,Potential energy of a dipole,One-step numerical MCQ,Medium,Application,C,False,
NEET27-PHY-1096,XII,Unit 11: Electrostatics,Electric Charges and Fields; Electrostatic Potential and Capacitance,Electric Dipole,Oscillation of a dipole,Multi-step numerical MCQ,Difficult,Analysis,B,False,
NEET27-PHY-1097,XII,Unit 11: Electrostatics,Electric Charges and Fields; Electrostatic Potential and Capacitance,Electric Dipole,Dipole in a uniform field,Direct MCQ,Medium,Application,D,False,
NEET27-PHY-1098,XII,Unit 11: Electrostatics,Electric Charges and Fields; Electrostatic Potential and Capacitance,Electric Dipole,Dipole in a non uniform field,Multi-step numerical MCQ,Difficult,Analysis,A,False,
NEET27-PHY-1099,XII,Unit 11: Electrostatics,Electric Charges and Fields; Electrostatic Potential and Capacitance,Electric Dipole,Potential energy of a dipole,Multi-step numerical MCQ,Difficult,Analysis,D,False,
NEET27-PHY-1100,XII,Unit 11: Electrostatics,Electric Charges and Fields; Electrostatic Potential and Capacitance,Electric Dipole,Oscillation of a dipole,Multi-step numerical MCQ,Difficult,Analysis,B,False,
NEET27-PHY-1101,XII,Unit 11: Electrostatics,Electric Charges and Fields; Electrostatic Potential and Capacitance,Electric Dipole,Dipole moment,One-step numerical MCQ,Easy,Application,D,False,
NEET27-PHY-1102,XII,Unit 11: Electrostatics,Electric Charges and Fields; Electrostatic Potential and Capacitance,Electric Dipole,Torque on a dipole,Direct MCQ,Easy,Recall,C,False,
NEET27-PHY-1103,XII,Unit 11: Electrostatics,Electric Charges and Fields; Electrostatic Potential and Capacitance,Electric Dipole,Potential energy of a dipole,Multi-step numerical MCQ,Medium,Application,B,False,
NEET27-PHY-1104,XII,Unit 11: Electrostatics,Electric Charges and Fields; Electrostatic Potential and Capacitance,Electric Field,Field lines and their properties,Direct MCQ,Easy,Recall,B,False,
NEET27-PHY-1105,XII,Unit 11: Electrostatics,Electric Charges and Fields; Electrostatic Potential and Capacitance,Electric Field,Superposition of fields,Direct MCQ,Medium,Application,A,False,
NEET27-PHY-1106,XII,Unit 11: Electrostatics,Electric Charges and Fields; Electrostatic Potential and Capacitance,Electric Field,Field due to a point charge,One-step numerical MCQ,Medium,Application,C,False,
NEET27-PHY-1107,XII,Unit 11: Electrostatics,Electric Charges and Fields; Electrostatic Potential and Capacitance,Electric Field,Field lines and their properties,Conceptual/application MCQ,Medium,Application,B,False,
NEET27-PHY-1108,XII,Unit 11: Electrostatics,Electric Charges and Fields; Electrostatic Potential and Capacitance,Electric Field,Effect of the medium,Conceptual/application MCQ,Difficult,Analysis,D,False,
NEET27-PHY-1109,XII,Unit 11: Electrostatics,Electric Charges and Fields; Electrostatic Potential and Capacitance,Electric Field,Field due to a point charge,Multi-step numerical MCQ,Difficult,Analysis,B,False,
NEET27-PHY-1110,XII,Unit 11: Electrostatics,Electric Charges and Fields; Electrostatic Potential and Capacitance,Electric Field,Field due to a point charge,Graph/data interpretation MCQ,Medium,Analysis,A,False,
NEET27-PHY-1111,XII,Unit 11: Electrostatics,Electric Charges and Fields; Electrostatic Potential and Capacitance,Electric Field,Electric lines of force,Direct MCQ,Easy,Recall,C,False,
NEET27-PHY-1112,XII,Unit 11: Electrostatics,Electric Charges and Fields; Electrostatic Potential and Capacitance,Electric Field,Uniform field,One-step numerical MCQ,Medium,Application,D,False,
NEET27-PHY-1113,XII,Unit 11: Electrostatics,Electric Charges and Fields; Electrostatic Potential and Capacitance,Electric Field,Motion of a charge in a uniform field,Conceptual/application MCQ,Medium,Application,D,False,
NEET27-PHY-1114,XII,Unit 11: Electrostatics,Electric Charges and Fields; Electrostatic Potential and Capacitance,Electric Field,Superposition of fields,One-step numerical MCQ,Difficult,Analysis,C,False,
NEET27-PHY-1115,XII,Unit 11: Electrostatics,Electric Charges and Fields; Electrostatic Potential and Capacitance,Electric Field,Uniform field,Multi-step numerical MCQ,Difficult,Analysis,C,False,
NEET27-PHY-1116,XII,Unit 11: Electrostatics,Electric Charges and Fields; Electrostatic Potential and Capacitance,Electric Field,Field due to a system of charges,Conceptual/application MCQ,Difficult,Analysis,A,False,
NEET27-PHY-1117,XII,Unit 11: Electrostatics,Electric Charges and Fields; Electrostatic Potential and Capacitance,Electric Field,Electric lines of force,Direct MCQ,Easy,Recall,A,False,
NEET27-PHY-1118,XII,Unit 11: Electrostatics,Electric Charges and Fields; Electrostatic Potential and Capacitance,Electric Field,Field near a conductor,Direct MCQ,Medium,Application,A,False,
NEET27-PHY-1119,XII,Unit 11: Electrostatics,Electric Charges and Fields; Electrostatic Potential and Capacitance,Electric Field,Motion of a charge in a uniform field,Conceptual/application MCQ,Medium,Application,B,False,
NEET27-PHY-1120,XII,Unit 11: Electrostatics,Electric Charges and Fields; Electrostatic Potential and Capacitance,Electric Field,Force on a charge in a field,Direct MCQ,Medium,Application,C,False,
NEET27-PHY-1121,XII,Unit 11: Electrostatics,Electric Charges and Fields; Electrostatic Potential and Capacitance,Electric Field,Field due to a point charge,Conceptual/application MCQ,Medium,Application,B,False,
NEET27-PHY-1122,XII,Unit 11: Electrostatics,Electric Charges and Fields; Electrostatic Potential and Capacitance,Electric Field,Field due to a point charge,Direct MCQ,Easy,Recall,A,False,
NEET27-PHY-1123,XII,Unit 11: Electrostatics,Electric Charges and Fields; Electrostatic Potential and Capacitance,Electric Flux,Flux through a curved surface,Conceptual/application MCQ,Difficult,Analysis,D,False,
NEET27-PHY-1124,XII,Unit 11: Electrostatics,Electric Charges and Fields; Electrostatic Potential and Capacitance,Electric Flux,Definition of electric flux,Direct MCQ,Easy,Recall,D,False,
NEET27-PHY-1125,XII,Unit 11: Electrostatics,Electric Charges and Fields; Electrostatic Potential and Capacitance,Electric Flux,Flux through a closed surface,Conceptual/application MCQ,Difficult,Analysis,B,False,
NEET27-PHY-1126,XII,Unit 11: Electrostatics,Electric Charges and Fields; Electrostatic Potential and Capacitance,Electric Flux,Nature of electric flux,Direct MCQ,Easy,Recall,A,False,
NEET27-PHY-1127,XII,Unit 11: Electrostatics,Electric Charges and Fields; Electrostatic Potential and Capacitance,Electric Flux,Flux through a closed surface,Conceptual/application MCQ,Medium,Application,A,False,
NEET27-PHY-1128,XII,Unit 11: Electrostatics,Electric Charges and Fields; Electrostatic Potential and Capacitance,Electric Flux,Flux through a plane surface,Direct MCQ,Medium,Application,A,False,
NEET27-PHY-1129,XII,Unit 11: Electrostatics,Electric Charges and Fields; Electrostatic Potential and Capacitance,Electric Flux,Flux through a plane surface,Direct MCQ,Easy,Recall,A,False,
NEET27-PHY-1130,XII,Unit 11: Electrostatics,Electric Charges and Fields; Electrostatic Potential and Capacitance,Electric Potential,Potential difference,Conceptual/application MCQ,Difficult,Analysis,B,False,
NEET27-PHY-1131,XII,Unit 11: Electrostatics,Electric Charges and Fields; Electrostatic Potential and Capacitance,Electric Potential,Potential due to a dipole,Conceptual/application MCQ,Medium,Application,C,False,
NEET27-PHY-1132,XII,Unit 11: Electrostatics,Electric Charges and Fields; Electrostatic Potential and Capacitance,Electric Potential,Equipotential surfaces,Direct MCQ,Easy,Recall,A,False,
NEET27-PHY-1133,XII,Unit 11: Electrostatics,Electric Charges and Fields; Electrostatic Potential and Capacitance,Electric Potential,Work done,Multi-step numerical MCQ,Difficult,Analysis,A,False,
NEET27-PHY-1134,XII,Unit 11: Electrostatics,Electric Charges and Fields; Electrostatic Potential and Capacitance,Electric Potential,Relation E = -dV/dr,One-step numerical MCQ,Medium,Application,D,False,
NEET27-PHY-1135,XII,Unit 11: Electrostatics,Electric Charges and Fields; Electrostatic Potential and Capacitance,Electric Potential,Relation E = -dV/dr,Direct MCQ,Medium,Application,A,False,
NEET27-PHY-1136,XII,Unit 11: Electrostatics,Electric Charges and Fields; Electrostatic Potential and Capacitance,Electric Potential,Relation E = -dV/dr,Direct MCQ,Easy,Recall,C,False,
NEET27-PHY-1137,XII,Unit 11: Electrostatics,Electric Charges and Fields; Electrostatic Potential and Capacitance,Electric Potential,Work done,One-step numerical MCQ,Easy,Application,D,False,
NEET27-PHY-1138,XII,Unit 11: Electrostatics,Electric Charges and Fields; Electrostatic Potential and Capacitance,Electric Potential,Potential due to a point charge,Graph/data interpretation MCQ,Difficult,Analysis,A,False,
NEET27-PHY-1139,XII,Unit 11: Electrostatics,Electric Charges and Fields; Electrostatic Potential and Capacitance,Electric Potential,Work done,Conceptual/application MCQ,Medium,Application,A,False,
NEET27-PHY-1140,XII,Unit 11: Electrostatics,Electric Charges and Fields; Electrostatic Potential and Capacitance,Electric Potential and Potential Difference,Electron volt,Direct MCQ,Easy,Recall,C,False,
NEET27-PHY-1141,XII,Unit 11: Electrostatics,Electric Charges and Fields; Electrostatic Potential and Capacitance,Electric Potential and Potential Difference,Nature of potential,Direct MCQ,Easy,Recall,D,False,
NEET27-PHY-1142,XII,Unit 11: Electrostatics,Electric Charges and Fields; Electrostatic Potential and Capacitance,Electric Potential and Potential Difference,Potential of a conductor,Conceptual/application MCQ,Medium,Application,C,False,
NEET27-PHY-1143,XII,Unit 11: Electrostatics,Electric Charges and Fields; Electrostatic Potential and Capacitance,Electric Potential and Potential Difference,Definition of potential,Direct MCQ,Easy,Recall,D,False,
NEET27-PHY-1144,XII,Unit 11: Electrostatics,Electric Charges and Fields; Electrostatic Potential and Capacitance,Electric Potential and Potential Difference,Work done in moving a charge,Multi-step numerical MCQ,Difficult,Analysis,D,False,
NEET27-PHY-1145,XII,Unit 11: Electrostatics,Electric Charges and Fields; Electrostatic Potential and Capacitance,Electric Potential and Potential Difference,Potential and field,Conceptual/application MCQ,Difficult,Analysis,B,False,
NEET27-PHY-1146,XII,Unit 11: Electrostatics,Electric Charges and Fields; Electrostatic Potential and Capacitance,Electric Potential and Potential Difference,Electron volt,One-step numerical MCQ,Medium,Application,C,False,
NEET27-PHY-1147,XII,Unit 11: Electrostatics,Electric Charges and Fields; Electrostatic Potential and Capacitance,Electric Potential and Potential Difference,Equipotential surfaces,Direct MCQ,Easy,Recall,B,False,
NEET27-PHY-1148,XII,Unit 11: Electrostatics,Electric Charges and Fields; Electrostatic Potential and Capacitance,Electric Potential and Potential Difference,Potential due to a system of charges,One-step numerical MCQ,Medium,Application,B,False,
NEET27-PHY-1149,XII,Unit 11: Electrostatics,Electric Charges and Fields; Electrostatic Potential and Capacitance,Electric Potential and Potential Difference,Potential due to a point charge,Conceptual/application MCQ,Medium,Application,C,False,
NEET27-PHY-1150,XII,Unit 11: Electrostatics,Electric Charges and Fields; Electrostatic Potential and Capacitance,Electric Potential and Potential Difference,Work and potential difference,One-step numerical MCQ,Medium,Application,C,False,
NEET27-PHY-1151,XII,Unit 11: Electrostatics,Electric Charges and Fields; Electrostatic Potential and Capacitance,Electric Potential and Potential Difference,Equipotential surfaces,Direct MCQ,Medium,Application,A,False,
NEET27-PHY-1152,XII,Unit 11: Electrostatics,Electric Charges and Fields; Electrostatic Potential and Capacitance,Electric Potential and Potential Difference,Work done in moving a charge,One-step numerical MCQ,Difficult,Analysis,C,False,
NEET27-PHY-1153,XII,Unit 11: Electrostatics,Electric Charges and Fields; Electrostatic Potential and Capacitance,Gauss's Law,Field due to an infinite plane sheet,One-step numerical MCQ,Easy,Application,B,False,
NEET27-PHY-1154,XII,Unit 11: Electrostatics,Electric Charges and Fields; Electrostatic Potential and Capacitance,Gauss's Law,Statement of Gauss's law,Direct MCQ,Easy,Recall,B,False,
NEET27-PHY-1155,XII,Unit 11: Electrostatics,Electric Charges and Fields; Electrostatic Potential and Capacitance,Gauss's Law,Flux through open surfaces,Multi-step numerical MCQ,Difficult,Analysis,B,False,
NEET27-PHY-1156,XII,Unit 11: Electrostatics,Electric Charges and Fields; Electrostatic Potential and Capacitance,Gauss's Law,Field due to an infinite plane sheet,Conceptual/application MCQ,Difficult,Analysis,C,False,
NEET27-PHY-1157,XII,Unit 11: Electrostatics,Electric Charges and Fields; Electrostatic Potential and Capacitance,Gauss's law,infinite line charge,One-step numerical MCQ,Medium,Application,D,False,
NEET27-PHY-1158,XII,Unit 11: Electrostatics,Electric Charges and Fields; Electrostatic Potential and Capacitance,Gauss's law,infinite plane sheet,Conceptual/application MCQ,Easy,Application,A,False,
NEET27-PHY-1159,XII,Unit 11: Electrostatics,Electric Charges and Fields; Electrostatic Potential and Capacitance,Gauss's law,line-charge scaling,Conceptual/application MCQ,Easy,Application,A,False,
NEET27-PHY-1160,XII,Unit 11: Electrostatics,Electric Charges and Fields; Electrostatic Potential and Capacitance,Gauss's law,field discontinuity,Conceptual/application MCQ,Difficult,Analysis,B,False,
NEET27-PHY-1161,XII,Unit 11: Electrostatics,Electric Charges and Fields; Electrostatic Potential and Capacitance,Gauss's law,charged spherical shell inside,Conceptual/application MCQ,Easy,Application,D,False,
NEET27-PHY-1162,XII,Unit 11: Electrostatics,Electric Charges and Fields; Electrostatic Potential and Capacitance,Gauss's law,charged spherical shell outside,One-step numerical MCQ,Medium,Application,B,False,
NEET27-PHY-1163,XII,Unit 11: Electrostatics,Electric Charges and Fields; Electrostatic Potential and Capacitance,Potential Energy of Charges,Energy of a system of point charges,Multi-step numerical MCQ,Difficult,Analysis,C,False,
NEET27-PHY-1164,XII,Unit 11: Electrostatics,Electric Charges and Fields; Electrostatic Potential and Capacitance,Potential Energy of Charges,Energy of a system of point charges,Multi-step numerical MCQ,Difficult,Analysis,C,False,
NEET27-PHY-1165,XII,Unit 11: Electrostatics,Electric Charges and Fields; Electrostatic Potential and Capacitance,Potential Energy of Charges,Energy of a system of point charges,Direct MCQ,Easy,Recall,A,False,
NEET27-PHY-1166,XII,Unit 11: Electrostatics,Electric Charges and Fields; Electrostatic Potential and Capacitance,Potential Energy of Charges,Work done in assembling charges,Direct MCQ,Easy,Recall,B,False,
NEET27-PHY-1167,XII,Unit 11: Electrostatics,Electric Charges and Fields; Electrostatic Potential and Capacitance,Potential Energy of Charges,Work done in assembling charges,Multi-step numerical MCQ,Difficult,Analysis,A,False,
NEET27-PHY-1168,XII,Unit 11: Electrostatics,Electric Charges and Fields; Electrostatic Potential and Capacitance,Potential Energy of Charges,Energy of a system of point charges,One-step numerical MCQ,Easy,Application,D,False,
NEET27-PHY-1169,XII,Unit 11: Electrostatics,Electric Charges and Fields; Electrostatic Potential and Capacitance,Potential Energy of Charges,Work done in assembling charges,Conceptual/application MCQ,Medium,Application,C,False,
NEET27-PHY-1170,XII,Unit 11: Electrostatics,Electric Charges and Fields; Electrostatic Potential and Capacitance,Potential Energy of Charges,Energy of a system of point charges,Conceptual/application MCQ,Medium,Application,B,False,
NEET27-PHY-1171,XII,Unit 12: Current Electricity,Current Electricity,Cells,internal resistance,One-step numerical MCQ,Medium,Application,C,False,
NEET27-PHY-1172,XII,Unit 12: Current Electricity,Current Electricity,Cells,series combination,Conceptual/application MCQ,Easy,Application,C,False,
NEET27-PHY-1173,XII,Unit 12: Current Electricity,Current Electricity,Cells,internal resistance,One-step numerical MCQ,Medium,Application,C,False,
NEET27-PHY-1174,XII,Unit 12: Current Electricity,Current Electricity,Cells and EMF,Graph of V against I,Conceptual/application MCQ,Difficult,Analysis,C,False,
NEET27-PHY-1175,XII,Unit 12: Current Electricity,Current Electricity,Cells and EMF,Meaning of emf,Direct MCQ,Easy,Recall,D,False,
NEET27-PHY-1176,XII,Unit 12: Current Electricity,Current Electricity,Cells and EMF,Cells in series,One-step numerical MCQ,Easy,Application,D,False,
NEET27-PHY-1177,XII,Unit 12: Current Electricity,Current Electricity,Cells and EMF,Charging a cell,Conceptual/application MCQ,Easy,Application,C,False,
NEET27-PHY-1178,XII,Unit 12: Current Electricity,Current Electricity,Cells and EMF,Internal resistance,One-step numerical MCQ,Medium,Application,C,False,
NEET27-PHY-1179,XII,Unit 12: Current Electricity,Current Electricity,Cells and EMF,Cells in opposition,Multi-step numerical MCQ,Medium,Application,C,False,
NEET27-PHY-1180,XII,Unit 12: Current Electricity,Current Electricity,Cells and EMF,Cells in parallel,One-step numerical MCQ,Medium,Application,C,False,
NEET27-PHY-1181,XII,Unit 12: Current Electricity,Current Electricity,Cells and EMF,Mixed grouping of cells,Multi-step numerical MCQ,Difficult,Analysis,D,False,
NEET27-PHY-1182,XII,Unit 12: Current Electricity,Current Electricity,Cells and EMF,Maximum power transfer,Conceptual/application MCQ,Medium,Application,B,False,
NEET27-PHY-1183,XII,Unit 12: Current Electricity,Current Electricity,Cells and EMF,Unequal cells in parallel,Multi-step numerical MCQ,Difficult,Analysis,D,False,
NEET27-PHY-1184,XII,Unit 12: Current Electricity,Current Electricity,Cells and EMF,Power in the external circuit,One-step numerical MCQ,Medium,Application,B,False,
NEET27-PHY-1185,XII,Unit 12: Current Electricity,Current Electricity,Cells and EMF,Grouping of cells,Conceptual/application MCQ,Medium,Application,D,False,
NEET27-PHY-1186,XII,Unit 12: Current Electricity,Current Electricity,Cells and EMF,Terminal potential difference,One-step numerical MCQ,Easy,Application,A,False,
NEET27-PHY-1187,XII,Unit 12: Current Electricity,Current Electricity,Cells and EMF,Internal resistance,Multi-step numerical MCQ,Difficult,Analysis,C,False,
NEET27-PHY-1188,XII,Unit 12: Current Electricity,Current Electricity,Cells and EMF,Maximum power and efficiency,Multi-step numerical MCQ,Difficult,Analysis,B,False,
NEET27-PHY-1189,XII,Unit 12: Current Electricity,Current Electricity,Combination of Resistors,Symmetrical networks,Conceptual/application MCQ,Difficult,Analysis,B,False,
NEET27-PHY-1190,XII,Unit 12: Current Electricity,Current Electricity,Combination of Resistors,Current in a parallel network,One-step numerical MCQ,Medium,Application,A,False,
NEET27-PHY-1191,XII,Unit 12: Current Electricity,Current Electricity,Combination of Resistors,Parallel combination,One-step numerical MCQ,Easy,Application,A,False,
NEET27-PHY-1192,XII,Unit 12: Current Electricity,Current Electricity,Combination of Resistors,Short circuited resistor,Conceptual/application MCQ,Difficult,Analysis,A,False,
NEET27-PHY-1193,XII,Unit 12: Current Electricity,Current Electricity,Combination of Resistors,Series combination,Direct MCQ,Easy,Recall,A,False,
NEET27-PHY-1194,XII,Unit 12: Current Electricity,Current Electricity,Combination of Resistors,Wire bent into a ring,One-step numerical MCQ,Medium,Application,C,False,
NEET27-PHY-1195,XII,Unit 12: Current Electricity,Current Electricity,Combination of Resistors,Mixed combination,One-step numerical MCQ,Medium,Application,B,False,
NEET27-PHY-1196,XII,Unit 12: Current Electricity,Current Electricity,Combination of Resistors,Effect of adding a parallel branch,Conceptual/application MCQ,Medium,Application,D,False,
NEET27-PHY-1197,XII,Unit 12: Current Electricity,Current Electricity,Combination of Resistors,Maximum and minimum resistance,Conceptual/application MCQ,Easy,Application,A,False,
NEET27-PHY-1198,XII,Unit 12: Current Electricity,Current Electricity,Combination of Resistors,Potential divider,Conceptual/application MCQ,Medium,Application,B,False,
NEET27-PHY-1199,XII,Unit 12: Current Electricity,Current Electricity,Combination of Resistors,Infinite ladder network,Multi-step numerical MCQ,Difficult,Analysis,B,False,
NEET27-PHY-1200,XII,Unit 12: Current Electricity,Current Electricity,Combination of Resistors,Parallel combination,One-step numerical MCQ,Easy,Application,D,False,
NEET27-PHY-1201,XII,Unit 12: Current Electricity,Current Electricity,Combination of Resistors,Current division,Multi-step numerical MCQ,Difficult,Analysis,D,False,
NEET27-PHY-1202,XII,Unit 12: Current Electricity,Current Electricity,Combination of Resistors,Series and parallel data,Multi-step numerical MCQ,Medium,Application,D,False,
NEET27-PHY-1203,XII,Unit 12: Current Electricity,Current Electricity,Combination of Resistors,Designing a combination,Conceptual/application MCQ,Difficult,Analysis,B,False,
NEET27-PHY-1204,XII,Unit 12: Current Electricity,Current Electricity,Combination of Resistors,Closed loop network,Multi-step numerical MCQ,Difficult,Analysis,C,False,
NEET27-PHY-1205,XII,Unit 12: Current Electricity,Current Electricity,Combination of Resistors,Wire bent into a ring,One-step numerical MCQ,Medium,Application,C,False,
NEET27-PHY-1206,XII,Unit 12: Current Electricity,Current Electricity,Combination of Resistors,Bridge type network,Conceptual/application MCQ,Difficult,Analysis,A,False,
NEET27-PHY-1207,XII,Unit 12: Current Electricity,Current Electricity,Current electricity,"conduction, networks and cells",Conceptual/application MCQ,Medium,Application,C,False,
NEET27-PHY-1208,XII,Unit 12: Current Electricity,Current Electricity,Current electricity,"conduction, networks and cells",Conceptual/application MCQ,Easy,Application,B,False,
NEET27-PHY-1209,XII,Unit 12: Current Electricity,Current Electricity,Current electricity,"conduction, networks and cells",Conceptual/application MCQ,Medium,Application,A,False,
NEET27-PHY-1210,XII,Unit 12: Current Electricity,Current Electricity,Current electricity,"conduction, networks and cells",Conceptual/application MCQ,Easy,Application,B,False,
NEET27-PHY-1211,XII,Unit 12: Current Electricity,Current Electricity,Current electricity,"conduction, networks and cells",Conceptual/application MCQ,Easy,Application,C,False,
NEET27-PHY-1212,XII,Unit 12: Current Electricity,Current Electricity,Current electricity,"conduction, networks and cells",Conceptual/application MCQ,Easy,Application,A,False,
NEET27-PHY-1213,XII,Unit 12: Current Electricity,Current Electricity,Current electricity,"conduction, networks and cells",Conceptual/application MCQ,Easy,Application,D,False,
NEET27-PHY-1214,XII,Unit 12: Current Electricity,Current Electricity,Current electricity,"conduction, networks and cells",Conceptual/application MCQ,Easy,Application,D,False,
NEET27-PHY-1215,XII,Unit 12: Current Electricity,Current Electricity,Current electricity,"conduction, networks and cells",Statement-based MCQ,Medium,Analysis,A,False,
NEET27-PHY-1216,XII,Unit 12: Current Electricity,Current Electricity,Current electricity,"conduction, networks and cells",Conceptual/application MCQ,Easy,Application,C,False,
NEET27-PHY-1217,XII,Unit 12: Current Electricity,Current Electricity,Current electricity,"conduction, networks and cells",Conceptual/application MCQ,Easy,Application,C,False,
NEET27-PHY-1218,XII,Unit 12: Current Electricity,Current Electricity,Electric Current and Drift,Nature of electric current,Direct MCQ,Easy,Recall,A,False,
NEET27-PHY-1219,XII,Unit 12: Current Electricity,Current Electricity,Electric Current and Drift,Current density,Direct MCQ,Easy,Recall,C,False,
NEET27-PHY-1220,XII,Unit 12: Current Electricity,Current Electricity,Electric Current and Drift,Drift velocity,Conceptual/application MCQ,Difficult,Analysis,C,False,
NEET27-PHY-1221,XII,Unit 12: Current Electricity,Current Electricity,Electric Current and Drift,Mobility and current,Multi-step numerical MCQ,Difficult,Analysis,A,False,
NEET27-PHY-1222,XII,Unit 12: Current Electricity,Current Electricity,Electric Current and Drift,Current density,One-step numerical MCQ,Medium,Application,C,False,
NEET27-PHY-1223,XII,Unit 12: Current Electricity,Current Electricity,Electric Current and Drift,Drift velocity and area,Conceptual/application MCQ,Medium,Application,C,False,
NEET27-PHY-1224,XII,Unit 12: Current Electricity,Current Electricity,Electric Current and Drift,Drift velocity,Multi-step numerical MCQ,Difficult,Analysis,C,False,
NEET27-PHY-1225,XII,Unit 12: Current Electricity,Current Electricity,Electric Current and Drift,Mobility,One-step numerical MCQ,Medium,Application,B,False,
NEET27-PHY-1226,XII,Unit 12: Current Electricity,Current Electricity,Electric Current and Drift,Equivalent current,Multi-step numerical MCQ,Difficult,Analysis,C,False,
NEET27-PHY-1227,XII,Unit 12: Current Electricity,Current Electricity,Electric Current and Drift,Current and electron flow,One-step numerical MCQ,Easy,Application,A,False,
NEET27-PHY-1228,XII,Unit 12: Current Electricity,Current Electricity,Electric Current and Drift,Current density as a vector,Statement-based MCQ,Medium,Analysis,A,False,
NEET27-PHY-1229,XII,Unit 12: Current Electricity,Current Electricity,Electric Current and Drift,Definition of current,One-step numerical MCQ,Easy,Application,D,False,
NEET27-PHY-1230,XII,Unit 12: Current Electricity,Current Electricity,Electric Current and Drift,Relation I = n A e v_d,One-step numerical MCQ,Medium,Application,C,False,
NEET27-PHY-1231,XII,Unit 12: Current Electricity,Current Electricity,Electric Current and Drift,Drift velocity,Direct MCQ,Easy,Recall,B,False,
NEET27-PHY-1232,XII,Unit 12: Current Electricity,Current Electricity,Electric current,drift velocity,Conceptual/application MCQ,Easy,Application,B,False,
NEET27-PHY-1233,XII,Unit 12: Current Electricity,Current Electricity,Electric current,mobility,Direct MCQ,Easy,Recall,B,False,
NEET27-PHY-1234,XII,Unit 12: Current Electricity,Current Electricity,Electric current,current density,One-step numerical MCQ,Medium,Application,A,False,
NEET27-PHY-1235,XII,Unit 12: Current Electricity,Current Electricity,Electrical Power and Energy,Bulb on a lower supply,Conceptual/application MCQ,Difficult,Analysis,A,False,
NEET27-PHY-1236,XII,Unit 12: Current Electricity,Current Electricity,Electrical Power and Energy,Power in a circuit,One-step numerical MCQ,Easy,Application,A,False,
NEET27-PHY-1237,XII,Unit 12: Current Electricity,Current Electricity,Electrical Power and Energy,Bulbs in series,Conceptual/application MCQ,Medium,Application,D,False,
NEET27-PHY-1238,XII,Unit 12: Current Electricity,Current Electricity,Electrical Power and Energy,Cost of energy,Conceptual/application MCQ,Medium,Application,A,False,
NEET27-PHY-1239,XII,Unit 12: Current Electricity,Current Electricity,Electrical Power and Energy,Network of bulbs,Multi-step numerical MCQ,Difficult,Analysis,C,False,
NEET27-PHY-1240,XII,Unit 12: Current Electricity,Current Electricity,Electrical Power and Energy,Resistance from rating,One-step numerical MCQ,Medium,Application,B,False,
NEET27-PHY-1241,XII,Unit 12: Current Electricity,Current Electricity,Electrical Power and Energy,Electrical energy,One-step numerical MCQ,Easy,Application,C,False,
NEET27-PHY-1242,XII,Unit 12: Current Electricity,Current Electricity,Electrical Power and Energy,Power in a branch,Multi-step numerical MCQ,Difficult,Analysis,D,False,
NEET27-PHY-1243,XII,Unit 12: Current Electricity,Current Electricity,Electrical Power and Energy,Heating coils,Conceptual/application MCQ,Difficult,Analysis,D,False,
NEET27-PHY-1244,XII,Unit 12: Current Electricity,Current Electricity,Electrical Power and Energy,Heating effect,Multi-step numerical MCQ,Difficult,Analysis,B,False,
NEET27-PHY-1245,XII,Unit 12: Current Electricity,Current Electricity,Electrical resistance,resistivity relation,One-step numerical MCQ,Medium,Application,A,False,
NEET27-PHY-1246,XII,Unit 12: Current Electricity,Current Electricity,Electrical resistance,resistivity relation,One-step numerical MCQ,Medium,Application,D,False,
NEET27-PHY-1247,XII,Unit 12: Current Electricity,Current Electricity,Kirchhoff's Laws,Assumed current directions,Conceptual/application MCQ,Medium,Application,A,False,
NEET27-PHY-1248,XII,Unit 12: Current Electricity,Current Electricity,Kirchhoff's Laws,Capacitor in a dc network,Conceptual/application MCQ,Difficult,Analysis,B,False,
NEET27-PHY-1249,XII,Unit 12: Current Electricity,Current Electricity,Kirchhoff's Laws,Loading by a voltmeter,Conceptual/application MCQ,Difficult,Analysis,B,False,
NEET27-PHY-1250,XII,Unit 12: Current Electricity,Current Electricity,Kirchhoff's Laws,Loop rule with two cells,Multi-step numerical MCQ,Medium,Application,A,False,
NEET27-PHY-1251,XII,Unit 12: Current Electricity,Current Electricity,Kirchhoff's Laws,Node analysis,Multi-step numerical MCQ,Difficult,Analysis,A,False,
NEET27-PHY-1252,XII,Unit 12: Current Electricity,Current Electricity,Kirchhoff's Laws,Two cells in parallel,Multi-step numerical MCQ,Difficult,Analysis,D,False,
NEET27-PHY-1253,XII,Unit 12: Current Electricity,Current Electricity,Kirchhoff's Laws,Junction rule,One-step numerical MCQ,Easy,Application,C,False,
NEET27-PHY-1254,XII,Unit 12: Current Electricity,Current Electricity,Kirchhoff's Laws,Basis and scope of the rules,Statement-based MCQ,Medium,Analysis,B,False,
NEET27-PHY-1255,XII,Unit 12: Current Electricity,Current Electricity,Kirchhoff's Laws,Loop rule,Multi-step numerical MCQ,Medium,Application,A,False,
NEET27-PHY-1256,XII,Unit 12: Current Electricity,Current Electricity,Kirchhoff's Laws,Sign convention,Conceptual/application MCQ,Easy,Application,A,False,
NEET27-PHY-1257,XII,Unit 12: Current Electricity,Current Electricity,Kirchhoff's Laws,Independent equations,Conceptual/application MCQ,Medium,Application,A,False,
NEET27-PHY-1258,XII,Unit 12: Current Electricity,Current Electricity,Kirchhoff's Laws,Unknown resistance in a network,Multi-step numerical MCQ,Difficult,Analysis,A,False,
NEET27-PHY-1259,XII,Unit 12: Current Electricity,Current Electricity,Kirchhoff's Laws,Junction rule,Direct MCQ,Easy,Recall,A,False,
NEET27-PHY-1260,XII,Unit 12: Current Electricity,Current Electricity,Kirchhoff's Laws,Simple network,One-step numerical MCQ,Medium,Application,C,False,
NEET27-PHY-1261,XII,Unit 12: Current Electricity,Current Electricity,Kirchhoff's rules,junction rule,One-step numerical MCQ,Easy,Application,A,False,
NEET27-PHY-1262,XII,Unit 12: Current Electricity,Current Electricity,Resistance,temperature dependence,Conceptual/application MCQ,Medium,Application,C,False,
NEET27-PHY-1263,XII,Unit 12: Current Electricity,Current Electricity,Wheatstone Bridge,Properties of the balanced bridge,Conceptual/application MCQ,Medium,Application,A,False,
NEET27-PHY-1264,XII,Unit 12: Current Electricity,Current Electricity,Wheatstone Bridge,Metre bridge,One-step numerical MCQ,Medium,Application,C,False,
NEET27-PHY-1265,XII,Unit 12: Current Electricity,Current Electricity,Wheatstone Bridge,Balance condition,Direct MCQ,Easy,Recall,C,False,
NEET27-PHY-1266,XII,Unit 12: Current Electricity,Current Electricity,Wheatstone Bridge,Balance condition,One-step numerical MCQ,Easy,Application,B,False,
NEET27-PHY-1267,XII,Unit 12: Current Electricity,Current Electricity,Wheatstone Bridge,Metre bridge,Multi-step numerical MCQ,Medium,Application,C,False,
NEET27-PHY-1268,XII,Unit 12: Current Electricity,Current Electricity,Wheatstone Bridge,Balanced bridge,Direct MCQ,Easy,Recall,A,False,
NEET27-PHY-1269,XII,Unit 12: Current Electricity,Current Electricity,Wheatstone Bridge,Metre bridge,Conceptual/application MCQ,Medium,Application,A,False,
NEET27-PHY-1270,XII,Unit 12: Current Electricity,Current Electricity,Wheatstone Bridge,Balanced bridge,Multi-step numerical MCQ,Difficult,Analysis,D,False,
NEET27-PHY-1271,XII,Unit 12: Current Electricity,Current Electricity,Wheatstone Bridge,Metre bridge,Conceptual/application MCQ,Medium,Application,A,False,
NEET27-PHY-1272,XII,Unit 12: Current Electricity,Current Electricity,Wheatstone Bridge,Balanced bridge with a cell,Multi-step numerical MCQ,Difficult,Analysis,A,False,
NEET27-PHY-1273,XII,Unit 12: Current Electricity,Current Electricity,Wheatstone Bridge,Sensitivity,Conceptual/application MCQ,Medium,Application,B,False,
NEET27-PHY-1274,XII,Unit 12: Current Electricity,Current Electricity,Wheatstone Bridge,Restoring balance,Multi-step numerical MCQ,Difficult,Analysis,A,False,
NEET27-PHY-1275,XII,Unit 12: Current Electricity,Current Electricity,Wheatstone Bridge,Metre bridge,Conceptual/application MCQ,Difficult,Analysis,B,False,
NEET27-PHY-1276,XII,Unit 12: Current Electricity,Current Electricity,Wheatstone Bridge,Metre bridge,Conceptual/application MCQ,Easy,Application,A,False,
NEET27-PHY-1277,XII,Unit 12: Current Electricity,Current Electricity,Wheatstone bridge,balance condition,One-step numerical MCQ,Medium,Application,B,False,
NEET27-PHY-1278,XII,Unit 12: Current Electricity,Current Electricity,Wheatstone bridge,balance condition,One-step numerical MCQ,Medium,Application,C,False,
NEET27-PHY-1279,XII,Unit 12: Current Electricity,Current Electricity,Ω's Law and Resistance,Conductivity,One-step numerical MCQ,Medium,Application,D,False,
NEET27-PHY-1280,XII,Unit 12: Current Electricity,Current Electricity,Ω's Law and Resistance,Resistivity,Direct MCQ,Easy,Recall,D,False,
NEET27-PHY-1281,XII,Unit 12: Current Electricity,Current Electricity,Ω's Law and Resistance,Cutting and rejoining a wire,One-step numerical MCQ,Medium,Application,D,False,
NEET27-PHY-1282,XII,Unit 12: Current Electricity,Current Electricity,Ω's Law and Resistance,Series conductors of different materials,Statement-based MCQ,Difficult,Analysis,D,False,
NEET27-PHY-1283,XII,Unit 12: Current Electricity,Current Electricity,Ω's Law and Resistance,Resistance and resistivity,Conceptual/application MCQ,Medium,Application,D,False,
NEET27-PHY-1284,XII,Unit 12: Current Electricity,Current Electricity,Ω's Law and Resistance,Resistance of a wire,One-step numerical MCQ,Easy,Application,C,False,
NEET27-PHY-1285,XII,Unit 12: Current Electricity,Current Electricity,Ω's Law and Resistance,Temperature dependence of resistivity,Multi-step numerical MCQ,Difficult,Analysis,B,False,
NEET27-PHY-1286,XII,Unit 12: Current Electricity,Current Electricity,Ω's Law and Resistance,Temperature coefficient,One-step numerical MCQ,Medium,Application,D,False,
NEET27-PHY-1287,XII,Unit 12: Current Electricity,Current Electricity,Ω's Law and Resistance,Stretching and folding a wire,Multi-step numerical MCQ,Difficult,Analysis,C,False,
NEET27-PHY-1288,XII,Unit 12: Current Electricity,Current Electricity,Ω's Law and Resistance,Stretching a wire,Conceptual/application MCQ,Medium,Application,D,False,
NEET27-PHY-1289,XII,Unit 12: Current Electricity,Current Electricity,Ω's Law and Resistance,Statement of Ω's law,Direct MCQ,Easy,Recall,C,False,
NEET27-PHY-1290,XII,Unit 12: Current Electricity,Current Electricity,Ω's Law and Resistance,Resistance and geometry,One-step numerical MCQ,Medium,Application,C,False,
NEET27-PHY-1291,XII,Unit 12: Current Electricity,Current Electricity,Ω's Law and Resistance,Temperature coefficient,Multi-step numerical MCQ,Difficult,Analysis,D,False,
NEET27-PHY-1292,XII,Unit 12: Current Electricity,Current Electricity,Ω's Law and Resistance,V versus I graph,Conceptual/application MCQ,Medium,Application,C,False,
NEET27-PHY-1293,XII,Unit 12: Current Electricity,Current Electricity,Ω's Law and Resistance,Ohmic and non ohmic devices,Direct MCQ,Medium,Application,D,False,
NEET27-PHY-1294,XII,Unit 12: Current Electricity,Current Electricity,Ω's Law and Resistance,Effect of temperature,Conceptual/application MCQ,Easy,Application,A,False,
NEET27-PHY-1295,XII,Unit 12: Current Electricity,Current Electricity,Ω's Law and Resistance,Drift speed and resistance,Conceptual/application MCQ,Difficult,Analysis,B,False,
NEET27-PHY-1296,XII,Unit 12: Current Electricity,Current Electricity,Ω's Law and Resistance,Resistivity from measurements,Multi-step numerical MCQ,Difficult,Analysis,B,False,
NEET27-PHY-1297,XII,Unit 13: Magnetic Effects of Current and Magnetism,Moving Charges and Magnetism; Magnetism and Matter,Ampere's Circuital Law,Currents outside the loop,Conceptual/application MCQ,Easy,Application,A,False,
NEET27-PHY-1298,XII,Unit 13: Magnetic Effects of Current and Magnetism,Moving Charges and Magnetism; Magnetism and Matter,Ampere's Circuital Law,Equal fields inside and outside,Multi-step numerical MCQ,Difficult,Analysis,C,False,
NEET27-PHY-1299,XII,Unit 13: Magnetic Effects of Current and Magnetism,Moving Charges and Magnetism; Magnetism and Matter,Ampere's Circuital Law,Validity and usefulness,Statement-based MCQ,Medium,Analysis,B,False,
NEET27-PHY-1300,XII,Unit 13: Magnetic Effects of Current and Magnetism,Moving Charges and Magnetism; Magnetism and Matter,Ampere's Circuital Law,Coaxial cable,Multi-step numerical MCQ,Difficult,Analysis,B,False,
NEET27-PHY-1301,XII,Unit 13: Magnetic Effects of Current and Magnetism,Moving Charges and Magnetism; Magnetism and Matter,Ampere's Circuital Law,Statement of the law,Conceptual/application MCQ,Easy,Application,D,False,
NEET27-PHY-1302,XII,Unit 13: Magnetic Effects of Current and Magnetism,Moving Charges and Magnetism; Magnetism and Matter,Ampere's Circuital Law,Variation across a thick conductor,Conceptual/application MCQ,Medium,Application,A,False,
NEET27-PHY-1303,XII,Unit 13: Magnetic Effects of Current and Magnetism,Moving Charges and Magnetism; Magnetism and Matter,Ampere's Circuital Law,Application to a straight wire,One-step numerical MCQ,Easy,Application,A,False,
NEET27-PHY-1304,XII,Unit 13: Magnetic Effects of Current and Magnetism,Moving Charges and Magnetism; Magnetism and Matter,Ampere's Circuital Law,Evaluating the line integral,One-step numerical MCQ,Medium,Application,C,False,
NEET27-PHY-1305,XII,Unit 13: Magnetic Effects of Current and Magnetism,Moving Charges and Magnetism; Magnetism and Matter,Ampere's Circuital Law,Choice of Amperian loop,Direct MCQ,Easy,Recall,A,False,
NEET27-PHY-1306,XII,Unit 13: Magnetic Effects of Current and Magnetism,Moving Charges and Magnetism; Magnetism and Matter,Ampere's Circuital Law,Numerical inside a thick wire,One-step numerical MCQ,Medium,Application,D,False,
NEET27-PHY-1307,XII,Unit 13: Magnetic Effects of Current and Magnetism,Moving Charges and Magnetism; Magnetism and Matter,Ampere's Circuital Law,Hollow conductor,Conceptual/application MCQ,Medium,Application,A,False,
NEET27-PHY-1308,XII,Unit 13: Magnetic Effects of Current and Magnetism,Moving Charges and Magnetism; Magnetism and Matter,Bar magnet,equatorial field,Direct MCQ,Medium,Application,C,False,
NEET27-PHY-1309,XII,Unit 13: Magnetic Effects of Current and Magnetism,Moving Charges and Magnetism; Magnetism and Matter,Bar magnet,axial field,Direct MCQ,Medium,Application,A,False,
NEET27-PHY-1310,XII,Unit 13: Magnetic Effects of Current and Magnetism,Moving Charges and Magnetism; Magnetism and Matter,Bar magnet,equivalent solenoid,Conceptual/application MCQ,Easy,Application,D,False,
NEET27-PHY-1311,XII,Unit 13: Magnetic Effects of Current and Magnetism,Moving Charges and Magnetism; Magnetism and Matter,Bar magnet,axial-equatorial comparison,Conceptual/application MCQ,Easy,Application,B,False,
NEET27-PHY-1312,XII,Unit 13: Magnetic Effects of Current and Magnetism,Moving Charges and Magnetism; Magnetism and Matter,Biot Savart Law,Statement of the law,Direct MCQ,Easy,Recall,D,False,
NEET27-PHY-1313,XII,Unit 13: Magnetic Effects of Current and Magnetism,Moving Charges and Magnetism; Magnetism and Matter,Biot Savart Law,Scaling of the element field,Multi-step numerical MCQ,Difficult,Analysis,D,False,
NEET27-PHY-1314,XII,Unit 13: Magnetic Effects of Current and Magnetism,Moving Charges and Magnetism; Magnetism and Matter,Biot Savart Law,Angular dependence,Direct MCQ,Easy,Recall,C,False,
NEET27-PHY-1315,XII,Unit 13: Magnetic Effects of Current and Magnetism,Moving Charges and Magnetism; Magnetism and Matter,Biot Savart Law,Direction from the right hand rule,Conceptual/application MCQ,Medium,Application,D,False,
NEET27-PHY-1316,XII,Unit 13: Magnetic Effects of Current and Magnetism,Moving Charges and Magnetism; Magnetism and Matter,Biot Savart Law,Units of the permeability constant,Direct MCQ,Easy,Recall,A,False,
NEET27-PHY-1317,XII,Unit 13: Magnetic Effects of Current and Magnetism,Moving Charges and Magnetism; Magnetism and Matter,Biot Savart Law,Superposition of element fields,Multi-step numerical MCQ,Difficult,Analysis,D,False,
NEET27-PHY-1318,XII,Unit 13: Magnetic Effects of Current and Magnetism,Moving Charges and Magnetism; Magnetism and Matter,Biot Savart Law,Direction of the element field,Direct MCQ,Easy,Recall,D,False,
NEET27-PHY-1319,XII,Unit 13: Magnetic Effects of Current and Magnetism,Moving Charges and Magnetism; Magnetism and Matter,Biot Savart Law,Field of a current element,One-step numerical MCQ,Medium,Application,B,False,
NEET27-PHY-1320,XII,Unit 13: Magnetic Effects of Current and Magnetism,Moving Charges and Magnetism; Magnetism and Matter,Biot Savart Law,Angle factor in the law,One-step numerical MCQ,Medium,Application,A,False,
NEET27-PHY-1321,XII,Unit 13: Magnetic Effects of Current and Magnetism,Moving Charges and Magnetism; Magnetism and Matter,Biot Savart Law,Proportionality constant,One-step numerical MCQ,Easy,Application,D,False,
NEET27-PHY-1322,XII,Unit 13: Magnetic Effects of Current and Magnetism,Moving Charges and Magnetism; Magnetism and Matter,Biot Savart Law,Zero field positions,Conceptual/application MCQ,Medium,Application,B,False,
NEET27-PHY-1323,XII,Unit 13: Magnetic Effects of Current and Magnetism,Moving Charges and Magnetism; Magnetism and Matter,Biot Savart Law,Vector form of the law,One-step numerical MCQ,Medium,Application,A,False,
NEET27-PHY-1324,XII,Unit 13: Magnetic Effects of Current and Magnetism,Moving Charges and Magnetism; Magnetism and Matter,Biot Savart Law,Comparison with Coulomb's law,Conceptual/application MCQ,Medium,Application,C,False,
NEET27-PHY-1325,XII,Unit 13: Magnetic Effects of Current and Magnetism,Moving Charges and Magnetism; Magnetism and Matter,Curie Law and Curie Temperature,Defining the Curie temperature,Direct MCQ,Medium,Application,C,False,
NEET27-PHY-1326,XII,Unit 13: Magnetic Effects of Current and Magnetism,Moving Charges and Magnetism; Magnetism and Matter,Curie Law and Curie Temperature,Curie law numerical,One-step numerical MCQ,Medium,Application,B,False,
NEET27-PHY-1327,XII,Unit 13: Magnetic Effects of Current and Magnetism,Moving Charges and Magnetism; Magnetism and Matter,Curie Law and Curie Temperature,Curie Weiss law,Multi-step numerical MCQ,Difficult,Analysis,B,False,
NEET27-PHY-1328,XII,Unit 13: Magnetic Effects of Current and Magnetism,Moving Charges and Magnetism; Magnetism and Matter,Curie Law and Curie Temperature,Curie constant,Multi-step numerical MCQ,Difficult,Analysis,A,False,
NEET27-PHY-1329,XII,Unit 13: Magnetic Effects of Current and Magnetism,Moving Charges and Magnetism; Magnetism and Matter,Curie Law and Curie Temperature,Temperature for a given susceptibility,One-step numerical MCQ,Medium,Application,D,False,
NEET27-PHY-1330,XII,Unit 13: Magnetic Effects of Current and Magnetism,Moving Charges and Magnetism; Magnetism and Matter,Curie Law and Curie Temperature,Range of validity,Conceptual/application MCQ,Medium,Application,A,False,
NEET27-PHY-1331,XII,Unit 13: Magnetic Effects of Current and Magnetism,Moving Charges and Magnetism; Magnetism and Matter,Curie Law and Curie Temperature,Graphs of the Curie law,Graph/data interpretation MCQ,Difficult,Analysis,C,False,
NEET27-PHY-1332,XII,Unit 13: Magnetic Effects of Current and Magnetism,Moving Charges and Magnetism; Magnetism and Matter,Curie Law and Curie Temperature,Statement of the Curie law,Direct MCQ,Easy,Recall,D,False,
NEET27-PHY-1333,XII,Unit 13: Magnetic Effects of Current and Magnetism,Moving Charges and Magnetism; Magnetism and Matter,Curie Law and Curie Temperature,Magnetisation and temperature,Conceptual/application MCQ,Difficult,Analysis,A,False,
NEET27-PHY-1334,XII,Unit 13: Magnetic Effects of Current and Magnetism,Moving Charges and Magnetism; Magnetism and Matter,Curie Law and Curie Temperature,Curie temperature,Direct MCQ,Easy,Recall,D,False,
NEET27-PHY-1335,XII,Unit 13: Magnetic Effects of Current and Magnetism,Moving Charges and Magnetism; Magnetism and Matter,Diamagnetism,Temperature independence,Direct MCQ,Medium,Application,C,False,
NEET27-PHY-1336,XII,Unit 13: Magnetic Effects of Current and Magnetism,Moving Charges and Magnetism; Magnetism and Matter,Diamagnetism,Perfect diamagnetism,Conceptual/application MCQ,Difficult,Analysis,C,False,
NEET27-PHY-1337,XII,Unit 13: Magnetic Effects of Current and Magnetism,Moving Charges and Magnetism; Magnetism and Matter,Diamagnetism,Induced moment numerical,Multi-step numerical MCQ,Difficult,Analysis,C,False,
NEET27-PHY-1338,XII,Unit 13: Magnetic Effects of Current and Magnetism,Moving Charges and Magnetism; Magnetism and Matter,Diamagnetism,Origin of diamagnetism,Direct MCQ,Medium,Application,D,False,
NEET27-PHY-1339,XII,Unit 13: Magnetic Effects of Current and Magnetism,Moving Charges and Magnetism; Magnetism and Matter,Diamagnetism,Field inside a diamagnetic,One-step numerical MCQ,Difficult,Analysis,C,False,
NEET27-PHY-1340,XII,Unit 13: Magnetic Effects of Current and Magnetism,Moving Charges and Magnetism; Magnetism and Matter,Diamagnetism,Relative permeability,Direct MCQ,Easy,Recall,B,False,
NEET27-PHY-1341,XII,Unit 13: Magnetic Effects of Current and Magnetism,Moving Charges and Magnetism; Magnetism and Matter,Diamagnetism,Susceptibility of diamagnetics,Direct MCQ,Easy,Recall,B,False,
NEET27-PHY-1342,XII,Unit 13: Magnetic Effects of Current and Magnetism,Moving Charges and Magnetism; Magnetism and Matter,Diamagnetism,Comparison with paramagnetism,Conceptual/application MCQ,Difficult,Analysis,A,False,
NEET27-PHY-1343,XII,Unit 13: Magnetic Effects of Current and Magnetism,Moving Charges and Magnetism; Magnetism and Matter,Diamagnetism,Non uniform field,Conceptual/application MCQ,Medium,Application,B,False,
NEET27-PHY-1344,XII,Unit 13: Magnetic Effects of Current and Magnetism,Moving Charges and Magnetism; Magnetism and Matter,Diamagnetism,Examples,Direct MCQ,Easy,Recall,C,False,
NEET27-PHY-1345,XII,Unit 13: Magnetic Effects of Current and Magnetism,Moving Charges and Magnetism; Magnetism and Matter,Diamagnetism,Field lines,Conceptual/application MCQ,Medium,Application,B,False,
NEET27-PHY-1346,XII,Unit 13: Magnetic Effects of Current and Magnetism,Moving Charges and Magnetism; Magnetism and Matter,Diamagnetism,Induced moment,Direct MCQ,Medium,Application,A,False,
NEET27-PHY-1347,XII,Unit 13: Magnetic Effects of Current and Magnetism,Moving Charges and Magnetism; Magnetism and Matter,Diamagnetism,Force on a diamagnetic,Direct MCQ,Easy,Recall,A,False,
NEET27-PHY-1348,XII,Unit 13: Magnetic Effects of Current and Magnetism,Moving Charges and Magnetism; Magnetism and Matter,Ferromagnetism,Domains,Direct MCQ,Easy,Recall,C,False,
NEET27-PHY-1349,XII,Unit 13: Magnetic Effects of Current and Magnetism,Moving Charges and Magnetism; Magnetism and Matter,Ferromagnetism,Comparing the classes,Conceptual/application MCQ,Medium,Application,A,False,
NEET27-PHY-1350,XII,Unit 13: Magnetic Effects of Current and Magnetism,Moving Charges and Magnetism; Magnetism and Matter,Ferromagnetism,Examples,Direct MCQ,Easy,Recall,D,False,
NEET27-PHY-1351,XII,Unit 13: Magnetic Effects of Current and Magnetism,Moving Charges and Magnetism; Magnetism and Matter,Ferromagnetism,Non linear response,Conceptual/application MCQ,Difficult,Analysis,B,False,
NEET27-PHY-1352,XII,Unit 13: Magnetic Effects of Current and Magnetism,Moving Charges and Magnetism; Magnetism and Matter,Ferromagnetism,Relative permeability,Direct MCQ,Easy,Recall,A,False,
NEET27-PHY-1353,XII,Unit 13: Magnetic Effects of Current and Magnetism,Moving Charges and Magnetism; Magnetism and Matter,Ferromagnetism,Toroid with an iron core,Multi-step numerical MCQ,Difficult,Analysis,C,False,
NEET27-PHY-1354,XII,Unit 13: Magnetic Effects of Current and Magnetism,Moving Charges and Magnetism; Magnetism and Matter,Ferromagnetism,Force on a ferromagnetic,Direct MCQ,Easy,Recall,A,False,
NEET27-PHY-1355,XII,Unit 13: Magnetic Effects of Current and Magnetism,Moving Charges and Magnetism; Magnetism and Matter,Ferromagnetism,Domain response,Direct MCQ,Medium,Application,D,False,
NEET27-PHY-1356,XII,Unit 13: Magnetic Effects of Current and Magnetism,Moving Charges and Magnetism; Magnetism and Matter,Ferromagnetism,Susceptibility of ferromagnetics,Direct MCQ,Easy,Recall,C,False,
NEET27-PHY-1357,XII,Unit 13: Magnetic Effects of Current and Magnetism,Moving Charges and Magnetism; Magnetism and Matter,Field due to Circular Loop,Effect of radius,Conceptual/application MCQ,Easy,Application,C,False,
NEET27-PHY-1358,XII,Unit 13: Magnetic Effects of Current and Magnetism,Moving Charges and Magnetism; Magnetism and Matter,Field due to Circular Loop,Rewinding a fixed length of wire,Multi-step numerical MCQ,Difficult,Analysis,C,False,
NEET27-PHY-1359,XII,Unit 13: Magnetic Effects of Current and Magnetism,Moving Charges and Magnetism; Magnetism and Matter,Field due to Circular Loop,Loops in perpendicular planes,Multi-step numerical MCQ,Difficult,Analysis,A,False,
NEET27-PHY-1360,XII,Unit 13: Magnetic Effects of Current and Magnetism,Moving Charges and Magnetism; Magnetism and Matter,Field due to Circular Loop,Semicircular arc,One-step numerical MCQ,Medium,Application,B,False,
NEET27-PHY-1361,XII,Unit 13: Magnetic Effects of Current and Magnetism,Moving Charges and Magnetism; Magnetism and Matter,Field due to Circular Loop,Two joined arcs,Multi-step numerical MCQ,Difficult,Analysis,A,False,
NEET27-PHY-1362,XII,Unit 13: Magnetic Effects of Current and Magnetism,Moving Charges and Magnetism; Magnetism and Matter,Field due to Circular Loop,Loop as a magnetic dipole,Statement-based MCQ,Medium,Analysis,D,False,
NEET27-PHY-1363,XII,Unit 13: Magnetic Effects of Current and Magnetism,Moving Charges and Magnetism; Magnetism and Matter,Field due to Circular Loop,Field on the axis,Conceptual/application MCQ,Medium,Application,D,False,
NEET27-PHY-1364,XII,Unit 13: Magnetic Effects of Current and Magnetism,Moving Charges and Magnetism; Magnetism and Matter,Field due to Circular Loop,Far axial field,Direct MCQ,Medium,Application,A,False,
NEET27-PHY-1365,XII,Unit 13: Magnetic Effects of Current and Magnetism,Moving Charges and Magnetism; Magnetism and Matter,Field due to Circular Loop,Square loop compared with circular loop,Multi-step numerical MCQ,Difficult,Analysis,D,False,
NEET27-PHY-1366,XII,Unit 13: Magnetic Effects of Current and Magnetism,Moving Charges and Magnetism; Magnetism and Matter,Field due to Circular Loop,Field at the centre,One-step numerical MCQ,Easy,Application,D,False,
NEET27-PHY-1367,XII,Unit 13: Magnetic Effects of Current and Magnetism,Moving Charges and Magnetism; Magnetism and Matter,Field due to Circular Loop,Numerical at the centre,One-step numerical MCQ,Easy,Application,A,False,
NEET27-PHY-1368,XII,Unit 13: Magnetic Effects of Current and Magnetism,Moving Charges and Magnetism; Magnetism and Matter,Field due to Circular Loop,Effect of number of turns,Conceptual/application MCQ,Easy,Application,D,False,
NEET27-PHY-1369,XII,Unit 13: Magnetic Effects of Current and Magnetism,Moving Charges and Magnetism; Magnetism and Matter,Field due to Circular Loop,Arc subtending an angle,One-step numerical MCQ,Medium,Application,C,False,
NEET27-PHY-1370,XII,Unit 13: Magnetic Effects of Current and Magnetism,Moving Charges and Magnetism; Magnetism and Matter,Field due to Circular Loop,Axial field from the centre field,Multi-step numerical MCQ,Difficult,Analysis,B,False,
NEET27-PHY-1371,XII,Unit 13: Magnetic Effects of Current and Magnetism,Moving Charges and Magnetism; Magnetism and Matter,Field due to Circular Loop,Direction of the field,Direct MCQ,Easy,Recall,B,False,
NEET27-PHY-1372,XII,Unit 13: Magnetic Effects of Current and Magnetism,Moving Charges and Magnetism; Magnetism and Matter,Field due to Circular Loop,Concentric loops,Conceptual/application MCQ,Medium,Application,D,False,
NEET27-PHY-1373,XII,Unit 13: Magnetic Effects of Current and Magnetism,Moving Charges and Magnetism; Magnetism and Matter,Field due to Straight Conductor,Variation with distance,Conceptual/application MCQ,Easy,Application,C,False,
NEET27-PHY-1374,XII,Unit 13: Magnetic Effects of Current and Magnetism,Moving Charges and Magnetism; Magnetism and Matter,Field due to Straight Conductor,Nature of the field,Statement-based MCQ,Medium,Analysis,A,False,
NEET27-PHY-1375,XII,Unit 13: Magnetic Effects of Current and Magnetism,Moving Charges and Magnetism; Magnetism and Matter,Field due to Straight Conductor,Infinitely long wire,One-step numerical MCQ,Easy,Application,D,False,
NEET27-PHY-1376,XII,Unit 13: Magnetic Effects of Current and Magnetism,Moving Charges and Magnetism; Magnetism and Matter,Field due to Straight Conductor,Field at the apex of a triangle,Multi-step numerical MCQ,Difficult,Analysis,D,False,
NEET27-PHY-1377,XII,Unit 13: Magnetic Effects of Current and Magnetism,Moving Charges and Magnetism; Magnetism and Matter,Field due to Straight Conductor,Points along the wire,Conceptual/application MCQ,Medium,Application,C,False,
NEET27-PHY-1378,XII,Unit 13: Magnetic Effects of Current and Magnetism,Moving Charges and Magnetism; Magnetism and Matter,Field due to Straight Conductor,Comparing two wires,Conceptual/application MCQ,Medium,Application,C,False,
NEET27-PHY-1379,XII,Unit 13: Magnetic Effects of Current and Magnetism,Moving Charges and Magnetism; Magnetism and Matter,Field due to Straight Conductor,Combination with Earth's field,Multi-step numerical MCQ,Difficult,Analysis,C,False,
NEET27-PHY-1380,XII,Unit 13: Magnetic Effects of Current and Magnetism,Moving Charges and Magnetism; Magnetism and Matter,Field due to Straight Conductor,Two antiparallel currents,One-step numerical MCQ,Medium,Application,B,False,
NEET27-PHY-1381,XII,Unit 13: Magnetic Effects of Current and Magnetism,Moving Charges and Magnetism; Magnetism and Matter,Field due to Straight Conductor,Direction at a given point,Direct MCQ,Easy,Recall,D,False,
NEET27-PHY-1382,XII,Unit 13: Magnetic Effects of Current and Magnetism,Moving Charges and Magnetism; Magnetism and Matter,Field due to Straight Conductor,Right hand thumb rule,Direct MCQ,Easy,Recall,D,False,
NEET27-PHY-1383,XII,Unit 13: Magnetic Effects of Current and Magnetism,Moving Charges and Magnetism; Magnetism and Matter,Field due to Straight Conductor,Direct substitution,One-step numerical MCQ,Easy,Application,A,False,
NEET27-PHY-1384,XII,Unit 13: Magnetic Effects of Current and Magnetism,Moving Charges and Magnetism; Magnetism and Matter,Force on Conductor and Between Wires,Definition of the ampere,Direct MCQ,Medium,Application,B,False,
NEET27-PHY-1385,XII,Unit 13: Magnetic Effects of Current and Magnetism,Moving Charges and Magnetism; Magnetism and Matter,Force on Conductor and Between Wires,Magnetic levitation,Multi-step numerical MCQ,Difficult,Analysis,D,False,
NEET27-PHY-1386,XII,Unit 13: Magnetic Effects of Current and Magnetism,Moving Charges and Magnetism; Magnetism and Matter,Force on Conductor and Between Wires,Closed loop in a uniform field,Conceptual/application MCQ,Difficult,Analysis,A,False,
NEET27-PHY-1387,XII,Unit 13: Magnetic Effects of Current and Magnetism,Moving Charges and Magnetism; Magnetism and Matter,Force on Conductor and Between Wires,Numerical force on a conductor,One-step numerical MCQ,Easy,Application,B,False,
NEET27-PHY-1388,XII,Unit 13: Magnetic Effects of Current and Magnetism,Moving Charges and Magnetism; Magnetism and Matter,Force on Conductor and Between Wires,Three parallel wires,Multi-step numerical MCQ,Difficult,Analysis,B,False,
NEET27-PHY-1389,XII,Unit 13: Magnetic Effects of Current and Magnetism,Moving Charges and Magnetism; Magnetism and Matter,Force on Conductor and Between Wires,Scaling the force between wires,Conceptual/application MCQ,Medium,Application,A,False,
NEET27-PHY-1390,XII,Unit 13: Magnetic Effects of Current and Magnetism,Moving Charges and Magnetism; Magnetism and Matter,Force on Conductor and Between Wires,Effective length,Multi-step numerical MCQ,Difficult,Analysis,C,False,
NEET27-PHY-1391,XII,Unit 13: Magnetic Effects of Current and Magnetism,Moving Charges and Magnetism; Magnetism and Matter,Force on Conductor and Between Wires,Parallel currents,Direct MCQ,Easy,Recall,A,False,
NEET27-PHY-1392,XII,Unit 13: Magnetic Effects of Current and Magnetism,Moving Charges and Magnetism; Magnetism and Matter,Force on Conductor and Between Wires,Force on a current carrying conductor,One-step numerical MCQ,Easy,Application,A,False,
NEET27-PHY-1393,XII,Unit 13: Magnetic Effects of Current and Magnetism,Moving Charges and Magnetism; Magnetism and Matter,Force on Moving Charge,Helical path,Multi-step numerical MCQ,Difficult,Analysis,D,False,
NEET27-PHY-1394,XII,Unit 13: Magnetic Effects of Current and Magnetism,Moving Charges and Magnetism; Magnetism and Matter,Force on Moving Charge,Magnetic Lorentz force,One-step numerical MCQ,Easy,Application,D,False,
NEET27-PHY-1395,XII,Unit 13: Magnetic Effects of Current and Magnetism,Moving Charges and Magnetism; Magnetism and Matter,Force on Moving Charge,Velocity selector,Conceptual/application MCQ,Medium,Application,B,False,
NEET27-PHY-1396,XII,Unit 13: Magnetic Effects of Current and Magnetism,Moving Charges and Magnetism; Magnetism and Matter,Force on Moving Charge,Penetration into a field region,Conceptual/application MCQ,Difficult,Analysis,D,False,
NEET27-PHY-1397,XII,Unit 13: Magnetic Effects of Current and Magnetism,Moving Charges and Magnetism; Magnetism and Matter,Force on Moving Charge,Numerical radius,One-step numerical MCQ,Medium,Application,B,False,
NEET27-PHY-1398,XII,Unit 13: Magnetic Effects of Current and Magnetism,Moving Charges and Magnetism; Magnetism and Matter,Force on Moving Charge,Electron and proton compared,Conceptual/application MCQ,Difficult,Analysis,D,False,
NEET27-PHY-1399,XII,Unit 13: Magnetic Effects of Current and Magnetism,Moving Charges and Magnetism; Magnetism and Matter,Force on Moving Charge,Direction of the force,Direct MCQ,Easy,Recall,A,False,
NEET27-PHY-1400,XII,Unit 13: Magnetic Effects of Current and Magnetism,Moving Charges and Magnetism; Magnetism and Matter,Force on Moving Charge,Mass spectrometer,Multi-step numerical MCQ,Difficult,Analysis,C,False,
NEET27-PHY-1401,XII,Unit 13: Magnetic Effects of Current and Magnetism,Moving Charges and Magnetism; Magnetism and Matter,Force on Moving Charge,Period of revolution,Direct MCQ,Medium,Application,C,False,
NEET27-PHY-1402,XII,Unit 13: Magnetic Effects of Current and Magnetism,Moving Charges and Magnetism; Magnetism and Matter,Force on Moving Charge,Radii after acceleration,Multi-step numerical MCQ,Difficult,Analysis,C,False,
NEET27-PHY-1403,XII,Unit 13: Magnetic Effects of Current and Magnetism,Moving Charges and Magnetism; Magnetism and Matter,Force on Moving Charge,Work done by the magnetic force,Statement-based MCQ,Easy,Analysis,A,False,
NEET27-PHY-1404,XII,Unit 13: Magnetic Effects of Current and Magnetism,Moving Charges and Magnetism; Magnetism and Matter,Force on Moving Charge,Speed and period from the orbit,Multi-step numerical MCQ,Difficult,Analysis,B,False,
NEET27-PHY-1405,XII,Unit 13: Magnetic Effects of Current and Magnetism,Moving Charges and Magnetism; Magnetism and Matter,Force on Moving Charge,Numerical for the Lorentz force,One-step numerical MCQ,Medium,Application,B,False,
NEET27-PHY-1406,XII,Unit 13: Magnetic Effects of Current and Magnetism,Moving Charges and Magnetism; Magnetism and Matter,Force on Moving Charge,Radius of the circular path,One-step numerical MCQ,Medium,Application,A,False,
NEET27-PHY-1407,XII,Unit 13: Magnetic Effects of Current and Magnetism,Moving Charges and Magnetism; Magnetism and Matter,Magnetic dipole,work in rotation,One-step numerical MCQ,Medium,Application,B,False,
NEET27-PHY-1408,XII,Unit 13: Magnetic Effects of Current and Magnetism,Moving Charges and Magnetism; Magnetism and Matter,Magnetic dipole,torque,One-step numerical MCQ,Medium,Application,D,False,
NEET27-PHY-1409,XII,Unit 13: Magnetic Effects of Current and Magnetism,Moving Charges and Magnetism; Magnetism and Matter,Magnetic dipole,potential energy,Conceptual/application MCQ,Easy,Application,A,False,
NEET27-PHY-1410,XII,Unit 13: Magnetic Effects of Current and Magnetism,Moving Charges and Magnetism; Magnetism and Matter,Moving-coil galvanometer,sensitivity,Conceptual/application MCQ,Medium,Application,A,False,
NEET27-PHY-1411,XII,Unit 13: Magnetic Effects of Current and Magnetism,Moving Charges and Magnetism; Magnetism and Matter,Moving-coil galvanometer,series resistance calculation,One-step numerical MCQ,Difficult,Analysis,A,False,
NEET27-PHY-1412,XII,Unit 13: Magnetic Effects of Current and Magnetism,Moving Charges and Magnetism; Magnetism and Matter,Moving-coil galvanometer,shunt calculation,One-step numerical MCQ,Difficult,Analysis,B,False,
NEET27-PHY-1413,XII,Unit 13: Magnetic Effects of Current and Magnetism,Moving Charges and Magnetism; Magnetism and Matter,Moving-coil galvanometer,voltmeter conversion,Direct MCQ,Easy,Recall,C,False,
NEET27-PHY-1414,XII,Unit 13: Magnetic Effects of Current and Magnetism,Moving Charges and Magnetism; Magnetism and Matter,Moving-coil galvanometer,ammeter conversion,Direct MCQ,Easy,Recall,A,False,
NEET27-PHY-1415,XII,Unit 13: Magnetic Effects of Current and Magnetism,Moving Charges and Magnetism; Magnetism and Matter,Paramagnetism,Saturation,Conceptual/application MCQ,Difficult,Analysis,C,False,
NEET27-PHY-1416,XII,Unit 13: Magnetic Effects of Current and Magnetism,Moving Charges and Magnetism; Magnetism and Matter,Paramagnetism,Magnetisation numerical,One-step numerical MCQ,Medium,Application,B,False,
NEET27-PHY-1417,XII,Unit 13: Magnetic Effects of Current and Magnetism,Moving Charges and Magnetism; Magnetism and Matter,Paramagnetism,Removal of the field,Conceptual/application MCQ,Medium,Application,A,False,
NEET27-PHY-1418,XII,Unit 13: Magnetic Effects of Current and Magnetism,Moving Charges and Magnetism; Magnetism and Matter,Paramagnetism,Field inside a paramagnetic,Conceptual/application MCQ,Medium,Application,D,False,
NEET27-PHY-1419,XII,Unit 13: Magnetic Effects of Current and Magnetism,Moving Charges and Magnetism; Magnetism and Matter,Paramagnetism,Effect of temperature,Direct MCQ,Medium,Application,B,False,
NEET27-PHY-1420,XII,Unit 13: Magnetic Effects of Current and Magnetism,Moving Charges and Magnetism; Magnetism and Matter,Paramagnetism,Degree of alignment,Multi-step numerical MCQ,Difficult,Analysis,D,False,
NEET27-PHY-1421,XII,Unit 13: Magnetic Effects of Current and Magnetism,Moving Charges and Magnetism; Magnetism and Matter,Paramagnetism,Origin of paramagnetism,Direct MCQ,Medium,Application,A,False,
NEET27-PHY-1422,XII,Unit 13: Magnetic Effects of Current and Magnetism,Moving Charges and Magnetism; Magnetism and Matter,Paramagnetism,Susceptibility of paramagnetics,Direct MCQ,Easy,Recall,B,False,
NEET27-PHY-1423,XII,Unit 13: Magnetic Effects of Current and Magnetism,Moving Charges and Magnetism; Magnetism and Matter,Paramagnetism,Examples,Direct MCQ,Easy,Recall,B,False,
NEET27-PHY-1424,XII,Unit 13: Magnetic Effects of Current and Magnetism,Moving Charges and Magnetism; Magnetism and Matter,Paramagnetism,Suspended rod,Conceptual/application MCQ,Medium,Application,B,False,
NEET27-PHY-1425,XII,Unit 13: Magnetic Effects of Current and Magnetism,Moving Charges and Magnetism; Magnetism and Matter,Solenoid and Toroid,Nature of the solenoid field,Statement-based MCQ,Easy,Analysis,D,False,
NEET27-PHY-1426,XII,Unit 13: Magnetic Effects of Current and Magnetism,Moving Charges and Magnetism; Magnetism and Matter,Solenoid and Toroid,Designing a solenoid,Multi-step numerical MCQ,Difficult,Analysis,B,False,
NEET27-PHY-1427,XII,Unit 13: Magnetic Effects of Current and Magnetism,Moving Charges and Magnetism; Magnetism and Matter,Solenoid and Toroid,Field outside a toroid,Direct MCQ,Medium,Application,B,False,
NEET27-PHY-1428,XII,Unit 13: Magnetic Effects of Current and Magnetism,Moving Charges and Magnetism; Magnetism and Matter,Solenoid and Toroid,Solenoid compared with toroid,Conceptual/application MCQ,Difficult,Analysis,A,False,
NEET27-PHY-1429,XII,Unit 13: Magnetic Effects of Current and Magnetism,Moving Charges and Magnetism; Magnetism and Matter,Solenoid and Toroid,Numerical for a toroid,One-step numerical MCQ,Medium,Application,D,False,
NEET27-PHY-1430,XII,Unit 13: Magnetic Effects of Current and Magnetism,Moving Charges and Magnetism; Magnetism and Matter,Solenoid and Toroid,Doubling the field,Conceptual/application MCQ,Medium,Application,C,False,
NEET27-PHY-1431,XII,Unit 13: Magnetic Effects of Current and Magnetism,Moving Charges and Magnetism; Magnetism and Matter,Solenoid and Toroid,Factors affecting the solenoid field,Conceptual/application MCQ,Medium,Application,D,False,
NEET27-PHY-1432,XII,Unit 13: Magnetic Effects of Current and Magnetism,Moving Charges and Magnetism; Magnetism and Matter,Solenoid and Toroid,Stretching a solenoid,Conceptual/application MCQ,Medium,Application,D,False,
NEET27-PHY-1433,XII,Unit 13: Magnetic Effects of Current and Magnetism,Moving Charges and Magnetism; Magnetism and Matter,Solenoid and Toroid,Field at the end,Direct MCQ,Easy,Recall,A,False,
NEET27-PHY-1434,XII,Unit 13: Magnetic Effects of Current and Magnetism,Moving Charges and Magnetism; Magnetism and Matter,Solenoid and Toroid,Numerical for a solenoid,One-step numerical MCQ,Easy,Application,B,False,
NEET27-PHY-1435,XII,Unit 13: Magnetic Effects of Current and Magnetism,Moving Charges and Magnetism; Magnetism and Matter,Torque on Current Loop and Galvanometer,Moving coil galvanometer,Direct MCQ,Medium,Application,C,False,
NEET27-PHY-1436,XII,Unit 13: Magnetic Effects of Current and Magnetism,Moving Charges and Magnetism; Magnetism and Matter,Torque on Current Loop and Galvanometer,Numerical torque,One-step numerical MCQ,Medium,Application,C,False,
NEET27-PHY-1437,XII,Unit 13: Magnetic Effects of Current and Magnetism,Moving Charges and Magnetism; Magnetism and Matter,Torque on Current Loop and Galvanometer,Torque on a coil,One-step numerical MCQ,Easy,Application,A,False,
NEET27-PHY-1438,XII,Unit 13: Magnetic Effects of Current and Magnetism,Moving Charges and Magnetism; Magnetism and Matter,Torque on Current Loop and Galvanometer,Voltage sensitivity,Conceptual/application MCQ,Difficult,Analysis,D,False,
NEET27-PHY-1439,XII,Unit 13: Magnetic Effects of Current and Magnetism,Moving Charges and Magnetism; Magnetism and Matter,Torque on Current Loop and Galvanometer,Deflection of a galvanometer,Multi-step numerical MCQ,Difficult,Analysis,C,False,
NEET27-PHY-1440,XII,Unit 13: Magnetic Effects of Current and Magnetism,Moving Charges and Magnetism; Magnetism and Matter,Torque on Current Loop and Galvanometer,Magnetic dipole moment,Direct MCQ,Medium,Application,B,False,
NEET27-PHY-1441,XII,Unit 14: Electromagnetic Induction and Alternating Currents,Electromagnetic Induction and Alternating Current,AC Generator,Instant of maximum emf,Conceptual/application MCQ,Difficult,Analysis,C,False,
NEET27-PHY-1442,XII,Unit 14: Electromagnetic Induction and Alternating Currents,Electromagnetic Induction and Alternating Current,AC Generator,Slip rings,Direct MCQ,Medium,Application,B,False,
NEET27-PHY-1443,XII,Unit 14: Electromagnetic Induction and Alternating Currents,Electromagnetic Induction and Alternating Current,AC Generator,Frequency of the output,One-step numerical MCQ,Medium,Application,D,False,
NEET27-PHY-1444,XII,Unit 14: Electromagnetic Induction and Alternating Currents,Electromagnetic Induction and Alternating Current,AC Generator,Peak emf from the rotation rate,Multi-step numerical MCQ,Difficult,Analysis,A,False,
NEET27-PHY-1445,XII,Unit 14: Electromagnetic Induction and Alternating Currents,Electromagnetic Induction and Alternating Current,AC Generator,Principle,Direct MCQ,Easy,Recall,C,False,
NEET27-PHY-1446,XII,Unit 14: Electromagnetic Induction and Alternating Currents,Electromagnetic Induction and Alternating Current,AC through Capacitor,Unit of reactance,Direct MCQ,Medium,Application,D,False,
NEET27-PHY-1447,XII,Unit 14: Electromagnetic Induction and Alternating Currents,Electromagnetic Induction and Alternating Current,AC through Capacitor,Reactance at mains frequency,One-step numerical MCQ,Medium,Application,B,False,
NEET27-PHY-1448,XII,Unit 14: Electromagnetic Induction and Alternating Currents,Electromagnetic Induction and Alternating Current,AC through Capacitor,Effect of frequency,Conceptual/application MCQ,Easy,Application,D,False,
NEET27-PHY-1449,XII,Unit 14: Electromagnetic Induction and Alternating Currents,Electromagnetic Induction and Alternating Current,AC through Capacitor,Power in a pure capacitor,Conceptual/application MCQ,Medium,Application,A,False,
NEET27-PHY-1450,XII,Unit 14: Electromagnetic Induction and Alternating Currents,Electromagnetic Induction and Alternating Current,AC through Capacitor,Capacitor with steady DC,Direct MCQ,Easy,Recall,C,False,
NEET27-PHY-1451,XII,Unit 14: Electromagnetic Induction and Alternating Currents,Electromagnetic Induction and Alternating Current,AC through Capacitor,Current equation for a capacitor,One-step numerical MCQ,Medium,Application,A,False,
NEET27-PHY-1452,XII,Unit 14: Electromagnetic Induction and Alternating Currents,Electromagnetic Induction and Alternating Current,AC through Inductor,Phase relation in an inductor,Direct MCQ,Easy,Recall,C,False,
NEET27-PHY-1453,XII,Unit 14: Electromagnetic Induction and Alternating Currents,Electromagnetic Induction and Alternating Current,AC through Inductor,Instantaneous voltage and current,Conceptual/application MCQ,Difficult,Analysis,C,False,
NEET27-PHY-1454,XII,Unit 14: Electromagnetic Induction and Alternating Currents,Electromagnetic Induction and Alternating Current,AC through Inductor,Power in a pure inductor,Conceptual/application MCQ,Medium,Application,A,False,
NEET27-PHY-1455,XII,Unit 14: Electromagnetic Induction and Alternating Currents,Electromagnetic Induction and Alternating Current,AC through Inductor,Inductive reactance,One-step numerical MCQ,Easy,Application,A,False,
NEET27-PHY-1456,XII,Unit 14: Electromagnetic Induction and Alternating Currents,Electromagnetic Induction and Alternating Current,AC through Inductor,Inductor with steady DC,Direct MCQ,Easy,Recall,D,False,
NEET27-PHY-1457,XII,Unit 14: Electromagnetic Induction and Alternating Currents,Electromagnetic Induction and Alternating Current,AC through Resistor,Phase relation in a resistor,Direct MCQ,Easy,Recall,A,False,
NEET27-PHY-1458,XII,Unit 14: Electromagnetic Induction and Alternating Currents,Electromagnetic Induction and Alternating Current,AC through Resistor,Power and zero crossings,Conceptual/application MCQ,Difficult,Analysis,A,False,
NEET27-PHY-1459,XII,Unit 14: Electromagnetic Induction and Alternating Currents,Electromagnetic Induction and Alternating Current,AC through Resistor,Instantaneous behaviour in a resistor,Statement-based MCQ,Easy,Analysis,D,False,
NEET27-PHY-1460,XII,Unit 14: Electromagnetic Induction and Alternating Currents,Electromagnetic Induction and Alternating Current,AC through Resistor,Power factor of a resistor,Direct MCQ,Easy,Recall,B,False,
NEET27-PHY-1461,XII,Unit 14: Electromagnetic Induction and Alternating Currents,Electromagnetic Induction and Alternating Current,Alternating Current Basics,RMS value of a mixed waveform,Multi-step numerical MCQ,Difficult,Analysis,B,False,
NEET27-PHY-1462,XII,Unit 14: Electromagnetic Induction and Alternating Currents,Electromagnetic Induction and Alternating Current,Alternating Current Basics,Zero crossings of AC,Conceptual/application MCQ,Medium,Application,B,False,
NEET27-PHY-1463,XII,Unit 14: Electromagnetic Induction and Alternating Currents,Electromagnetic Induction and Alternating Current,Alternating Current Basics,Reading an AC equation,Conceptual/application MCQ,Medium,Application,A,False,
NEET27-PHY-1464,XII,Unit 14: Electromagnetic Induction and Alternating Currents,Electromagnetic Induction and Alternating Current,Alternating Current Basics,Dimensional analysis in AC circuits,Direct MCQ,Difficult,Analysis,D,False,
NEET27-PHY-1465,XII,Unit 14: Electromagnetic Induction and Alternating Currents,Electromagnetic Induction and Alternating Current,Alternating Current Basics,Time to reach peak value,Multi-step numerical MCQ,Difficult,Analysis,C,False,
NEET27-PHY-1466,XII,Unit 14: Electromagnetic Induction and Alternating Currents,Electromagnetic Induction and Alternating Current,Alternating Current Basics,Peak factor,Conceptual/application MCQ,Medium,Application,B,False,
NEET27-PHY-1467,XII,Unit 14: Electromagnetic Induction and Alternating Currents,Electromagnetic Induction and Alternating Current,Alternating Current Basics,Mean value over half cycle,One-step numerical MCQ,Easy,Application,D,False,
NEET27-PHY-1468,XII,Unit 14: Electromagnetic Induction and Alternating Currents,Electromagnetic Induction and Alternating Current,Alternating Current Basics,Form factor,Direct MCQ,Easy,Recall,A,False,
NEET27-PHY-1469,XII,Unit 14: Electromagnetic Induction and Alternating Currents,Electromagnetic Induction and Alternating Current,Alternating Current Basics,RMS value of AC,One-step numerical MCQ,Easy,Application,A,False,
NEET27-PHY-1470,XII,Unit 14: Electromagnetic Induction and Alternating Currents,Electromagnetic Induction and Alternating Current,Alternating Current Basics,Average value over a full cycle,Direct MCQ,Easy,Recall,B,False,
NEET27-PHY-1471,XII,Unit 14: Electromagnetic Induction and Alternating Currents,Electromagnetic Induction and Alternating Current,Eddy Currents,Dependence on frequency,Conceptual/application MCQ,Difficult,Analysis,D,False,
NEET27-PHY-1472,XII,Unit 14: Electromagnetic Induction and Alternating Currents,Electromagnetic Induction and Alternating Current,Eddy Currents,Induction furnace,Conceptual/application MCQ,Medium,Application,A,False,
NEET27-PHY-1473,XII,Unit 14: Electromagnetic Induction and Alternating Currents,Electromagnetic Induction and Alternating Current,Eddy Currents,Magnetic braking,Conceptual/application MCQ,Difficult,Analysis,A,False,
NEET27-PHY-1474,XII,Unit 14: Electromagnetic Induction and Alternating Currents,Electromagnetic Induction and Alternating Current,Eddy Currents,Electromagnetic damping,Conceptual/application MCQ,Medium,Application,C,False,
NEET27-PHY-1475,XII,Unit 14: Electromagnetic Induction and Alternating Currents,Electromagnetic Induction and Alternating Current,Eddy Currents,Origin,Direct MCQ,Easy,Recall,A,False,
NEET27-PHY-1476,XII,Unit 14: Electromagnetic Induction and Alternating Currents,Electromagnetic Induction and Alternating Current,Eddy Currents,Slotted plate,Conceptual/application MCQ,Difficult,Analysis,A,False,
NEET27-PHY-1477,XII,Unit 14: Electromagnetic Induction and Alternating Currents,Electromagnetic Induction and Alternating Current,Eddy Currents,Reduction by lamination,Conceptual/application MCQ,Easy,Application,B,False,
NEET27-PHY-1478,XII,Unit 14: Electromagnetic Induction and Alternating Currents,Electromagnetic Induction and Alternating Current,Faraday's Laws,Average induced emf,One-step numerical MCQ,Easy,Application,B,False,
NEET27-PHY-1479,XII,Unit 14: Electromagnetic Induction and Alternating Currents,Electromagnetic Induction and Alternating Current,Faraday's Laws,Flux reversal,Multi-step numerical MCQ,Medium,Application,C,False,
NEET27-PHY-1480,XII,Unit 14: Electromagnetic Induction and Alternating Currents,Electromagnetic Induction and Alternating Current,Faraday's Laws,Units in Faraday's law,Direct MCQ,Easy,Recall,C,False,
NEET27-PHY-1481,XII,Unit 14: Electromagnetic Induction and Alternating Currents,Electromagnetic Induction and Alternating Current,Faraday's Laws,Induced charge,One-step numerical MCQ,Medium,Application,C,False,
NEET27-PHY-1482,XII,Unit 14: Electromagnetic Induction and Alternating Currents,Electromagnetic Induction and Alternating Current,Faraday's Laws,Properties of induced charge,Conceptual/application MCQ,Medium,Application,B,False,
NEET27-PHY-1483,XII,Unit 14: Electromagnetic Induction and Alternating Currents,Electromagnetic Induction and Alternating Current,Faraday's Laws,Induced emf from a flux change,One-step numerical MCQ,Medium,Application,A,False,
NEET27-PHY-1484,XII,Unit 14: Electromagnetic Induction and Alternating Currents,Electromagnetic Induction and Alternating Current,Faraday's Laws,Induced current,Multi-step numerical MCQ,Medium,Application,A,False,
NEET27-PHY-1485,XII,Unit 14: Electromagnetic Induction and Alternating Currents,Electromagnetic Induction and Alternating Current,Faraday's Laws,Practical demonstration,Conceptual/application MCQ,Medium,Application,D,False,
NEET27-PHY-1486,XII,Unit 14: Electromagnetic Induction and Alternating Currents,Electromagnetic Induction and Alternating Current,Faraday's Laws,Search coil measurement,Multi-step numerical MCQ,Difficult,Analysis,C,False,
NEET27-PHY-1487,XII,Unit 14: Electromagnetic Induction and Alternating Currents,Electromagnetic Induction and Alternating Current,Faraday's Laws,Induced emf in a multi turn coil,One-step numerical MCQ,Easy,Application,A,False,
NEET27-PHY-1488,XII,Unit 14: Electromagnetic Induction and Alternating Currents,Electromagnetic Induction and Alternating Current,Faraday's Laws,Meaning of the negative sign,Direct MCQ,Easy,Recall,D,False,
NEET27-PHY-1489,XII,Unit 14: Electromagnetic Induction and Alternating Currents,Electromagnetic Induction and Alternating Current,Lenz's Law,Two coaxial coils,Conceptual/application MCQ,Medium,Application,D,False,
NEET27-PHY-1490,XII,Unit 14: Electromagnetic Induction and Alternating Currents,Electromagnetic Induction and Alternating Current,Lenz's Law,Coaxial loops at switch on,Conceptual/application MCQ,Difficult,Analysis,C,False,
NEET27-PHY-1491,XII,Unit 14: Electromagnetic Induction and Alternating Currents,Electromagnetic Induction and Alternating Current,Lenz's Law,Roles of the two laws,Conceptual/application MCQ,Medium,Application,C,False,
NEET27-PHY-1492,XII,Unit 14: Electromagnetic Induction and Alternating Currents,Electromagnetic Induction and Alternating Current,Lenz's Law,Statement of Lenz's law,Direct MCQ,Easy,Recall,C,False,
NEET27-PHY-1493,XII,Unit 14: Electromagnetic Induction and Alternating Currents,Electromagnetic Induction and Alternating Current,Lenz's Law,Energy accounting,Conceptual/application MCQ,Easy,Application,D,False,
NEET27-PHY-1494,XII,Unit 14: Electromagnetic Induction and Alternating Currents,Electromagnetic Induction and Alternating Current,Lenz's Law,Loop moving inside a uniform field,Conceptual/application MCQ,Difficult,Analysis,C,False,
NEET27-PHY-1495,XII,Unit 14: Electromagnetic Induction and Alternating Currents,Electromagnetic Induction and Alternating Current,Lenz's Law,Switching off a neighbouring circuit,Conceptual/application MCQ,Medium,Application,B,False,
NEET27-PHY-1496,XII,Unit 14: Electromagnetic Induction and Alternating Currents,Electromagnetic Induction and Alternating Current,Lenz's Law,Ring jumping off a solenoid,Conceptual/application MCQ,Difficult,Analysis,B,False,
NEET27-PHY-1497,XII,Unit 14: Electromagnetic Induction and Alternating Currents,Electromagnetic Induction and Alternating Current,Lenz's Law,Magnet falling through a ring,Conceptual/application MCQ,Medium,Application,B,False,
NEET27-PHY-1498,XII,Unit 14: Electromagnetic Induction and Alternating Currents,Electromagnetic Induction and Alternating Current,Lenz's Law,Magnet approaching a coil,Conceptual/application MCQ,Easy,Application,A,False,
NEET27-PHY-1499,XII,Unit 14: Electromagnetic Induction and Alternating Currents,Electromagnetic Induction and Alternating Current,Lenz's Law,Hypothetical reversal of Lenz's law,Conceptual/application MCQ,Medium,Application,A,False,
NEET27-PHY-1500,XII,Unit 14: Electromagnetic Induction and Alternating Currents,Electromagnetic Induction and Alternating Current,Lenz's Law,Basis of Lenz's law,Direct MCQ,Easy,Recall,B,False,
NEET27-PHY-1501,XII,Unit 14: Electromagnetic Induction and Alternating Currents,Electromagnetic Induction and Alternating Current,Lenz's Law,Magnet receding from a coil,Conceptual/application MCQ,Easy,Application,D,False,
NEET27-PHY-1502,XII,Unit 14: Electromagnetic Induction and Alternating Currents,Electromagnetic Induction and Alternating Current,Magnetic Flux,Orientation for maximum flux,Direct MCQ,Medium,Application,D,False,
NEET27-PHY-1503,XII,Unit 14: Electromagnetic Induction and Alternating Currents,Electromagnetic Induction and Alternating Current,Magnetic Flux,Nature of magnetic flux,Direct MCQ,Easy,Recall,D,False,
NEET27-PHY-1504,XII,Unit 14: Electromagnetic Induction and Alternating Currents,Electromagnetic Induction and Alternating Current,Magnetic Flux,Flux through a closed surface,Direct MCQ,Medium,Application,C,False,
NEET27-PHY-1505,XII,Unit 14: Electromagnetic Induction and Alternating Currents,Electromagnetic Induction and Alternating Current,Magnetic Flux,Dimensions of flux,Direct MCQ,Easy,Recall,D,False,
NEET27-PHY-1506,XII,Unit 14: Electromagnetic Induction and Alternating Currents,Electromagnetic Induction and Alternating Current,Magnetic Flux,Flux and shape of the loop,Conceptual/application MCQ,Difficult,Analysis,C,False,
NEET27-PHY-1507,XII,Unit 14: Electromagnetic Induction and Alternating Currents,Electromagnetic Induction and Alternating Current,Magnetic Flux,Flux with a field given in components,Multi-step numerical MCQ,Difficult,Analysis,B,False,
NEET27-PHY-1508,XII,Unit 14: Electromagnetic Induction and Alternating Currents,Electromagnetic Induction and Alternating Current,Magnetic Flux,Comparison of fluxes,Conceptual/application MCQ,Medium,Application,B,False,
NEET27-PHY-1509,XII,Unit 14: Electromagnetic Induction and Alternating Currents,Electromagnetic Induction and Alternating Current,Magnetic Flux,Flux change on rotation,One-step numerical MCQ,Difficult,Analysis,B,False,
NEET27-PHY-1510,XII,Unit 14: Electromagnetic Induction and Alternating Currents,Electromagnetic Induction and Alternating Current,Magnetic Flux,Flux change on shrinking a loop,Multi-step numerical MCQ,Difficult,Analysis,C,False,
NEET27-PHY-1511,XII,Unit 14: Electromagnetic Induction and Alternating Currents,Electromagnetic Induction and Alternating Current,Magnetic Flux,Change of flux,One-step numerical MCQ,Medium,Application,D,False,
NEET27-PHY-1512,XII,Unit 14: Electromagnetic Induction and Alternating Currents,Electromagnetic Induction and Alternating Current,Magnetic Flux,Flux linkage of a multi turn coil,One-step numerical MCQ,Medium,Application,B,False,
NEET27-PHY-1513,XII,Unit 14: Electromagnetic Induction and Alternating Currents,Electromagnetic Induction and Alternating Current,Magnetic Flux,Units of magnetic flux,Direct MCQ,Easy,Recall,D,False,
NEET27-PHY-1514,XII,Unit 14: Electromagnetic Induction and Alternating Currents,Electromagnetic Induction and Alternating Current,Magnetic Flux,Flux through a plane surface,One-step numerical MCQ,Easy,Application,A,False,
NEET27-PHY-1515,XII,Unit 14: Electromagnetic Induction and Alternating Currents,Electromagnetic Induction and Alternating Current,Motional EMF,Rod rotating about its centre,Conceptual/application MCQ,Difficult,Analysis,D,False,
NEET27-PHY-1516,XII,Unit 14: Electromagnetic Induction and Alternating Currents,Electromagnetic Induction and Alternating Current,Motional EMF,Scaling of the power,Conceptual/application MCQ,Medium,Application,C,False,
NEET27-PHY-1517,XII,Unit 14: Electromagnetic Induction and Alternating Currents,Electromagnetic Induction and Alternating Current,Motional EMF,Power delivered by the agent,Multi-step numerical MCQ,Difficult,Analysis,C,False,
NEET27-PHY-1518,XII,Unit 14: Electromagnetic Induction and Alternating Currents,Electromagnetic Induction and Alternating Current,Motional EMF,Origin of motional emf,Direct MCQ,Easy,Recall,C,False,
NEET27-PHY-1519,XII,Unit 14: Electromagnetic Induction and Alternating Currents,Electromagnetic Induction and Alternating Current,Motional EMF,Straight rod in a field,One-step numerical MCQ,Easy,Application,A,False,
NEET27-PHY-1520,XII,Unit 14: Electromagnetic Induction and Alternating Currents,Electromagnetic Induction and Alternating Current,Motional EMF,Polarity of a moving rod,Conceptual/application MCQ,Medium,Application,C,False,
NEET27-PHY-1521,XII,Unit 14: Electromagnetic Induction and Alternating Currents,Electromagnetic Induction and Alternating Current,Motional EMF,Aircraft wings,One-step numerical MCQ,Easy,Application,A,False,
NEET27-PHY-1522,XII,Unit 14: Electromagnetic Induction and Alternating Currents,Electromagnetic Induction and Alternating Current,Motional EMF,Charge circulated as a rod stops,Multi-step numerical MCQ,Difficult,Analysis,C,False,
NEET27-PHY-1523,XII,Unit 14: Electromagnetic Induction and Alternating Currents,Electromagnetic Induction and Alternating Current,Motional EMF,Power required,Multi-step numerical MCQ,Medium,Application,D,False,
NEET27-PHY-1524,XII,Unit 14: Electromagnetic Induction and Alternating Currents,Electromagnetic Induction and Alternating Current,Mutual Inductance,Factors affecting M,Direct MCQ,Medium,Application,C,False,
NEET27-PHY-1525,XII,Unit 14: Electromagnetic Induction and Alternating Currents,Electromagnetic Induction and Alternating Current,Mutual Inductance,Definition,Direct MCQ,Easy,Recall,A,False,
NEET27-PHY-1526,XII,Unit 14: Electromagnetic Induction and Alternating Currents,Electromagnetic Induction and Alternating Current,Mutual Inductance,Which area enters M,Conceptual/application MCQ,Difficult,Analysis,D,False,
NEET27-PHY-1527,XII,Unit 14: Electromagnetic Induction and Alternating Currents,Electromagnetic Induction and Alternating Current,Mutual Inductance,Coupled coils in series,Multi-step numerical MCQ,Difficult,Analysis,A,False,
NEET27-PHY-1528,XII,Unit 14: Electromagnetic Induction and Alternating Currents,Electromagnetic Induction and Alternating Current,Mutual Inductance,Range of the coupling coefficient,Direct MCQ,Medium,Application,D,False,
NEET27-PHY-1529,XII,Unit 14: Electromagnetic Induction and Alternating Currents,Electromagnetic Induction and Alternating Current,Mutual Inductance,Reciprocity,Conceptual/application MCQ,Medium,Application,C,False,
NEET27-PHY-1530,XII,Unit 14: Electromagnetic Induction and Alternating Currents,Electromagnetic Induction and Alternating Current,Mutual Inductance,Perfect coupling,One-step numerical MCQ,Easy,Application,B,False,
NEET27-PHY-1531,XII,Unit 14: Electromagnetic Induction and Alternating Currents,Electromagnetic Induction and Alternating Current,Mutual Inductance,Steady current in the primary,Conceptual/application MCQ,Medium,Application,B,False,
NEET27-PHY-1532,XII,Unit 14: Electromagnetic Induction and Alternating Currents,Electromagnetic Induction and Alternating Current,Power in AC Circuits,Apparent and true power,Conceptual/application MCQ,Medium,Application,D,False,
NEET27-PHY-1533,XII,Unit 14: Electromagnetic Induction and Alternating Currents,Electromagnetic Induction and Alternating Current,Power in AC Circuits,Power factor of pure reactances,Conceptual/application MCQ,Medium,Application,B,False,
NEET27-PHY-1534,XII,Unit 14: Electromagnetic Induction and Alternating Currents,Electromagnetic Induction and Alternating Current,Power in AC Circuits,Average power calculation,One-step numerical MCQ,Medium,Application,B,False,
NEET27-PHY-1535,XII,Unit 14: Electromagnetic Induction and Alternating Currents,Electromagnetic Induction and Alternating Current,Power in AC Circuits,Wattless current,Direct MCQ,Easy,Recall,B,False,
NEET27-PHY-1536,XII,Unit 14: Electromagnetic Induction and Alternating Currents,Electromagnetic Induction and Alternating Current,Power in AC Circuits,Choke versus resistor,Conceptual/application MCQ,Difficult,Analysis,D,False,
NEET27-PHY-1537,XII,Unit 14: Electromagnetic Induction and Alternating Currents,Electromagnetic Induction and Alternating Current,Power in AC Circuits,Choke coil,Direct MCQ,Medium,Application,B,False,
NEET27-PHY-1538,XII,Unit 14: Electromagnetic Induction and Alternating Currents,Electromagnetic Induction and Alternating Current,Power in AC Circuits,Power factor from measurements,Multi-step numerical MCQ,Difficult,Analysis,C,False,
NEET27-PHY-1539,XII,Unit 14: Electromagnetic Induction and Alternating Currents,Electromagnetic Induction and Alternating Current,Power in AC Circuits,Power consumed by a choke coil,Multi-step numerical MCQ,Difficult,Analysis,D,False,
NEET27-PHY-1540,XII,Unit 14: Electromagnetic Induction and Alternating Currents,Electromagnetic Induction and Alternating Current,Resonance,Half power frequencies,Multi-step numerical MCQ,Difficult,Analysis,A,False,
NEET27-PHY-1541,XII,Unit 14: Electromagnetic Induction and Alternating Currents,Electromagnetic Induction and Alternating Current,Resonance,Effect of resistance on resonance,Conceptual/application MCQ,Difficult,Analysis,C,False,
NEET27-PHY-1542,XII,Unit 14: Electromagnetic Induction and Alternating Currents,Electromagnetic Induction and Alternating Current,Resonance,Current at resonance,One-step numerical MCQ,Medium,Application,A,False,
NEET27-PHY-1543,XII,Unit 14: Electromagnetic Induction and Alternating Currents,Electromagnetic Induction and Alternating Current,Self Inductance,Self induced emf,One-step numerical MCQ,Easy,Application,D,False,
NEET27-PHY-1544,XII,Unit 14: Electromagnetic Induction and Alternating Currents,Electromagnetic Induction and Alternating Current,Self Inductance,Current for a required energy,Multi-step numerical MCQ,Difficult,Analysis,B,False,
NEET27-PHY-1545,XII,Unit 14: Electromagnetic Induction and Alternating Currents,Electromagnetic Induction and Alternating Current,Self Inductance,Independence of L from current,Statement-based MCQ,Difficult,Analysis,D,False,
NEET27-PHY-1546,XII,Unit 14: Electromagnetic Induction and Alternating Currents,Electromagnetic Induction and Alternating Current,Self Inductance,Stretching a solenoid,Conceptual/application MCQ,Difficult,Analysis,D,False,
NEET27-PHY-1547,XII,Unit 14: Electromagnetic Induction and Alternating Currents,Electromagnetic Induction and Alternating Current,Self Inductance,Steady current in an inductor,Conceptual/application MCQ,Medium,Application,D,False,
NEET27-PHY-1548,XII,Unit 14: Electromagnetic Induction and Alternating Currents,Electromagnetic Induction and Alternating Current,Self Inductance,Inductors in parallel,One-step numerical MCQ,Difficult,Analysis,D,False,
NEET27-PHY-1549,XII,Unit 14: Electromagnetic Induction and Alternating Currents,Electromagnetic Induction and Alternating Current,Self Inductance,Average self induced emf,One-step numerical MCQ,Medium,Application,A,False,
NEET27-PHY-1550,XII,Unit 14: Electromagnetic Induction and Alternating Currents,Electromagnetic Induction and Alternating Current,Self Inductance,Factors that determine L,Direct MCQ,Medium,Application,D,False,
NEET27-PHY-1551,XII,Unit 14: Electromagnetic Induction and Alternating Currents,Electromagnetic Induction and Alternating Current,Self Inductance,Flux linkage and inductance,One-step numerical MCQ,Easy,Application,C,False,
NEET27-PHY-1552,XII,Unit 14: Electromagnetic Induction and Alternating Currents,Electromagnetic Induction and Alternating Current,Self Inductance,Electrical inertia,Direct MCQ,Easy,Recall,D,False,
NEET27-PHY-1553,XII,Unit 14: Electromagnetic Induction and Alternating Currents,Electromagnetic Induction and Alternating Current,Series LCR Circuit,Effect of raising the frequency,Conceptual/application MCQ,Medium,Application,C,False,
NEET27-PHY-1554,XII,Unit 14: Electromagnetic Induction and Alternating Currents,Electromagnetic Induction and Alternating Current,Series LCR Circuit,Instantaneous versus rms voltages,Statement-based MCQ,Difficult,Analysis,A,False,
NEET27-PHY-1555,XII,Unit 14: Electromagnetic Induction and Alternating Currents,Electromagnetic Induction and Alternating Current,"Series LR, CR Circuits",LR circuit with component values,Multi-step numerical MCQ,Medium,Application,C,False,
NEET27-PHY-1556,XII,Unit 14: Electromagnetic Induction and Alternating Currents,Electromagnetic Induction and Alternating Current,"Series LR, CR Circuits",Finding reactance from measurements,Multi-step numerical MCQ,Difficult,Analysis,D,False,
NEET27-PHY-1557,XII,Unit 14: Electromagnetic Induction and Alternating Currents,Electromagnetic Induction and Alternating Current,"Series LR, CR Circuits",Effect of added resistance,Conceptual/application MCQ,Medium,Application,A,False,
NEET27-PHY-1558,XII,Unit 14: Electromagnetic Induction and Alternating Currents,Electromagnetic Induction and Alternating Current,"Series LR, CR Circuits",Phase angle of an LR circuit,One-step numerical MCQ,Medium,Application,B,False,
NEET27-PHY-1559,XII,Unit 14: Electromagnetic Induction and Alternating Currents,Electromagnetic Induction and Alternating Current,Transformer,DC limitation,Conceptual/application MCQ,Medium,Application,B,False,
NEET27-PHY-1560,XII,Unit 14: Electromagnetic Induction and Alternating Currents,Electromagnetic Induction and Alternating Current,Transformer,efficiency,One-step numerical MCQ,Easy,Application,C,False,
NEET27-PHY-1561,XII,Unit 14: Electromagnetic Induction and Alternating Currents,Electromagnetic Induction and Alternating Current,Transformer,core losses,Conceptual/application MCQ,Medium,Application,B,False,
NEET27-PHY-1562,XII,Unit 14: Electromagnetic Induction and Alternating Currents,Electromagnetic Induction and Alternating Current,Transformer,current ratio,One-step numerical MCQ,Medium,Application,A,False,
NEET27-PHY-1563,XII,Unit 14: Electromagnetic Induction and Alternating Currents,Electromagnetic Induction and Alternating Current,Transformer,principle,Direct MCQ,Easy,Recall,B,False,
NEET27-PHY-1564,XII,Unit 14: Electromagnetic Induction and Alternating Currents,Electromagnetic Induction and Alternating Current,Transformer,turns ratio,One-step numerical MCQ,Easy,Application,C,False,
NEET27-PHY-1565,XII,Unit 14: Electromagnetic Induction and Alternating Currents,Electromagnetic Induction and Alternating Current,Transformer,step-up behaviour,Conceptual/application MCQ,Easy,Application,C,False,
NEET27-PHY-1566,XII,Unit 14: Electromagnetic Induction and Alternating Currents,Electromagnetic Induction and Alternating Current,Transformer,transmission,Conceptual/application MCQ,Medium,Application,D,False,
NEET27-PHY-1567,XII,Unit 15: Electromagnetic Waves,Electromagnetic Waves,Electromagnetic spectrum,visible light,Diagram/circuit/ray MCQ,Easy,Analysis,A,True,figures/u15-b04-p3.png
NEET27-PHY-1568,XII,Unit 15: Electromagnetic Waves,Electromagnetic Waves,Electromagnetic spectrum,radio waves,Diagram/circuit/ray MCQ,Easy,Analysis,D,True,figures/u15-b01-p3.png
NEET27-PHY-1569,XII,Unit 15: Electromagnetic Waves,Electromagnetic Waves,Electromagnetic spectrum,ultraviolet radiation,Diagram/circuit/ray MCQ,Medium,Analysis,A,True,figures/u15-b05-p3.png
NEET27-PHY-1570,XII,Unit 15: Electromagnetic Waves,Electromagnetic Waves,Electromagnetic spectrum,infrared radiation,Diagram/circuit/ray MCQ,Medium,Analysis,B,True,figures/u15-b03-p3.png
NEET27-PHY-1571,XII,Unit 15: Electromagnetic Waves,Electromagnetic Waves,Electromagnetic spectrum,sources,Diagram/circuit/ray MCQ,Medium,Analysis,B,False,figures/u15-b07-p2.png
NEET27-PHY-1572,XII,Unit 15: Electromagnetic Waves,Electromagnetic Waves,Electromagnetic spectrum,sources,Diagram/circuit/ray MCQ,Medium,Analysis,B,False,figures/u15-b03-p2.png
NEET27-PHY-1573,XII,Unit 15: Electromagnetic Waves,Electromagnetic Waves,Electromagnetic spectrum,radio waves,Diagram/circuit/ray MCQ,Easy,Analysis,D,True,figures/u15-b01-p2.png
NEET27-PHY-1574,XII,Unit 15: Electromagnetic Waves,Electromagnetic Waves,Electromagnetic spectrum,gamma rays,Diagram/circuit/ray MCQ,Easy,Analysis,B,True,figures/u15-b07-p2.png
NEET27-PHY-1575,XII,Unit 15: Electromagnetic Waves,Electromagnetic Waves,Electromagnetic spectrum,applications,Diagram/circuit/ray MCQ,Medium,Analysis,A,False,figures/u15-b06-p1.png
NEET27-PHY-1576,XII,Unit 15: Electromagnetic Waves,Electromagnetic Waves,Electromagnetic spectrum,microwaves,Diagram/circuit/ray MCQ,Medium,Analysis,A,True,figures/u15-b02-p3.png
NEET27-PHY-1577,XII,Unit 15: Electromagnetic Waves,Electromagnetic Waves,Electromagnetic spectrum,detection,Diagram/circuit/ray MCQ,Medium,Analysis,D,False,figures/u15-b06-p3.png
NEET27-PHY-1578,XII,Unit 15: Electromagnetic Waves,Electromagnetic Waves,Electromagnetic spectrum,applications,Diagram/circuit/ray MCQ,Medium,Analysis,C,False,figures/u15-b04-p1.png
NEET27-PHY-1579,XII,Unit 15: Electromagnetic Waves,Electromagnetic Waves,Electromagnetic spectrum,ultraviolet radiation,Diagram/circuit/ray MCQ,Medium,Analysis,B,True,figures/u15-b05-p2.png
NEET27-PHY-1580,XII,Unit 15: Electromagnetic Waves,Electromagnetic Waves,Electromagnetic spectrum,ultraviolet radiation,Diagram/circuit/ray MCQ,Medium,Analysis,B,True,figures/u15-b05-p1.png
NEET27-PHY-1581,XII,Unit 15: Electromagnetic Waves,Electromagnetic Waves,Electromagnetic spectrum,sources,Diagram/circuit/ray MCQ,Medium,Analysis,B,False,figures/u15-b02-p2.png
NEET27-PHY-1582,XII,Unit 15: Electromagnetic Waves,Electromagnetic Waves,Electromagnetic spectrum,applications,Diagram/circuit/ray MCQ,Medium,Analysis,A,False,figures/u15-b07-p1.png
NEET27-PHY-1583,XII,Unit 15: Electromagnetic Waves,Electromagnetic Waves,Electromagnetic spectrum,X-rays,Diagram/circuit/ray MCQ,Medium,Analysis,C,True,figures/u15-b06-p3.png
NEET27-PHY-1584,XII,Unit 15: Electromagnetic Waves,Electromagnetic Waves,Electromagnetic spectrum,applications,Diagram/circuit/ray MCQ,Medium,Analysis,B,False,figures/u15-b05-p1.png
NEET27-PHY-1585,XII,Unit 15: Electromagnetic Waves,Electromagnetic Waves,Electromagnetic spectrum,infrared radiation,Diagram/circuit/ray MCQ,Medium,Analysis,C,True,figures/u15-b03-p1.png
NEET27-PHY-1586,XII,Unit 15: Electromagnetic Waves,Electromagnetic Waves,Electromagnetic spectrum,gamma rays,Diagram/circuit/ray MCQ,Easy,Analysis,D,True,figures/u15-b07-p3.png
NEET27-PHY-1587,XII,Unit 15: Electromagnetic Waves,Electromagnetic Waves,Electromagnetic spectrum,detection,Diagram/circuit/ray MCQ,Medium,Analysis,A,False,figures/u15-b01-p3.png
NEET27-PHY-1588,XII,Unit 15: Electromagnetic Waves,Electromagnetic Waves,Electromagnetic spectrum,X-rays,Diagram/circuit/ray MCQ,Medium,Analysis,A,True,figures/u15-b06-p2.png
NEET27-PHY-1589,XII,Unit 15: Electromagnetic Waves,Electromagnetic Waves,Electromagnetic spectrum,infrared radiation,Diagram/circuit/ray MCQ,Medium,Analysis,D,True,figures/u15-b03-p2.png
NEET27-PHY-1590,XII,Unit 15: Electromagnetic Waves,Electromagnetic Waves,Electromagnetic spectrum,gamma rays,Diagram/circuit/ray MCQ,Easy,Analysis,D,True,figures/u15-b07-p1.png
NEET27-PHY-1591,XII,Unit 15: Electromagnetic Waves,Electromagnetic Waves,Electromagnetic spectrum,detection,Diagram/circuit/ray MCQ,Medium,Analysis,A,False,figures/u15-b04-p3.png
NEET27-PHY-1592,XII,Unit 15: Electromagnetic Waves,Electromagnetic Waves,Electromagnetic spectrum,radio waves,Diagram/circuit/ray MCQ,Easy,Analysis,C,True,figures/u15-b01-p1.png
NEET27-PHY-1593,XII,Unit 15: Electromagnetic Waves,Electromagnetic Waves,Electromagnetic spectrum,detection,Diagram/circuit/ray MCQ,Medium,Analysis,D,False,figures/u15-b05-p3.png
NEET27-PHY-1594,XII,Unit 15: Electromagnetic Waves,Electromagnetic Waves,Electromagnetic spectrum,detection,Diagram/circuit/ray MCQ,Medium,Analysis,C,False,figures/u15-b03-p3.png
NEET27-PHY-1595,XII,Unit 15: Electromagnetic Waves,Electromagnetic Waves,Electromagnetic spectrum,detection,Diagram/circuit/ray MCQ,Medium,Analysis,C,False,figures/u15-b02-p3.png
NEET27-PHY-1596,XII,Unit 15: Electromagnetic Waves,Electromagnetic Waves,Electromagnetic spectrum,applications,Diagram/circuit/ray MCQ,Medium,Analysis,C,False,figures/u15-b03-p1.png
NEET27-PHY-1597,XII,Unit 15: Electromagnetic Waves,Electromagnetic Waves,Electromagnetic spectrum,sources,Diagram/circuit/ray MCQ,Medium,Analysis,C,False,figures/u15-b05-p2.png
NEET27-PHY-1598,XII,Unit 15: Electromagnetic Waves,Electromagnetic Waves,Electromagnetic spectrum,microwaves,Diagram/circuit/ray MCQ,Medium,Analysis,B,True,figures/u15-b02-p1.png
NEET27-PHY-1599,XII,Unit 15: Electromagnetic Waves,Electromagnetic Waves,Electromagnetic spectrum,X-rays,Diagram/circuit/ray MCQ,Medium,Analysis,D,True,figures/u15-b06-p1.png
NEET27-PHY-1600,XII,Unit 15: Electromagnetic Waves,Electromagnetic Waves,Electromagnetic spectrum,visible light,Diagram/circuit/ray MCQ,Easy,Analysis,A,True,figures/u15-b04-p1.png
NEET27-PHY-1601,XII,Unit 15: Electromagnetic Waves,Electromagnetic Waves,Electromagnetic spectrum,applications,Diagram/circuit/ray MCQ,Medium,Analysis,B,False,figures/u15-b01-p1.png
NEET27-PHY-1602,XII,Unit 15: Electromagnetic Waves,Electromagnetic Waves,Electromagnetic spectrum,sources,Diagram/circuit/ray MCQ,Medium,Analysis,B,False,figures/u15-b01-p2.png
NEET27-PHY-1603,XII,Unit 15: Electromagnetic Waves,Electromagnetic Waves,Electromagnetic spectrum,sources,Diagram/circuit/ray MCQ,Medium,Analysis,C,False,figures/u15-b06-p2.png
NEET27-PHY-1604,XII,Unit 15: Electromagnetic Waves,Electromagnetic Waves,Electromagnetic spectrum,sources,Diagram/circuit/ray MCQ,Medium,Analysis,C,False,figures/u15-b04-p2.png
NEET27-PHY-1605,XII,Unit 15: Electromagnetic Waves,Electromagnetic Waves,Electromagnetic spectrum,detection,Diagram/circuit/ray MCQ,Medium,Analysis,C,False,figures/u15-b07-p3.png
NEET27-PHY-1606,XII,Unit 15: Electromagnetic Waves,Electromagnetic Waves,Electromagnetic spectrum,applications,Diagram/circuit/ray MCQ,Medium,Analysis,A,False,figures/u15-b02-p1.png
NEET27-PHY-1607,XII,Unit 15: Electromagnetic Waves,Electromagnetic Waves,Electromagnetic spectrum,microwaves,Diagram/circuit/ray MCQ,Medium,Analysis,B,True,figures/u15-b02-p2.png
NEET27-PHY-1608,XII,Unit 15: Electromagnetic Waves,Electromagnetic Waves,Electromagnetic spectrum,visible light,Diagram/circuit/ray MCQ,Easy,Analysis,D,True,figures/u15-b04-p2.png
NEET27-PHY-1609,XII,Unit 15: Electromagnetic Waves,Electromagnetic Waves,Electromagnetic waves,propagation and displacement current,Diagram/circuit/ray MCQ,Medium,Analysis,A,False,figures/u15-wave-01.png
NEET27-PHY-1610,XII,Unit 15: Electromagnetic Waves,Electromagnetic Waves,Electromagnetic waves,propagation and displacement current,Diagram/circuit/ray MCQ,Difficult,Analysis,C,False,figures/u15-wave-02.png
NEET27-PHY-1611,XII,Unit 15: Electromagnetic Waves,Electromagnetic Waves,Electromagnetic waves,propagation and displacement current,Diagram/circuit/ray MCQ,Medium,Analysis,C,False,figures/u15-disp-01.png
NEET27-PHY-1612,XII,Unit 15: Electromagnetic Waves,Electromagnetic Waves,Electromagnetic waves,propagation and displacement current,Diagram/circuit/ray MCQ,Medium,Analysis,D,False,figures/u15-disp-01.png
NEET27-PHY-1613,XII,Unit 15: Electromagnetic Waves,Electromagnetic Waves,Electromagnetic waves,propagation and displacement current,Diagram/circuit/ray MCQ,Medium,Analysis,B,False,figures/u15-wave-01.png
NEET27-PHY-1614,XII,Unit 15: Electromagnetic Waves,Electromagnetic Waves,Electromagnetic waves,propagation and displacement current,Diagram/circuit/ray MCQ,Difficult,Analysis,C,False,figures/u15-disp-03.png
NEET27-PHY-1615,XII,Unit 15: Electromagnetic Waves,Electromagnetic Waves,Electromagnetic waves,propagation and displacement current,Diagram/circuit/ray MCQ,Medium,Analysis,A,False,figures/u15-wave-03.png
NEET27-PHY-1616,XII,Unit 15: Electromagnetic Waves,Electromagnetic Waves,Electromagnetic waves,propagation and displacement current,Diagram/circuit/ray MCQ,Difficult,Analysis,D,False,figures/u15-wave-03.png
NEET27-PHY-1617,XII,Unit 15: Electromagnetic Waves,Electromagnetic Waves,Electromagnetic waves,propagation and displacement current,Diagram/circuit/ray MCQ,Medium,Analysis,D,False,figures/u15-disp-02.png
NEET27-PHY-1618,XII,Unit 15: Electromagnetic Waves,Electromagnetic Waves,Electromagnetic waves,propagation and displacement current,Diagram/circuit/ray MCQ,Medium,Analysis,D,False,figures/u15-disp-03.png
NEET27-PHY-1619,XII,Unit 15: Electromagnetic Waves,Electromagnetic Waves,Electromagnetic waves,propagation and displacement current,Diagram/circuit/ray MCQ,Medium,Analysis,C,False,figures/u15-disp-02.png
NEET27-PHY-1620,XII,Unit 15: Electromagnetic Waves,Electromagnetic Waves,Electromagnetic waves,propagation and displacement current,Diagram/circuit/ray MCQ,Medium,Analysis,C,False,figures/u15-wave-02.png
NEET27-PHY-1621,XII,Unit 16: Optics,Ray Optics and Optical Instruments; Wave Optics,Diffraction,Interference and diffraction,Conceptual/application MCQ,Medium,Application,D,False,
NEET27-PHY-1622,XII,Unit 16: Optics,Ray Optics and Optical Instruments; Wave Optics,Diffraction,Central maximum,One-step numerical MCQ,Medium,Application,A,False,
NEET27-PHY-1623,XII,Unit 16: Optics,Ray Optics and Optical Instruments; Wave Optics,Diffraction,Fresnel distance,One-step numerical MCQ,Difficult,Analysis,C,False,
NEET27-PHY-1624,XII,Unit 16: Optics,Ray Optics and Optical Instruments; Wave Optics,Diffraction,Effect of parameters,Conceptual/application MCQ,Difficult,Analysis,B,False,
NEET27-PHY-1625,XII,Unit 16: Optics,Ray Optics and Optical Instruments; Wave Optics,Diffraction,Effect of parameters,Conceptual/application MCQ,Medium,Application,C,False,
NEET27-PHY-1626,XII,Unit 16: Optics,Ray Optics and Optical Instruments; Wave Optics,Diffraction,Single slit,Multi-step numerical MCQ,Difficult,Analysis,D,False,
NEET27-PHY-1627,XII,Unit 16: Optics,Ray Optics and Optical Instruments; Wave Optics,Diffraction,Single slit,Conceptual/application MCQ,Medium,Application,D,False,
NEET27-PHY-1628,XII,Unit 16: Optics,Ray Optics and Optical Instruments; Wave Optics,Diffraction,Effect of parameters,Conceptual/application MCQ,Medium,Application,C,False,
NEET27-PHY-1629,XII,Unit 16: Optics,Ray Optics and Optical Instruments; Wave Optics,Diffraction,Single slit,One-step numerical MCQ,Difficult,Analysis,B,False,
NEET27-PHY-1630,XII,Unit 16: Optics,Ray Optics and Optical Instruments; Wave Optics,Diffraction,Central maximum,One-step numerical MCQ,Medium,Application,C,False,
NEET27-PHY-1631,XII,Unit 16: Optics,Ray Optics and Optical Instruments; Wave Optics,Diffraction,Single slit,Direct MCQ,Easy,Recall,D,False,
NEET27-PHY-1632,XII,Unit 16: Optics,Ray Optics and Optical Instruments; Wave Optics,Diffraction,Single slit,Conceptual/application MCQ,Difficult,Analysis,D,False,
NEET27-PHY-1633,XII,Unit 16: Optics,Ray Optics and Optical Instruments; Wave Optics,Diffraction,Nature of diffraction,Conceptual/application MCQ,Easy,Application,A,False,
NEET27-PHY-1634,XII,Unit 16: Optics,Ray Optics and Optical Instruments; Wave Optics,Diffraction,Single slit,One-step numerical MCQ,Easy,Application,C,False,
NEET27-PHY-1635,XII,Unit 16: Optics,Ray Optics and Optical Instruments; Wave Optics,Diffraction,Nature of diffraction,Direct MCQ,Easy,Recall,C,False,
NEET27-PHY-1636,XII,Unit 16: Optics,Ray Optics and Optical Instruments; Wave Optics,Huygens Construction,Secondary wavelets,Conceptual/application MCQ,Medium,Application,D,False,
NEET27-PHY-1637,XII,Unit 16: Optics,Ray Optics and Optical Instruments; Wave Optics,Huygens Construction,Wavelength in a medium,One-step numerical MCQ,Medium,Application,D,False,
NEET27-PHY-1638,XII,Unit 16: Optics,Ray Optics and Optical Instruments; Wave Optics,Huygens Construction,Refraction,Conceptual/application MCQ,Easy,Application,D,False,
NEET27-PHY-1639,XII,Unit 16: Optics,Ray Optics and Optical Instruments; Wave Optics,Huygens Construction,Optical path,Multi-step numerical MCQ,Difficult,Analysis,D,False,
NEET27-PHY-1640,XII,Unit 16: Optics,Ray Optics and Optical Instruments; Wave Optics,Huygens Construction,Speed in a medium,One-step numerical MCQ,Difficult,Analysis,A,False,
NEET27-PHY-1641,XII,Unit 16: Optics,Ray Optics and Optical Instruments; Wave Optics,Huygens Construction,Reflection,Direct MCQ,Easy,Recall,C,False,
NEET27-PHY-1642,XII,Unit 16: Optics,Ray Optics and Optical Instruments; Wave Optics,Huygens Construction,Secondary wavelets,Direct MCQ,Easy,Recall,C,False,
NEET27-PHY-1643,XII,Unit 16: Optics,Ray Optics and Optical Instruments; Wave Optics,Huygens Construction,Wavelength in a medium,Multi-step numerical MCQ,Difficult,Analysis,A,False,
NEET27-PHY-1644,XII,Unit 16: Optics,Ray Optics and Optical Instruments; Wave Optics,Huygens Construction,Refraction,One-step numerical MCQ,Medium,Application,B,False,
NEET27-PHY-1645,XII,Unit 16: Optics,Ray Optics and Optical Instruments; Wave Optics,Huygens Construction,Refraction,One-step numerical MCQ,Easy,Application,C,False,
NEET27-PHY-1646,XII,Unit 16: Optics,Ray Optics and Optical Instruments; Wave Optics,Interference,Coherent sources,Direct MCQ,Easy,Recall,D,False,
NEET27-PHY-1647,XII,Unit 16: Optics,Ray Optics and Optical Instruments; Wave Optics,Interference,Path and phase difference,One-step numerical MCQ,Medium,Application,A,False,
NEET27-PHY-1648,XII,Unit 16: Optics,Ray Optics and Optical Instruments; Wave Optics,Interference,Intensity distribution,One-step numerical MCQ,Medium,Application,D,False,
NEET27-PHY-1649,XII,Unit 16: Optics,Ray Optics and Optical Instruments; Wave Optics,Interference,Intensity distribution,Multi-step numerical MCQ,Difficult,Analysis,C,False,
NEET27-PHY-1650,XII,Unit 16: Optics,Ray Optics and Optical Instruments; Wave Optics,Interference,Conditions for interference,Direct MCQ,Easy,Recall,C,False,
NEET27-PHY-1651,XII,Unit 16: Optics,Ray Optics and Optical Instruments; Wave Optics,Interference,Phase and path difference,One-step numerical MCQ,Easy,Application,C,False,
NEET27-PHY-1652,XII,Unit 16: Optics,Ray Optics and Optical Instruments; Wave Optics,Interference,Intensity distribution,Multi-step numerical MCQ,Difficult,Analysis,D,False,
NEET27-PHY-1653,XII,Unit 16: Optics,Ray Optics and Optical Instruments; Wave Optics,Interference,Path and phase difference,One-step numerical MCQ,Medium,Application,D,False,
NEET27-PHY-1654,XII,Unit 16: Optics,Ray Optics and Optical Instruments; Wave Optics,Interference,Conditions for interference,Conceptual/application MCQ,Medium,Application,B,False,
NEET27-PHY-1655,XII,Unit 16: Optics,Ray Optics and Optical Instruments; Wave Optics,Interference,Intensity distribution,Multi-step numerical MCQ,Difficult,Analysis,A,False,
NEET27-PHY-1656,XII,Unit 16: Optics,Ray Optics and Optical Instruments; Wave Optics,Interference,Coherent sources,Conceptual/application MCQ,Medium,Application,C,False,
NEET27-PHY-1657,XII,Unit 16: Optics,Ray Optics and Optical Instruments; Wave Optics,Interference,Energy in interference,Conceptual/application MCQ,Easy,Application,C,False,
NEET27-PHY-1658,XII,Unit 16: Optics,Ray Optics and Optical Instruments; Wave Optics,Interference,Intensity distribution,One-step numerical MCQ,Medium,Application,D,False,
NEET27-PHY-1659,XII,Unit 16: Optics,Ray Optics and Optical Instruments; Wave Optics,Interference,Intensity distribution,Direct MCQ,Medium,Application,C,False,
NEET27-PHY-1660,XII,Unit 16: Optics,Ray Optics and Optical Instruments; Wave Optics,Interference,Conditions for interference,Direct MCQ,Easy,Recall,A,False,
NEET27-PHY-1661,XII,Unit 16: Optics,Ray Optics and Optical Instruments; Wave Optics,Interference,Intensity distribution,One-step numerical MCQ,Medium,Application,C,False,
NEET27-PHY-1662,XII,Unit 16: Optics,Ray Optics and Optical Instruments; Wave Optics,Nature of Light and Wavefronts,Nature of light,Direct MCQ,Easy,Recall,D,False,
NEET27-PHY-1663,XII,Unit 16: Optics,Ray Optics and Optical Instruments; Wave Optics,Nature of Light and Wavefronts,Types of wavefronts,Direct MCQ,Easy,Recall,D,False,
NEET27-PHY-1664,XII,Unit 16: Optics,Ray Optics and Optical Instruments; Wave Optics,Nature of Light and Wavefronts,Ray and wavefront,Statement-based MCQ,Easy,Analysis,D,False,
NEET27-PHY-1665,XII,Unit 16: Optics,Ray Optics and Optical Instruments; Wave Optics,Nature of Light and Wavefronts,Intensity and amplitude,One-step numerical MCQ,Difficult,Analysis,C,False,
NEET27-PHY-1666,XII,Unit 16: Optics,Ray Optics and Optical Instruments; Wave Optics,Nature of Light and Wavefronts,Wave theory of light,Statement-based MCQ,Medium,Analysis,A,False,
NEET27-PHY-1667,XII,Unit 16: Optics,Ray Optics and Optical Instruments; Wave Optics,Nature of Light and Wavefronts,Types of wavefronts,Direct MCQ,Easy,Recall,A,False,
NEET27-PHY-1668,XII,Unit 16: Optics,Ray Optics and Optical Instruments; Wave Optics,Nature of Light and Wavefronts,Huygens principle,Direct MCQ,Medium,Application,C,False,
NEET27-PHY-1669,XII,Unit 16: Optics,Ray Optics and Optical Instruments; Wave Optics,Nature of Light and Wavefronts,Wavefront,Direct MCQ,Easy,Recall,D,False,
NEET27-PHY-1670,XII,Unit 16: Optics,Ray Optics and Optical Instruments; Wave Optics,Nature of Light and Wavefronts,Wave theory of light,Conceptual/application MCQ,Medium,Application,C,False,
NEET27-PHY-1671,XII,Unit 16: Optics,Ray Optics and Optical Instruments; Wave Optics,Nature of Light and Wavefronts,Ray and wavefront,Conceptual/application MCQ,Medium,Application,D,False,
NEET27-PHY-1672,XII,Unit 16: Optics,Ray Optics and Optical Instruments; Wave Optics,Nature of Light and Wavefronts,Types of wavefronts,Direct MCQ,Easy,Recall,C,False,
NEET27-PHY-1673,XII,Unit 16: Optics,Ray Optics and Optical Instruments; Wave Optics,Optical Instruments,Astronomical telescope,One-step numerical MCQ,Easy,Application,B,False,
NEET27-PHY-1674,XII,Unit 16: Optics,Ray Optics and Optical Instruments; Wave Optics,Optical Instruments,Near point and infinity settings,Conceptual/application MCQ,Difficult,Analysis,C,False,
NEET27-PHY-1675,XII,Unit 16: Optics,Ray Optics and Optical Instruments; Wave Optics,Optical Instruments,Simple microscope,One-step numerical MCQ,Easy,Application,B,False,
NEET27-PHY-1676,XII,Unit 16: Optics,Ray Optics and Optical Instruments; Wave Optics,Optical instruments,microscope magnifying power,Conceptual/application MCQ,Medium,Application,C,False,
NEET27-PHY-1677,XII,Unit 16: Optics,Ray Optics and Optical Instruments; Wave Optics,Optical instruments,compound microscope,Conceptual/application MCQ,Medium,Application,B,False,
NEET27-PHY-1678,XII,Unit 16: Optics,Ray Optics and Optical Instruments; Wave Optics,Optical instruments,astronomical telescope,Conceptual/application MCQ,Easy,Application,A,False,
NEET27-PHY-1679,XII,Unit 16: Optics,Ray Optics and Optical Instruments; Wave Optics,Optical instruments,telescope magnifying power,One-step numerical MCQ,Medium,Application,C,False,
NEET27-PHY-1680,XII,Unit 16: Optics,Ray Optics and Optical Instruments; Wave Optics,Optical instruments,microscope numerical,One-step numerical MCQ,Easy,Application,C,False,
NEET27-PHY-1681,XII,Unit 16: Optics,Ray Optics and Optical Instruments; Wave Optics,Optical instruments,reflecting telescope,Conceptual/application MCQ,Medium,Application,B,False,
NEET27-PHY-1682,XII,Unit 16: Optics,Ray Optics and Optical Instruments; Wave Optics,Polarisation,Polaroids,Multi-step numerical MCQ,Difficult,Analysis,B,False,
NEET27-PHY-1683,XII,Unit 16: Optics,Ray Optics and Optical Instruments; Wave Optics,Polarisation,Brewster law,Multi-step numerical MCQ,Difficult,Analysis,C,False,
NEET27-PHY-1684,XII,Unit 16: Optics,Ray Optics and Optical Instruments; Wave Optics,Polarisation,Brewster law,One-step numerical MCQ,Medium,Application,A,False,
NEET27-PHY-1685,XII,Unit 16: Optics,Ray Optics and Optical Instruments; Wave Optics,Polarisation,Brewster law,One-step numerical MCQ,Medium,Application,C,False,
NEET27-PHY-1686,XII,Unit 16: Optics,Ray Optics and Optical Instruments; Wave Optics,Polarisation,Brewster law,Conceptual/application MCQ,Difficult,Analysis,D,False,
NEET27-PHY-1687,XII,Unit 16: Optics,Ray Optics and Optical Instruments; Wave Optics,Polarisation,Polaroids,One-step numerical MCQ,Medium,Application,B,False,
NEET27-PHY-1688,XII,Unit 16: Optics,Ray Optics and Optical Instruments; Wave Optics,Polarisation,Polaroids,Multi-step numerical MCQ,Medium,Application,B,False,
NEET27-PHY-1689,XII,Unit 16: Optics,Ray Optics and Optical Instruments; Wave Optics,Polarisation,Polaroids,Multi-step numerical MCQ,Difficult,Analysis,A,False,
NEET27-PHY-1690,XII,Unit 16: Optics,Ray Optics and Optical Instruments; Wave Optics,Polarisation,Plane polarised light,Direct MCQ,Easy,Recall,B,False,
NEET27-PHY-1691,XII,Unit 16: Optics,Ray Optics and Optical Instruments; Wave Optics,Polarisation,Brewster law,Direct MCQ,Medium,Application,A,False,
NEET27-PHY-1692,XII,Unit 16: Optics,Ray Optics and Optical Instruments; Wave Optics,Polarisation,Polaroids,Direct MCQ,Easy,Recall,A,False,
NEET27-PHY-1693,XII,Unit 16: Optics,Ray Optics and Optical Instruments; Wave Optics,Prisms,Dispersion by a prism,Direct MCQ,Easy,Recall,C,False,
NEET27-PHY-1694,XII,Unit 16: Optics,Ray Optics and Optical Instruments; Wave Optics,Prisms,Prism relation between angles,One-step numerical MCQ,Easy,Application,B,False,
NEET27-PHY-1695,XII,Unit 16: Optics,Ray Optics and Optical Instruments; Wave Optics,Prisms,Angular dispersion,One-step numerical MCQ,Medium,Application,B,False,
NEET27-PHY-1696,XII,Unit 16: Optics,Ray Optics and Optical Instruments; Wave Optics,Prisms,Dispersive power,One-step numerical MCQ,Medium,Application,D,False,
NEET27-PHY-1697,XII,Unit 16: Optics,Ray Optics and Optical Instruments; Wave Optics,Reflection and Plane Mirrors,Minimum size and position of a mirror,Multi-step numerical MCQ,Difficult,Analysis,B,False,
NEET27-PHY-1698,XII,Unit 16: Optics,Ray Optics and Optical Instruments; Wave Optics,Reflection and Plane Mirrors,Laws of reflection,Direct MCQ,Easy,Recall,D,False,
NEET27-PHY-1699,XII,Unit 16: Optics,Ray Optics and Optical Instruments; Wave Optics,Reflection and Plane Mirrors,Relative motion of image,Conceptual/application MCQ,Easy,Application,D,False,
NEET27-PHY-1700,XII,Unit 16: Optics,Ray Optics and Optical Instruments; Wave Optics,Reflection and Plane Mirrors,Images between two inclined mirrors,One-step numerical MCQ,Medium,Application,C,False,
NEET27-PHY-1701,XII,Unit 16: Optics,Ray Optics and Optical Instruments; Wave Optics,Reflection and Plane Mirrors,Lateral inversion,Statement-based MCQ,Medium,Analysis,B,False,
NEET27-PHY-1702,XII,Unit 16: Optics,Ray Optics and Optical Instruments; Wave Optics,Reflection and Plane Mirrors,Deviation by two inclined mirrors,Conceptual/application MCQ,Difficult,Analysis,B,False,
NEET27-PHY-1703,XII,Unit 16: Optics,Ray Optics and Optical Instruments; Wave Optics,Reflection and Plane Mirrors,Rotation of a plane mirror,Direct MCQ,Medium,Application,B,False,
NEET27-PHY-1704,XII,Unit 16: Optics,Ray Optics and Optical Instruments; Wave Optics,Reflection and Plane Mirrors,Two perpendicular mirrors,Conceptual/application MCQ,Medium,Application,A,False,
NEET27-PHY-1705,XII,Unit 16: Optics,Ray Optics and Optical Instruments; Wave Optics,Reflection and Plane Mirrors,Minimum size of a plane mirror,Direct MCQ,Easy,Recall,B,False,
NEET27-PHY-1706,XII,Unit 16: Optics,Ray Optics and Optical Instruments; Wave Optics,Reflection and Plane Mirrors,Deviation at a plane mirror,One-step numerical MCQ,Medium,Application,A,False,
NEET27-PHY-1707,XII,Unit 16: Optics,Ray Optics and Optical Instruments; Wave Optics,Reflection and Plane Mirrors,Image in a plane mirror,One-step numerical MCQ,Easy,Application,B,False,
NEET27-PHY-1708,XII,Unit 16: Optics,Ray Optics and Optical Instruments; Wave Optics,Refraction and Snell's Law,Refraction between two media,One-step numerical MCQ,Medium,Application,A,False,
NEET27-PHY-1709,XII,Unit 16: Optics,Ray Optics and Optical Instruments; Wave Optics,Refraction and Snell's Law,Apparent depth of two equal layers,Conceptual/application MCQ,Difficult,Analysis,B,False,
NEET27-PHY-1710,XII,Unit 16: Optics,Ray Optics and Optical Instruments; Wave Optics,Refraction and Snell's Law,Relative refractive index,One-step numerical MCQ,Medium,Application,A,False,
NEET27-PHY-1711,XII,Unit 16: Optics,Ray Optics and Optical Instruments; Wave Optics,Refraction and Snell's Law,Refocusing a microscope,Multi-step numerical MCQ,Difficult,Analysis,C,False,
NEET27-PHY-1712,XII,Unit 16: Optics,Ray Optics and Optical Instruments; Wave Optics,Refraction and Snell's Law,Counting waves inside a medium,Multi-step numerical MCQ,Difficult,Analysis,C,False,
NEET27-PHY-1713,XII,Unit 16: Optics,Ray Optics and Optical Instruments; Wave Optics,Refraction and Snell's Law,Bending at a boundary,Direct MCQ,Easy,Recall,D,False,
NEET27-PHY-1714,XII,Unit 16: Optics,Ray Optics and Optical Instruments; Wave Optics,Refraction and Snell's Law,Normal shift through a slab,One-step numerical MCQ,Medium,Application,C,False,
NEET27-PHY-1715,XII,Unit 16: Optics,Ray Optics and Optical Instruments; Wave Optics,Refraction and Snell's Law,Lateral shift through a slab,Multi-step numerical MCQ,Medium,Application,D,False,
NEET27-PHY-1716,XII,Unit 16: Optics,Ray Optics and Optical Instruments; Wave Optics,Refraction and Snell's Law,Real and apparent depth,One-step numerical MCQ,Easy,Application,D,False,
NEET27-PHY-1717,XII,Unit 16: Optics,Ray Optics and Optical Instruments; Wave Optics,Refraction and Snell's Law,Wavelength in a medium,One-step numerical MCQ,Medium,Application,B,False,
NEET27-PHY-1718,XII,Unit 16: Optics,Ray Optics and Optical Instruments; Wave Optics,Refraction and Snell's Law,Optical path and extra time,Multi-step numerical MCQ,Difficult,Analysis,B,False,
NEET27-PHY-1719,XII,Unit 16: Optics,Ray Optics and Optical Instruments; Wave Optics,Refraction and Snell's Law,Stack of parallel slabs,Conceptual/application MCQ,Difficult,Analysis,A,False,
NEET27-PHY-1720,XII,Unit 16: Optics,Ray Optics and Optical Instruments; Wave Optics,Refraction and Snell's Law,Depth from the apparent shift,Multi-step numerical MCQ,Medium,Application,D,False,
NEET27-PHY-1721,XII,Unit 16: Optics,Ray Optics and Optical Instruments; Wave Optics,Refraction and Snell's Law,Emergent ray from a parallel slab,Direct MCQ,Medium,Application,A,False,
NEET27-PHY-1722,XII,Unit 16: Optics,Ray Optics and Optical Instruments; Wave Optics,Refraction at a Spherical Surface and Lenses,Silvered lens,Multi-step numerical MCQ,Difficult,Analysis,D,False,
NEET27-PHY-1723,XII,Unit 16: Optics,Ray Optics and Optical Instruments; Wave Optics,Refraction at a Spherical Surface and Lenses,Lens maker formula,One-step numerical MCQ,Easy,Application,A,False,
NEET27-PHY-1724,XII,Unit 16: Optics,Ray Optics and Optical Instruments; Wave Optics,Refraction at a Spherical Surface and Lenses,Lenses in contact,One-step numerical MCQ,Easy,Application,D,False,
NEET27-PHY-1725,XII,Unit 16: Optics,Ray Optics and Optical Instruments; Wave Optics,Refraction at a Spherical Surface and Lenses,Converging and diverging lenses in contact,Multi-step numerical MCQ,Medium,Application,D,False,
NEET27-PHY-1726,XII,Unit 16: Optics,Ray Optics and Optical Instruments; Wave Optics,Refraction at a Spherical Surface and Lenses,Refraction at a single spherical surface,Multi-step numerical MCQ,Medium,Application,C,False,
NEET27-PHY-1727,XII,Unit 16: Optics,Ray Optics and Optical Instruments; Wave Optics,Refraction at a Spherical Surface and Lenses,Glass sphere as a thick lens,Multi-step numerical MCQ,Difficult,Analysis,D,False,
NEET27-PHY-1728,XII,Unit 16: Optics,Ray Optics and Optical Instruments; Wave Optics,Refraction at a Spherical Surface and Lenses,Power of a lens,One-step numerical MCQ,Easy,Application,C,False,
NEET27-PHY-1729,XII,Unit 16: Optics,Ray Optics and Optical Instruments; Wave Optics,Refraction at a Spherical Surface and Lenses,Displacement method,Multi-step numerical MCQ,Difficult,Analysis,D,False,
NEET27-PHY-1730,XII,Unit 16: Optics,Ray Optics and Optical Instruments; Wave Optics,Refraction at a Spherical Surface and Lenses,Two separated lenses,Multi-step numerical MCQ,Difficult,Analysis,D,False,
NEET27-PHY-1731,XII,Unit 16: Optics,Ray Optics and Optical Instruments; Wave Optics,Refraction at a Spherical Surface and Lenses,Two converging lenses in contact,One-step numerical MCQ,Medium,Application,C,False,
NEET27-PHY-1732,XII,Unit 16: Optics,Ray Optics and Optical Instruments; Wave Optics,Refraction at a Spherical Surface and Lenses,Focal length from power,One-step numerical MCQ,Easy,Application,D,False,
NEET27-PHY-1733,XII,Unit 16: Optics,Ray Optics and Optical Instruments; Wave Optics,Refraction at a Spherical Surface and Lenses,Nature of the image in a concave lens,Direct MCQ,Easy,Recall,D,False,
NEET27-PHY-1734,XII,Unit 16: Optics,Ray Optics and Optical Instruments; Wave Optics,Refraction at a Spherical Surface and Lenses,Lens in a medium of the same index,Conceptual/application MCQ,Difficult,Analysis,B,False,
NEET27-PHY-1735,XII,Unit 16: Optics,Ray Optics and Optical Instruments; Wave Optics,Refraction at a Spherical Surface and Lenses,Object and screen separation,Multi-step numerical MCQ,Medium,Application,B,False,
NEET27-PHY-1736,XII,Unit 16: Optics,Ray Optics and Optical Instruments; Wave Optics,Refraction at a Spherical Surface and Lenses,Parallel beam at an angle to the axis,Conceptual/application MCQ,Medium,Application,B,False,
NEET27-PHY-1737,XII,Unit 16: Optics,Ray Optics and Optical Instruments; Wave Optics,Refraction at a Spherical Surface and Lenses,Size of the image of a distant object,Conceptual/application MCQ,Difficult,Analysis,A,False,
NEET27-PHY-1738,XII,Unit 16: Optics,Ray Optics and Optical Instruments; Wave Optics,Refraction at a Spherical Surface and Lenses,Focal length and colour,Conceptual/application MCQ,Medium,Application,A,False,
NEET27-PHY-1739,XII,Unit 16: Optics,Ray Optics and Optical Instruments; Wave Optics,Spherical Mirrors,Two mirrors facing each other,Multi-step numerical MCQ,Difficult,Analysis,B,False,
NEET27-PHY-1740,XII,Unit 16: Optics,Ray Optics and Optical Instruments; Wave Optics,Spherical Mirrors,Distances measured from the focus,Multi-step numerical MCQ,Difficult,Analysis,A,False,
NEET27-PHY-1741,XII,Unit 16: Optics,Ray Optics and Optical Instruments; Wave Optics,Spherical Mirrors,Object between the pole and the focus,Conceptual/application MCQ,Medium,Application,C,False,
NEET27-PHY-1742,XII,Unit 16: Optics,Ray Optics and Optical Instruments; Wave Optics,Spherical Mirrors,Speed of the image along the axis,Multi-step numerical MCQ,Difficult,Analysis,C,False,
NEET27-PHY-1743,XII,Unit 16: Optics,Ray Optics and Optical Instruments; Wave Optics,Spherical Mirrors,Convex mirror numerical,One-step numerical MCQ,Easy,Application,B,False,
NEET27-PHY-1744,XII,Unit 16: Optics,Ray Optics and Optical Instruments; Wave Optics,Spherical Mirrors,Finding the radius of curvature,Multi-step numerical MCQ,Medium,Application,C,False,
NEET27-PHY-1745,XII,Unit 16: Optics,Ray Optics and Optical Instruments; Wave Optics,Spherical Mirrors,Range of image positions,Conceptual/application MCQ,Difficult,Analysis,D,False,
NEET27-PHY-1746,XII,Unit 16: Optics,Ray Optics and Optical Instruments; Wave Optics,Spherical Mirrors,Convex mirror as a rear view mirror,Conceptual/application MCQ,Medium,Application,B,False,
NEET27-PHY-1747,XII,Unit 16: Optics,Ray Optics and Optical Instruments; Wave Optics,Spherical Mirrors,Convex mirror with a given magnification,Multi-step numerical MCQ,Difficult,Analysis,C,False,
NEET27-PHY-1748,XII,Unit 16: Optics,Ray Optics and Optical Instruments; Wave Optics,Spherical Mirrors,Image of an object lying along the axis,Multi-step numerical MCQ,Difficult,Analysis,D,False,
NEET27-PHY-1749,XII,Unit 16: Optics,Ray Optics and Optical Instruments; Wave Optics,Spherical Mirrors,Object at the focus,Direct MCQ,Easy,Recall,A,False,
NEET27-PHY-1750,XII,Unit 16: Optics,Ray Optics and Optical Instruments; Wave Optics,Spherical Mirrors,Nature of the image in a convex mirror,Direct MCQ,Easy,Recall,C,False,
NEET27-PHY-1751,XII,Unit 16: Optics,Ray Optics and Optical Instruments; Wave Optics,Spherical Mirrors,Partly covered mirror,Conceptual/application MCQ,Difficult,Analysis,D,False,
NEET27-PHY-1752,XII,Unit 16: Optics,Ray Optics and Optical Instruments; Wave Optics,Spherical Mirrors,Graph of 1/v against 1/u,Graph/data interpretation MCQ,Medium,Analysis,D,False,
NEET27-PHY-1753,XII,Unit 16: Optics,Ray Optics and Optical Instruments; Wave Optics,Spherical Mirrors,Cartesian sign convention,Conceptual/application MCQ,Medium,Application,B,False,
NEET27-PHY-1754,XII,Unit 16: Optics,Ray Optics and Optical Instruments; Wave Optics,Spherical Mirrors,Object at the centre of curvature,Direct MCQ,Easy,Recall,C,False,
NEET27-PHY-1755,XII,Unit 16: Optics,Ray Optics and Optical Instruments; Wave Optics,Spherical Mirrors,Focal length and radius of curvature,One-step numerical MCQ,Easy,Application,A,False,
NEET27-PHY-1756,XII,Unit 16: Optics,Ray Optics and Optical Instruments; Wave Optics,Total Internal Reflection,Critical angle from refractive index,One-step numerical MCQ,Easy,Application,B,False,
NEET27-PHY-1757,XII,Unit 16: Optics,Ray Optics and Optical Instruments; Wave Optics,Total Internal Reflection,Totally reflecting prism,Conceptual/application MCQ,Difficult,Analysis,D,False,
NEET27-PHY-1758,XII,Unit 16: Optics,Ray Optics and Optical Instruments; Wave Optics,Total Internal Reflection,Effect of covering a surface with water,Conceptual/application MCQ,Difficult,Analysis,C,False,
NEET27-PHY-1759,XII,Unit 16: Optics,Ray Optics and Optical Instruments; Wave Optics,Total Internal Reflection,Speed of light from the critical angle,Multi-step numerical MCQ,Medium,Application,B,False,
NEET27-PHY-1760,XII,Unit 16: Optics,Ray Optics and Optical Instruments; Wave Optics,Total Internal Reflection,Conditions for total internal reflection,Direct MCQ,Easy,Recall,A,False,
NEET27-PHY-1761,XII,Unit 16: Optics,Ray Optics and Optical Instruments; Wave Optics,Total Internal Reflection,Sparkle of a diamond,Conceptual/application MCQ,Medium,Application,D,False,
NEET27-PHY-1762,XII,Unit 16: Optics,Ray Optics and Optical Instruments; Wave Optics,Total Internal Reflection,Why total internal reflection is total,Conceptual/application MCQ,Medium,Application,D,False,
NEET27-PHY-1763,XII,Unit 16: Optics,Ray Optics and Optical Instruments; Wave Optics,Total Internal Reflection,Critical angle for two dense media,One-step numerical MCQ,Medium,Application,C,False,
NEET27-PHY-1764,XII,Unit 16: Optics,Ray Optics and Optical Instruments; Wave Optics,Total Internal Reflection,Mirage,Conceptual/application MCQ,Medium,Application,D,False,
NEET27-PHY-1765,XII,Unit 16: Optics,Ray Optics and Optical Instruments; Wave Optics,Total Internal Reflection,Comparing critical angles,Conceptual/application MCQ,Medium,Application,C,False,
NEET27-PHY-1766,XII,Unit 16: Optics,Ray Optics and Optical Instruments; Wave Optics,Total Internal Reflection,Optical fibre,Direct MCQ,Easy,Recall,D,False,
NEET27-PHY-1767,XII,Unit 16: Optics,Ray Optics and Optical Instruments; Wave Optics,Young's Double Slit Experiment,Fringe positions,Multi-step numerical MCQ,Difficult,Analysis,A,False,
NEET27-PHY-1768,XII,Unit 16: Optics,Ray Optics and Optical Instruments; Wave Optics,Young's Double Slit Experiment,Fringe pattern,Direct MCQ,Easy,Recall,B,False,
NEET27-PHY-1769,XII,Unit 16: Optics,Ray Optics and Optical Instruments; Wave Optics,Young's Double Slit Experiment,Fringe shift,Multi-step numerical MCQ,Difficult,Analysis,C,False,
NEET27-PHY-1770,XII,Unit 16: Optics,Ray Optics and Optical Instruments; Wave Optics,Young's Double Slit Experiment,Effect of parameters,Conceptual/application MCQ,Easy,Application,D,False,
NEET27-PHY-1771,XII,Unit 16: Optics,Ray Optics and Optical Instruments; Wave Optics,Young's Double Slit Experiment,Fringe width,Multi-step numerical MCQ,Medium,Application,B,False,
NEET27-PHY-1772,XII,Unit 16: Optics,Ray Optics and Optical Instruments; Wave Optics,Young's Double Slit Experiment,White light fringes,Conceptual/application MCQ,Easy,Application,A,False,
NEET27-PHY-1773,XII,Unit 16: Optics,Ray Optics and Optical Instruments; Wave Optics,Young's Double Slit Experiment,Effect of parameters,Conceptual/application MCQ,Medium,Application,B,False,
NEET27-PHY-1774,XII,Unit 16: Optics,Ray Optics and Optical Instruments; Wave Optics,Young's Double Slit Experiment,Fringe positions,One-step numerical MCQ,Medium,Application,B,False,
NEET27-PHY-1775,XII,Unit 16: Optics,Ray Optics and Optical Instruments; Wave Optics,Young's Double Slit Experiment,Fringe width,Multi-step numerical MCQ,Difficult,Analysis,C,False,
NEET27-PHY-1776,XII,Unit 16: Optics,Ray Optics and Optical Instruments; Wave Optics,Young's Double Slit Experiment,Fringe pattern,Conceptual/application MCQ,Medium,Application,A,False,
NEET27-PHY-1777,XII,Unit 16: Optics,Ray Optics and Optical Instruments; Wave Optics,Young's Double Slit Experiment,Overlap of two wavelengths,Multi-step numerical MCQ,Difficult,Analysis,D,False,
NEET27-PHY-1778,XII,Unit 16: Optics,Ray Optics and Optical Instruments; Wave Optics,Young's Double Slit Experiment,Immersion in a medium,Conceptual/application MCQ,Medium,Application,A,False,
NEET27-PHY-1779,XII,Unit 16: Optics,Ray Optics and Optical Instruments; Wave Optics,Young's Double Slit Experiment,Missing fringes,Multi-step numerical MCQ,Difficult,Analysis,C,False,
NEET27-PHY-1780,XII,Unit 16: Optics,Ray Optics and Optical Instruments; Wave Optics,Young's Double Slit Experiment,Fringe width,One-step numerical MCQ,Easy,Application,A,False,
NEET27-PHY-1781,XII,Unit 16: Optics,Ray Optics and Optical Instruments; Wave Optics,Young's Double Slit Experiment,Overlap of two wavelengths,Multi-step numerical MCQ,Difficult,Analysis,D,False,
NEET27-PHY-1782,XII,Unit 16: Optics,Ray Optics and Optical Instruments; Wave Optics,Young's Double Slit Experiment,Effect of parameters,Conceptual/application MCQ,Easy,Application,D,False,
NEET27-PHY-1783,XII,Unit 17: Dual Nature of Matter and Radiation,Dual Nature of Radiation and Matter,Davisson Germer and Wave Nature,Electron diffraction,Direct MCQ,Medium,Application,B,False,
NEET27-PHY-1784,XII,Unit 17: Dual Nature of Matter and Radiation,Dual Nature of Radiation and Matter,Davisson Germer and Wave Nature,The experiment,One-step numerical MCQ,Medium,Application,C,False,
NEET27-PHY-1785,XII,Unit 17: Dual Nature of Matter and Radiation,Dual Nature of Radiation and Matter,Davisson Germer and Wave Nature,Wave particle duality,Conceptual/application MCQ,Medium,Application,B,False,
NEET27-PHY-1786,XII,Unit 17: Dual Nature of Matter and Radiation,Dual Nature of Radiation and Matter,Davisson Germer and Wave Nature,Electron diffraction,Conceptual/application MCQ,Difficult,Analysis,D,False,
NEET27-PHY-1787,XII,Unit 17: Dual Nature of Matter and Radiation,Dual Nature of Radiation and Matter,Davisson Germer and Wave Nature,Electron diffraction,Conceptual/application MCQ,Difficult,Analysis,D,False,
NEET27-PHY-1788,XII,Unit 17: Dual Nature of Matter and Radiation,Dual Nature of Radiation and Matter,Davisson Germer and Wave Nature,Challenging application,Multi-step numerical MCQ,Difficult,Analysis,D,False,
NEET27-PHY-1789,XII,Unit 17: Dual Nature of Matter and Radiation,Dual Nature of Radiation and Matter,Davisson Germer and Wave Nature,The experiment,Direct MCQ,Easy,Recall,B,False,
NEET27-PHY-1790,XII,Unit 17: Dual Nature of Matter and Radiation,Dual Nature of Radiation and Matter,Einstein's Photoelectric Equation,Effect of frequency and intensity,Conceptual/application MCQ,Difficult,Analysis,A,False,
NEET27-PHY-1791,XII,Unit 17: Dual Nature of Matter and Radiation,Dual Nature of Radiation and Matter,Einstein's Photoelectric Equation,Graph of KE against frequency,Graph/data interpretation MCQ,Medium,Analysis,C,False,
NEET27-PHY-1792,XII,Unit 17: Dual Nature of Matter and Radiation,Dual Nature of Radiation and Matter,Einstein's Photoelectric Equation,Statement of the equation,Direct MCQ,Easy,Recall,C,False,
NEET27-PHY-1793,XII,Unit 17: Dual Nature of Matter and Radiation,Dual Nature of Radiation and Matter,Einstein's Photoelectric Equation,Conceptual trap,Conceptual/application MCQ,Medium,Application,C,False,
NEET27-PHY-1794,XII,Unit 17: Dual Nature of Matter and Radiation,Dual Nature of Radiation and Matter,Einstein's Photoelectric Equation,Conceptual trap,Direct MCQ,Difficult,Analysis,D,False,
NEET27-PHY-1795,XII,Unit 17: Dual Nature of Matter and Radiation,Dual Nature of Radiation and Matter,Einstein's Photoelectric Equation,Two wavelength problems,Multi-step numerical MCQ,Difficult,Analysis,D,False,
NEET27-PHY-1796,XII,Unit 17: Dual Nature of Matter and Radiation,Dual Nature of Radiation and Matter,Einstein's Photoelectric Equation,Effect of frequency,One-step numerical MCQ,Difficult,Analysis,D,False,
NEET27-PHY-1797,XII,Unit 17: Dual Nature of Matter and Radiation,Dual Nature of Radiation and Matter,Einstein's Photoelectric Equation,Effect of intensity,Direct MCQ,Easy,Recall,D,False,
NEET27-PHY-1798,XII,Unit 17: Dual Nature of Matter and Radiation,Dual Nature of Radiation and Matter,Einstein's Photoelectric Equation,Two wavelength problems,Multi-step numerical MCQ,Medium,Application,B,False,
NEET27-PHY-1799,XII,Unit 17: Dual Nature of Matter and Radiation,Dual Nature of Radiation and Matter,Photoelectric Effect Basics,Emission of electrons,Direct MCQ,Easy,Recall,C,False,
NEET27-PHY-1800,XII,Unit 17: Dual Nature of Matter and Radiation,Dual Nature of Radiation and Matter,Photoelectric Effect Basics,Failure of wave theory,Conceptual/application MCQ,Medium,Application,B,False,
NEET27-PHY-1801,XII,Unit 17: Dual Nature of Matter and Radiation,Dual Nature of Radiation and Matter,Photoelectric Effect Basics,Experimental setup,Direct MCQ,Medium,Application,B,False,
NEET27-PHY-1802,XII,Unit 17: Dual Nature of Matter and Radiation,Dual Nature of Radiation and Matter,Photoelectric Effect Basics,Observations,Direct MCQ,Easy,Recall,D,False,
NEET27-PHY-1803,XII,Unit 17: Dual Nature of Matter and Radiation,Dual Nature of Radiation and Matter,Photoelectric Effect Basics,Discovery of the photoelectric effect,Direct MCQ,Easy,Recall,C,False,
NEET27-PHY-1804,XII,Unit 17: Dual Nature of Matter and Radiation,Dual Nature of Radiation and Matter,Photoelectric Effect Basics,Emission of electrons,Direct MCQ,Difficult,Analysis,B,False,
NEET27-PHY-1805,XII,Unit 17: Dual Nature of Matter and Radiation,Dual Nature of Radiation and Matter,Photoelectric Effect Basics,Failure of wave theory,Conceptual/application MCQ,Medium,Application,C,False,
NEET27-PHY-1806,XII,Unit 17: Dual Nature of Matter and Radiation,Dual Nature of Radiation and Matter,Photoelectric Effect Basics,Emission of electrons,Direct MCQ,Medium,Application,D,False,
NEET27-PHY-1807,XII,Unit 17: Dual Nature of Matter and Radiation,Dual Nature of Radiation and Matter,Photoelectric Effect Basics,Observations,Direct MCQ,Medium,Application,D,False,
NEET27-PHY-1808,XII,Unit 17: Dual Nature of Matter and Radiation,Dual Nature of Radiation and Matter,Photoelectric Effect Basics,Experimental setup,Conceptual/application MCQ,Medium,Application,C,False,
NEET27-PHY-1809,XII,Unit 17: Dual Nature of Matter and Radiation,Dual Nature of Radiation and Matter,Photoelectric Effect Basics,Observations,Conceptual/application MCQ,Medium,Application,C,False,
NEET27-PHY-1810,XII,Unit 17: Dual Nature of Matter and Radiation,Dual Nature of Radiation and Matter,Photoelectric Effect Basics,Experimental setup,Direct MCQ,Easy,Recall,A,False,
NEET27-PHY-1811,XII,Unit 17: Dual Nature of Matter and Radiation,Dual Nature of Radiation and Matter,Photoelectric Effect Basics,Failure of wave theory,Statement-based MCQ,Easy,Analysis,D,False,
NEET27-PHY-1812,XII,Unit 17: Dual Nature of Matter and Radiation,Dual Nature of Radiation and Matter,Photoelectric Effect Basics,Experimental setup,Direct MCQ,Easy,Recall,C,False,
NEET27-PHY-1813,XII,Unit 17: Dual Nature of Matter and Radiation,Dual Nature of Radiation and Matter,Photoelectric Effect Basics,Observations,Conceptual/application MCQ,Easy,Application,A,False,
NEET27-PHY-1814,XII,Unit 17: Dual Nature of Matter and Radiation,Dual Nature of Radiation and Matter,Photon Properties,Number of photons per second,One-step numerical MCQ,Easy,Application,C,False,
NEET27-PHY-1815,XII,Unit 17: Dual Nature of Matter and Radiation,Dual Nature of Radiation and Matter,Photon Properties,Photon properties,Conceptual/application MCQ,Medium,Application,D,False,
NEET27-PHY-1816,XII,Unit 17: Dual Nature of Matter and Radiation,Dual Nature of Radiation and Matter,Photon Properties,Energy of a photon,One-step numerical MCQ,Easy,Application,A,False,
NEET27-PHY-1817,XII,Unit 17: Dual Nature of Matter and Radiation,Dual Nature of Radiation and Matter,Photon Properties,Number of photons per second,Multi-step numerical MCQ,Difficult,Analysis,A,False,
NEET27-PHY-1818,XII,Unit 17: Dual Nature of Matter and Radiation,Dual Nature of Radiation and Matter,Photon Properties,Momentum of a photon,Direct MCQ,Medium,Application,D,False,
NEET27-PHY-1819,XII,Unit 17: Dual Nature of Matter and Radiation,Dual Nature of Radiation and Matter,Photon Properties,Number of photons per second,Multi-step numerical MCQ,Difficult,Analysis,B,False,
NEET27-PHY-1820,XII,Unit 17: Dual Nature of Matter and Radiation,Dual Nature of Radiation and Matter,Photon Properties,Photon properties in a medium,Conceptual/application MCQ,Difficult,Analysis,C,False,
NEET27-PHY-1821,XII,Unit 17: Dual Nature of Matter and Radiation,Dual Nature of Radiation and Matter,Photon Properties,Energy of a photon,Conceptual/application MCQ,Easy,Application,C,False,
NEET27-PHY-1822,XII,Unit 17: Dual Nature of Matter and Radiation,Dual Nature of Radiation and Matter,Photon Properties,Momentum of a photon,Conceptual/application MCQ,Difficult,Analysis,C,False,
NEET27-PHY-1823,XII,Unit 17: Dual Nature of Matter and Radiation,Dual Nature of Radiation and Matter,Photon Properties,Energy of a photon,One-step numerical MCQ,Easy,Application,D,False,
NEET27-PHY-1824,XII,Unit 17: Dual Nature of Matter and Radiation,Dual Nature of Radiation and Matter,Photon Properties,Comparing photons,Conceptual/application MCQ,Medium,Application,D,False,
NEET27-PHY-1825,XII,Unit 17: Dual Nature of Matter and Radiation,Dual Nature of Radiation and Matter,Photon Properties,Comparing photons,Conceptual/application MCQ,Medium,Application,D,False,
NEET27-PHY-1826,XII,Unit 17: Dual Nature of Matter and Radiation,Dual Nature of Radiation and Matter,Photon Properties,Rest mass of the photon,Direct MCQ,Easy,Recall,B,False,
NEET27-PHY-1827,XII,Unit 17: Dual Nature of Matter and Radiation,Dual Nature of Radiation and Matter,Stopping Potential,Relation e V₀ = KE_max,One-step numerical MCQ,Easy,Application,D,False,
NEET27-PHY-1828,XII,Unit 17: Dual Nature of Matter and Radiation,Dual Nature of Radiation and Matter,Stopping Potential,V₀ against nu graph,Graph/data interpretation MCQ,Medium,Analysis,B,False,
NEET27-PHY-1829,XII,Unit 17: Dual Nature of Matter and Radiation,Dual Nature of Radiation and Matter,Stopping Potential,Numerical application,Multi-step numerical MCQ,Difficult,Analysis,C,False,
NEET27-PHY-1830,XII,Unit 17: Dual Nature of Matter and Radiation,Dual Nature of Radiation and Matter,Stopping Potential,Effect of frequency and intensity,Statement-based MCQ,Medium,Analysis,A,False,
NEET27-PHY-1831,XII,Unit 17: Dual Nature of Matter and Radiation,Dual Nature of Radiation and Matter,Stopping Potential,V₀ against nu graph,Graph/data interpretation MCQ,Difficult,Analysis,C,False,
NEET27-PHY-1832,XII,Unit 17: Dual Nature of Matter and Radiation,Dual Nature of Radiation and Matter,Stopping Potential,Definition,Direct MCQ,Easy,Recall,A,False,
NEET27-PHY-1833,XII,Unit 17: Dual Nature of Matter and Radiation,Dual Nature of Radiation and Matter,Stopping Potential,Application to a real cell,Conceptual/application MCQ,Difficult,Analysis,C,False,
NEET27-PHY-1834,XII,Unit 17: Dual Nature of Matter and Radiation,Dual Nature of Radiation and Matter,Threshold Frequency and Work Function,Materials comparison,One-step numerical MCQ,Medium,Application,D,False,
NEET27-PHY-1835,XII,Unit 17: Dual Nature of Matter and Radiation,Dual Nature of Radiation and Matter,Threshold Frequency and Work Function,Relation W = h nu_0,One-step numerical MCQ,Medium,Application,B,False,
NEET27-PHY-1836,XII,Unit 17: Dual Nature of Matter and Radiation,Dual Nature of Radiation and Matter,Threshold Frequency and Work Function,Materials comparison,Conceptual/application MCQ,Medium,Application,C,False,
NEET27-PHY-1837,XII,Unit 17: Dual Nature of Matter and Radiation,Dual Nature of Radiation and Matter,Threshold Frequency and Work Function,Materials comparison,Multi-step numerical MCQ,Difficult,Analysis,B,False,
NEET27-PHY-1838,XII,Unit 17: Dual Nature of Matter and Radiation,Dual Nature of Radiation and Matter,Threshold Frequency and Work Function,Threshold wavelength,Conceptual/application MCQ,Medium,Application,C,False,
NEET27-PHY-1839,XII,Unit 17: Dual Nature of Matter and Radiation,Dual Nature of Radiation and Matter,Threshold Frequency and Work Function,Definition of work function,Direct MCQ,Easy,Recall,C,False,
NEET27-PHY-1840,XII,Unit 17: Dual Nature of Matter and Radiation,Dual Nature of Radiation and Matter,Threshold Frequency and Work Function,Materials comparison,Conceptual/application MCQ,Easy,Application,B,False,
NEET27-PHY-1841,XII,Unit 17: Dual Nature of Matter and Radiation,Dual Nature of Radiation and Matter,Threshold Frequency and Work Function,Definition of work function,Direct MCQ,Easy,Recall,B,False,
NEET27-PHY-1842,XII,Unit 17: Dual Nature of Matter and Radiation,Dual Nature of Radiation and Matter,de Broglie Hypothesis,Matter waves,Conceptual/application MCQ,Medium,Application,D,False,
NEET27-PHY-1843,XII,Unit 17: Dual Nature of Matter and Radiation,Dual Nature of Radiation and Matter,de Broglie Hypothesis,Matter waves,Direct MCQ,Medium,Application,A,False,
NEET27-PHY-1844,XII,Unit 17: Dual Nature of Matter and Radiation,Dual Nature of Radiation and Matter,de Broglie Hypothesis,Numerical application,One-step numerical MCQ,Medium,Application,B,False,
NEET27-PHY-1845,XII,Unit 17: Dual Nature of Matter and Radiation,Dual Nature of Radiation and Matter,de Broglie Hypothesis,Matter waves,Direct MCQ,Medium,Application,C,False,
NEET27-PHY-1846,XII,Unit 17: Dual Nature of Matter and Radiation,Dual Nature of Radiation and Matter,de Broglie Hypothesis,Challenging comparison,One-step numerical MCQ,Difficult,Analysis,B,False,
NEET27-PHY-1847,XII,Unit 17: Dual Nature of Matter and Radiation,Dual Nature of Radiation and Matter,de Broglie Hypothesis,Dependence on kinetic energy,One-step numerical MCQ,Medium,Application,D,False,
NEET27-PHY-1848,XII,Unit 17: Dual Nature of Matter and Radiation,Dual Nature of Radiation and Matter,de Broglie Hypothesis,Numerical application,One-step numerical MCQ,Medium,Application,B,False,
NEET27-PHY-1849,XII,Unit 17: Dual Nature of Matter and Radiation,Dual Nature of Radiation and Matter,de Broglie Hypothesis,Comparison with photons,Conceptual/application MCQ,Difficult,Analysis,B,False,
NEET27-PHY-1850,XII,Unit 17: Dual Nature of Matter and Radiation,Dual Nature of Radiation and Matter,de Broglie Hypothesis,Statement of the hypothesis,Direct MCQ,Easy,Recall,B,False,
NEET27-PHY-1851,XII,Unit 17: Dual Nature of Matter and Radiation,Dual Nature of Radiation and Matter,de Broglie Hypothesis,Dependence on speed,Conceptual/application MCQ,Easy,Application,D,False,
NEET27-PHY-1852,XII,Unit 17: Dual Nature of Matter and Radiation,Dual Nature of Radiation and Matter,de Broglie Hypothesis,Dependence on mass,Conceptual/application MCQ,Difficult,Analysis,A,False,
NEET27-PHY-1853,XII,Unit 17: Dual Nature of Matter and Radiation,Dual Nature of Radiation and Matter,de Broglie Hypothesis,Dependence on mass,Conceptual/application MCQ,Easy,Application,C,False,
NEET27-PHY-1854,XII,Unit 17: Dual Nature of Matter and Radiation,Dual Nature of Radiation and Matter,de Broglie Hypothesis,Accelerated electron,One-step numerical MCQ,Easy,Application,D,False,
NEET27-PHY-1855,XII,Unit 18: Atoms and Nuclei,Atoms and Nuclei,Bohr Model,Dependence on particle mass,Multi-step numerical MCQ,Difficult,Analysis,A,False,
NEET27-PHY-1856,XII,Unit 18: Atoms and Nuclei,Atoms and Nuclei,Bohr Model,Equivalent current,Multi-step numerical MCQ,Difficult,Analysis,B,False,
NEET27-PHY-1857,XII,Unit 18: Atoms and Nuclei,Atoms and Nuclei,Bohr Model,Angular momentum,One-step numerical MCQ,Medium,Application,A,False,
NEET27-PHY-1858,XII,Unit 18: Atoms and Nuclei,Atoms and Nuclei,Bohr Model,Period of revolution,One-step numerical MCQ,Medium,Application,B,False,
NEET27-PHY-1859,XII,Unit 18: Atoms and Nuclei,Atoms and Nuclei,Bohr Model,Energy levels,One-step numerical MCQ,Medium,Application,B,False,
NEET27-PHY-1860,XII,Unit 18: Atoms and Nuclei,Atoms and Nuclei,Bohr Model,Orbital speed,Direct MCQ,Easy,Recall,C,False,
NEET27-PHY-1861,XII,Unit 18: Atoms and Nuclei,Atoms and Nuclei,Bohr Model,Hydrogen like ions,Multi-step numerical MCQ,Difficult,Analysis,B,False,
NEET27-PHY-1862,XII,Unit 18: Atoms and Nuclei,Atoms and Nuclei,Bohr Model,Hydrogen like ions,Conceptual/application MCQ,Difficult,Analysis,C,False,
NEET27-PHY-1863,XII,Unit 18: Atoms and Nuclei,Atoms and Nuclei,Bohr Model,Angular momentum,Multi-step numerical MCQ,Difficult,Analysis,C,False,
NEET27-PHY-1864,XII,Unit 18: Atoms and Nuclei,Atoms and Nuclei,Bohr Model,Frequency of revolution,Conceptual/application MCQ,Medium,Application,A,False,
NEET27-PHY-1865,XII,Unit 18: Atoms and Nuclei,Atoms and Nuclei,Bohr Model,Modified quantisation,Conceptual/application MCQ,Difficult,Analysis,B,False,
NEET27-PHY-1866,XII,Unit 18: Atoms and Nuclei,Atoms and Nuclei,Bohr Model,Magnetic moment,Multi-step numerical MCQ,Difficult,Analysis,D,False,
NEET27-PHY-1867,XII,Unit 18: Atoms and Nuclei,Atoms and Nuclei,Bohr Model,Orbital speed,Conceptual/application MCQ,Medium,Application,A,False,
NEET27-PHY-1868,XII,Unit 18: Atoms and Nuclei,Atoms and Nuclei,Bohr Model,Orbital radii,One-step numerical MCQ,Medium,Application,B,False,
NEET27-PHY-1869,XII,Unit 18: Atoms and Nuclei,Atoms and Nuclei,Bohr Model,Hydrogen like ions,One-step numerical MCQ,Difficult,Analysis,D,False,
NEET27-PHY-1870,XII,Unit 18: Atoms and Nuclei,Atoms and Nuclei,Bohr Model,Orbital radii,Conceptual/application MCQ,Medium,Application,B,False,
NEET27-PHY-1871,XII,Unit 18: Atoms and Nuclei,Atoms and Nuclei,Bohr Model,Postulates,Direct MCQ,Easy,Recall,D,False,
NEET27-PHY-1872,XII,Unit 18: Atoms and Nuclei,Atoms and Nuclei,Bohr Model,Energy levels,One-step numerical MCQ,Easy,Application,D,False,
NEET27-PHY-1873,XII,Unit 18: Atoms and Nuclei,Atoms and Nuclei,Bohr Model,Energy of the electron,Direct MCQ,Medium,Application,D,False,
NEET27-PHY-1874,XII,Unit 18: Atoms and Nuclei,Atoms and Nuclei,Bohr Model,Energy levels,Direct MCQ,Easy,Recall,A,False,
NEET27-PHY-1875,XII,Unit 18: Atoms and Nuclei,Atoms and Nuclei,Bohr Model,Energy of the electron,Multi-step numerical MCQ,Medium,Application,D,False,
NEET27-PHY-1876,XII,Unit 18: Atoms and Nuclei,Atoms and Nuclei,Bohr Model,Orbital radii,One-step numerical MCQ,Easy,Application,C,False,
NEET27-PHY-1877,XII,Unit 18: Atoms and Nuclei,Atoms and Nuclei,Bohr Model,Postulates,Conceptual/application MCQ,Medium,Application,B,False,
NEET27-PHY-1878,XII,Unit 18: Atoms and Nuclei,Atoms and Nuclei,Bohr Model,Postulates,Conceptual/application MCQ,Easy,Application,A,False,
NEET27-PHY-1879,XII,Unit 18: Atoms and Nuclei,Atoms and Nuclei,Bohr model,quantized angular momentum,Direct MCQ,Easy,Recall,B,False,
NEET27-PHY-1880,XII,Unit 18: Atoms and Nuclei,Atoms and Nuclei,Excitation and Ionisation,Excitation potential,Direct MCQ,Medium,Application,C,False,
NEET27-PHY-1881,XII,Unit 18: Atoms and Nuclei,Atoms and Nuclei,Excitation and Ionisation,Ionisation energy,Direct MCQ,Easy,Recall,D,False,
NEET27-PHY-1882,XII,Unit 18: Atoms and Nuclei,Atoms and Nuclei,Excitation and Ionisation,Ionisation potential,Direct MCQ,Easy,Recall,D,False,
NEET27-PHY-1883,XII,Unit 18: Atoms and Nuclei,Atoms and Nuclei,Excitation and Ionisation,Photon absorption,Conceptual/application MCQ,Difficult,Analysis,C,False,
NEET27-PHY-1884,XII,Unit 18: Atoms and Nuclei,Atoms and Nuclei,Excitation and Ionisation,Electron collisions,Conceptual/application MCQ,Medium,Application,B,False,
NEET27-PHY-1885,XII,Unit 18: Atoms and Nuclei,Atoms and Nuclei,Excitation and Ionisation,Ionisation from an excited state,Multi-step numerical MCQ,Difficult,Analysis,D,False,
NEET27-PHY-1886,XII,Unit 18: Atoms and Nuclei,Atoms and Nuclei,Excitation and Ionisation,Ionisation from an excited state,One-step numerical MCQ,Medium,Application,B,False,
NEET27-PHY-1887,XII,Unit 18: Atoms and Nuclei,Atoms and Nuclei,Excitation and Ionisation,Hydrogen like ions,Multi-step numerical MCQ,Difficult,Analysis,D,False,
NEET27-PHY-1888,XII,Unit 18: Atoms and Nuclei,Atoms and Nuclei,Excitation and Ionisation,Photon absorption,Conceptual/application MCQ,Difficult,Analysis,C,False,
NEET27-PHY-1889,XII,Unit 18: Atoms and Nuclei,Atoms and Nuclei,Excitation and Ionisation,Excitation energy,One-step numerical MCQ,Easy,Application,B,False,
NEET27-PHY-1890,XII,Unit 18: Atoms and Nuclei,Atoms and Nuclei,Excitation and Ionisation,Excitation energy,One-step numerical MCQ,Medium,Application,D,False,
NEET27-PHY-1891,XII,Unit 18: Atoms and Nuclei,Atoms and Nuclei,Excitation and Ionisation,Ionisation from an excited state,Conceptual/application MCQ,Medium,Application,D,False,
NEET27-PHY-1892,XII,Unit 18: Atoms and Nuclei,Atoms and Nuclei,Excitation and Ionisation,Electron collisions,Multi-step numerical MCQ,Difficult,Analysis,C,False,
NEET27-PHY-1893,XII,Unit 18: Atoms and Nuclei,Atoms and Nuclei,Excitation and Ionisation,Hydrogen like ions,One-step numerical MCQ,Medium,Application,A,False,
NEET27-PHY-1894,XII,Unit 18: Atoms and Nuclei,Atoms and Nuclei,Hydrogen Spectrum,Lyman series,Conceptual/application MCQ,Medium,Application,B,False,
NEET27-PHY-1895,XII,Unit 18: Atoms and Nuclei,Atoms and Nuclei,Hydrogen Spectrum,Balmer series,Multi-step numerical MCQ,Medium,Application,D,False,
NEET27-PHY-1896,XII,Unit 18: Atoms and Nuclei,Atoms and Nuclei,Hydrogen Spectrum,Series limit,One-step numerical MCQ,Medium,Application,D,False,
NEET27-PHY-1897,XII,Unit 18: Atoms and Nuclei,Atoms and Nuclei,Hydrogen Spectrum,Absorption and emission,Multi-step numerical MCQ,Difficult,Analysis,C,False,
NEET27-PHY-1898,XII,Unit 18: Atoms and Nuclei,Atoms and Nuclei,Hydrogen Spectrum,Series limit,One-step numerical MCQ,Difficult,Analysis,A,False,
NEET27-PHY-1899,XII,Unit 18: Atoms and Nuclei,Atoms and Nuclei,Hydrogen Spectrum,Rydberg formula,One-step numerical MCQ,Easy,Application,D,False,
NEET27-PHY-1900,XII,Unit 18: Atoms and Nuclei,Atoms and Nuclei,Hydrogen Spectrum,Visible lines,Conceptual/application MCQ,Difficult,Analysis,B,False,
NEET27-PHY-1901,XII,Unit 18: Atoms and Nuclei,Atoms and Nuclei,Hydrogen Spectrum,Number of spectral lines,Conceptual/application MCQ,Medium,Application,A,False,
NEET27-PHY-1902,XII,Unit 18: Atoms and Nuclei,Atoms and Nuclei,Hydrogen Spectrum,Comparing series,Conceptual/application MCQ,Difficult,Analysis,D,False,
NEET27-PHY-1903,XII,Unit 18: Atoms and Nuclei,Atoms and Nuclei,Hydrogen Spectrum,Comparing transitions,Conceptual/application MCQ,Medium,Application,B,False,
NEET27-PHY-1904,XII,Unit 18: Atoms and Nuclei,Atoms and Nuclei,Hydrogen Spectrum,Series limit,One-step numerical MCQ,Medium,Application,A,False,
NEET27-PHY-1905,XII,Unit 18: Atoms and Nuclei,Atoms and Nuclei,Hydrogen Spectrum,Series limit,Direct MCQ,Easy,Recall,B,False,
NEET27-PHY-1906,XII,Unit 18: Atoms and Nuclei,Atoms and Nuclei,Hydrogen Spectrum,Balmer series,Multi-step numerical MCQ,Difficult,Analysis,C,False,
NEET27-PHY-1907,XII,Unit 18: Atoms and Nuclei,Atoms and Nuclei,Hydrogen Spectrum,Spectral series,Direct MCQ,Easy,Recall,A,False,
NEET27-PHY-1908,XII,Unit 18: Atoms and Nuclei,Atoms and Nuclei,Hydrogen Spectrum,Spectral series,Direct MCQ,Easy,Recall,B,False,
NEET27-PHY-1909,XII,Unit 18: Atoms and Nuclei,Atoms and Nuclei,Hydrogen Spectrum,Rydberg formula,One-step numerical MCQ,Medium,Application,D,False,
NEET27-PHY-1910,XII,Unit 18: Atoms and Nuclei,Atoms and Nuclei,Hydrogen Spectrum,Lyman series,Multi-step numerical MCQ,Medium,Application,D,False,
NEET27-PHY-1911,XII,Unit 18: Atoms and Nuclei,Atoms and Nuclei,Hydrogen Spectrum,Identifying a transition,Conceptual/application MCQ,Difficult,Analysis,C,False,
NEET27-PHY-1912,XII,Unit 18: Atoms and Nuclei,Atoms and Nuclei,Hydrogen Spectrum,Hydrogen like ions,Conceptual/application MCQ,Difficult,Analysis,A,False,
NEET27-PHY-1913,XII,Unit 18: Atoms and Nuclei,Atoms and Nuclei,Hydrogen Spectrum,Spectral series,Direct MCQ,Easy,Recall,B,False,
NEET27-PHY-1914,XII,Unit 18: Atoms and Nuclei,Atoms and Nuclei,Hydrogen spectrum,spectral series,Conceptual/application MCQ,Easy,Application,C,False,
NEET27-PHY-1915,XII,Unit 18: Atoms and Nuclei,Atoms and Nuclei,Mass Defect and Binding Energy,Mass energy equivalence,Multi-step numerical MCQ,Difficult,Analysis,A,False,
NEET27-PHY-1916,XII,Unit 18: Atoms and Nuclei,Atoms and Nuclei,Mass Defect and Binding Energy,Binding energy per nucleon,One-step numerical MCQ,Medium,Application,D,False,
NEET27-PHY-1917,XII,Unit 18: Atoms and Nuclei,Atoms and Nuclei,Mass Defect and Binding Energy,Binding energy per nucleon,One-step numerical MCQ,Medium,Application,A,False,
NEET27-PHY-1918,XII,Unit 18: Atoms and Nuclei,Atoms and Nuclei,Mass Defect and Binding Energy,Binding energy of helium,Multi-step numerical MCQ,Difficult,Analysis,B,False,
NEET27-PHY-1919,XII,Unit 18: Atoms and Nuclei,Atoms and Nuclei,Mass Defect and Binding Energy,Nuclear force,Conceptual/application MCQ,Medium,Application,D,False,
NEET27-PHY-1920,XII,Unit 18: Atoms and Nuclei,Atoms and Nuclei,Mass Defect and Binding Energy,Stability,Conceptual/application MCQ,Easy,Application,B,False,
NEET27-PHY-1921,XII,Unit 18: Atoms and Nuclei,Atoms and Nuclei,Mass Defect and Binding Energy,Binding energy of the deuteron,One-step numerical MCQ,Medium,Application,B,False,
NEET27-PHY-1922,XII,Unit 18: Atoms and Nuclei,Atoms and Nuclei,Mass Defect and Binding Energy,Mass defect from binding energy,One-step numerical MCQ,Medium,Application,B,False,
NEET27-PHY-1923,XII,Unit 18: Atoms and Nuclei,Atoms and Nuclei,Mass Defect and Binding Energy,Stability,Conceptual/application MCQ,Medium,Application,C,False,
NEET27-PHY-1924,XII,Unit 18: Atoms and Nuclei,Atoms and Nuclei,Mass Defect and Binding Energy,Fission energy,Multi-step numerical MCQ,Difficult,Analysis,C,False,
NEET27-PHY-1925,XII,Unit 18: Atoms and Nuclei,Atoms and Nuclei,Mass Defect and Binding Energy,Energy release,Conceptual/application MCQ,Medium,Application,B,False,
NEET27-PHY-1926,XII,Unit 18: Atoms and Nuclei,Atoms and Nuclei,Mass Defect and Binding Energy,Separation energy,Multi-step numerical MCQ,Difficult,Analysis,A,False,
NEET27-PHY-1927,XII,Unit 18: Atoms and Nuclei,Atoms and Nuclei,Mass Defect and Binding Energy,Fusion energy,Multi-step numerical MCQ,Difficult,Analysis,C,False,
NEET27-PHY-1928,XII,Unit 18: Atoms and Nuclei,Atoms and Nuclei,Mass Defect and Binding Energy,Mass energy equivalence,Direct MCQ,Easy,Recall,C,False,
NEET27-PHY-1929,XII,Unit 18: Atoms and Nuclei,Atoms and Nuclei,Mass Defect and Binding Energy,Binding energy from mass defect,One-step numerical MCQ,Medium,Application,D,False,
NEET27-PHY-1930,XII,Unit 18: Atoms and Nuclei,Atoms and Nuclei,Mass Defect and Binding Energy,Mass defect,Direct MCQ,Easy,Recall,C,False,
NEET27-PHY-1931,XII,Unit 18: Atoms and Nuclei,Atoms and Nuclei,Nuclear Composition and Size,Classification of nuclides,Direct MCQ,Easy,Recall,B,False,
NEET27-PHY-1932,XII,Unit 18: Atoms and Nuclei,Atoms and Nuclei,Nuclear Composition and Size,Nuclear density,Multi-step numerical MCQ,Difficult,Analysis,D,False,
NEET27-PHY-1933,XII,Unit 18: Atoms and Nuclei,Atoms and Nuclei,Nuclear Composition and Size,Nuclear radius,One-step numerical MCQ,Easy,Application,A,False,
NEET27-PHY-1934,XII,Unit 18: Atoms and Nuclei,Atoms and Nuclei,Nuclear Composition and Size,Nuclear radius,One-step numerical MCQ,Difficult,Analysis,C,False,
NEET27-PHY-1935,XII,Unit 18: Atoms and Nuclei,Atoms and Nuclei,Nuclear Composition and Size,Nuclear radius,Conceptual/application MCQ,Difficult,Analysis,D,False,
NEET27-PHY-1936,XII,Unit 18: Atoms and Nuclei,Atoms and Nuclei,Nuclear Composition and Size,Classification of nuclides,Direct MCQ,Easy,Recall,A,False,
NEET27-PHY-1937,XII,Unit 18: Atoms and Nuclei,Atoms and Nuclei,Nuclear Composition and Size,Nuclear density,Direct MCQ,Medium,Application,A,False,
NEET27-PHY-1938,XII,Unit 18: Atoms and Nuclei,Atoms and Nuclei,Nuclear Composition and Size,Nuclear size and density,Conceptual/application MCQ,Difficult,Analysis,C,False,
NEET27-PHY-1939,XII,Unit 18: Atoms and Nuclei,Atoms and Nuclei,Nuclear Composition and Size,Nuclear volume,Conceptual/application MCQ,Difficult,Analysis,A,False,
NEET27-PHY-1940,XII,Unit 18: Atoms and Nuclei,Atoms and Nuclei,Nuclear Composition and Size,Classification of nuclides,Direct MCQ,Easy,Recall,D,False,
NEET27-PHY-1941,XII,Unit 18: Atoms and Nuclei,Atoms and Nuclei,Nuclear Composition and Size,Classification of nuclides,Conceptual/application MCQ,Medium,Application,A,False,
NEET27-PHY-1942,XII,Unit 18: Atoms and Nuclei,Atoms and Nuclei,Nuclear Composition and Size,Nuclear density,Multi-step numerical MCQ,Difficult,Analysis,B,False,
NEET27-PHY-1943,XII,Unit 18: Atoms and Nuclei,Atoms and Nuclei,Nuclear Composition and Size,Nuclear radius,Conceptual/application MCQ,Medium,Application,C,False,
NEET27-PHY-1944,XII,Unit 18: Atoms and Nuclei,Atoms and Nuclei,Nuclear Composition and Size,Nuclear composition,One-step numerical MCQ,Medium,Application,C,False,
NEET27-PHY-1945,XII,Unit 18: Atoms and Nuclei,Atoms and Nuclei,Nuclear Composition and Size,Nuclear radius,Conceptual/application MCQ,Medium,Application,C,False,
NEET27-PHY-1946,XII,Unit 18: Atoms and Nuclei,Atoms and Nuclei,Nuclear Composition and Size,Nuclear radius,One-step numerical MCQ,Medium,Application,A,False,
NEET27-PHY-1947,XII,Unit 18: Atoms and Nuclei,Atoms and Nuclei,Nuclear fission and fusion,energy release,Statement-based MCQ,Difficult,Analysis,A,False,
NEET27-PHY-1948,XII,Unit 18: Atoms and Nuclei,Atoms and Nuclei,Nuclear reactions,mass–energy relation,One-step numerical MCQ,Medium,Application,D,False,
NEET27-PHY-1949,XII,Unit 18: Atoms and Nuclei,Atoms and Nuclei,Nuclear size,radius dependence,Conceptual/application MCQ,Medium,Application,B,False,
NEET27-PHY-1950,XII,Unit 18: Atoms and Nuclei,Atoms and Nuclei,Nuclear stability,binding energy per nucleon,Graph/data interpretation MCQ,Medium,Analysis,B,False,
NEET27-PHY-1951,XII,Unit 18: Atoms and Nuclei,Atoms and Nuclei,Rutherford Model and Alpha Scattering,Angular distribution,Multi-step numerical MCQ,Difficult,Analysis,B,False,
NEET27-PHY-1952,XII,Unit 18: Atoms and Nuclei,Atoms and Nuclei,Rutherford Model and Alpha Scattering,Nuclear model of the atom,Conceptual/application MCQ,Medium,Application,B,False,
NEET27-PHY-1953,XII,Unit 18: Atoms and Nuclei,Atoms and Nuclei,Rutherford Model and Alpha Scattering,Distance of closest approach,Multi-step numerical MCQ,Difficult,Analysis,A,False,
NEET27-PHY-1954,XII,Unit 18: Atoms and Nuclei,Atoms and Nuclei,Rutherford Model and Alpha Scattering,Limitations of the nuclear model,Conceptual/application MCQ,Difficult,Analysis,C,False,
NEET27-PHY-1955,XII,Unit 18: Atoms and Nuclei,Atoms and Nuclei,Rutherford Model and Alpha Scattering,Impact parameter,Conceptual/application MCQ,Difficult,Analysis,C,False,
NEET27-PHY-1956,XII,Unit 18: Atoms and Nuclei,Atoms and Nuclei,Rutherford Model and Alpha Scattering,Distance of closest approach,One-step numerical MCQ,Medium,Application,B,False,
NEET27-PHY-1957,XII,Unit 18: Atoms and Nuclei,Atoms and Nuclei,Rutherford Model and Alpha Scattering,Experimental arrangement,Conceptual/application MCQ,Easy,Application,B,False,
NEET27-PHY-1958,XII,Unit 18: Atoms and Nuclei,Atoms and Nuclei,Rutherford Model and Alpha Scattering,Alpha scattering experiment,Direct MCQ,Easy,Recall,D,False,
NEET27-PHY-1959,XII,Unit 18: Atoms and Nuclei,Atoms and Nuclei,Rutherford Model and Alpha Scattering,Distance of closest approach,Conceptual/application MCQ,Medium,Application,C,False,
NEET27-PHY-1960,XII,Unit 18: Atoms and Nuclei,Atoms and Nuclei,Rutherford Model and Alpha Scattering,Nuclear model of the atom,Direct MCQ,Medium,Application,B,False,
NEET27-PHY-1961,XII,Unit 18: Atoms and Nuclei,Atoms and Nuclei,Rutherford Model and Alpha Scattering,Distance of closest approach,One-step numerical MCQ,Medium,Application,C,False,
NEET27-PHY-1962,XII,Unit 18: Atoms and Nuclei,Atoms and Nuclei,Rutherford Model and Alpha Scattering,Alpha scattering experiment,Direct MCQ,Easy,Recall,A,False,
NEET27-PHY-1963,XII,Unit 19: Electronic Devices,Semiconductor Electronics,Charge Carriers and Mobility,Current density,One-step numerical MCQ,Medium,Application,D,False,
NEET27-PHY-1964,XII,Unit 19: Electronic Devices,Semiconductor Electronics,Charge Carriers and Mobility,Mobility and temperature,Conceptual/application MCQ,Difficult,Analysis,A,False,
NEET27-PHY-1965,XII,Unit 19: Electronic Devices,Semiconductor Electronics,Charge Carriers and Mobility,Addition of carrier currents,Conceptual/application MCQ,Difficult,Analysis,B,False,
NEET27-PHY-1966,XII,Unit 19: Electronic Devices,Semiconductor Electronics,Charge Carriers and Mobility,Two carrier conductivity,Multi-step numerical MCQ,Difficult,Analysis,C,False,
NEET27-PHY-1967,XII,Unit 19: Electronic Devices,Semiconductor Electronics,Charge Carriers and Mobility,Drift speed from applied voltage,One-step numerical MCQ,Medium,Application,C,False,
NEET27-PHY-1968,XII,Unit 19: Electronic Devices,Semiconductor Electronics,Charge Carriers and Mobility,Unit of mobility,Direct MCQ,Easy,Recall,C,False,
NEET27-PHY-1969,XII,Unit 19: Electronic Devices,Semiconductor Electronics,Conduction in Solids,Classification of solids,Conceptual/application MCQ,Easy,Application,A,False,
NEET27-PHY-1970,XII,Unit 19: Electronic Devices,Semiconductor Electronics,Conduction in Solids,Conductivity and resistivity,One-step numerical MCQ,Medium,Application,D,False,
NEET27-PHY-1971,XII,Unit 19: Electronic Devices,Semiconductor Electronics,Conduction in Solids,Current density and conductivity,Multi-step numerical MCQ,Difficult,Analysis,C,False,
NEET27-PHY-1972,XII,Unit 19: Electronic Devices,Semiconductor Electronics,Conduction in Solids,Conductivity from carriers and mobility,Multi-step numerical MCQ,Difficult,Analysis,B,False,
NEET27-PHY-1973,XII,Unit 19: Electronic Devices,Semiconductor Electronics,Conduction in Solids,Negative temperature coefficient,Conceptual/application MCQ,Difficult,Analysis,C,False,
NEET27-PHY-1974,XII,Unit 19: Electronic Devices,Semiconductor Electronics,Conduction in Solids,Resistivity from measurements,One-step numerical MCQ,Medium,Application,A,False,
NEET27-PHY-1975,XII,Unit 19: Electronic Devices,Semiconductor Electronics,Conduction in Solids,Free electron model,Conceptual/application MCQ,Medium,Application,C,False,
NEET27-PHY-1976,XII,Unit 19: Electronic Devices,Semiconductor Electronics,Diode Biasing and Characteristics,Series diodes,Multi-step numerical MCQ,Difficult,Analysis,C,False,
NEET27-PHY-1977,XII,Unit 19: Electronic Devices,Semiconductor Electronics,Diode Biasing and Characteristics,Reverse current,Direct MCQ,Easy,Recall,D,False,
NEET27-PHY-1978,XII,Unit 19: Electronic Devices,Semiconductor Electronics,Diode Biasing and Characteristics,Breakdown,Direct MCQ,Medium,Application,D,False,
NEET27-PHY-1979,XII,Unit 19: Electronic Devices,Semiconductor Electronics,Diode Biasing and Characteristics,Diode circuit design,Multi-step numerical MCQ,Difficult,Analysis,B,False,
NEET27-PHY-1980,XII,Unit 19: Electronic Devices,Semiconductor Electronics,Diode Biasing and Characteristics,Static resistance,One-step numerical MCQ,Medium,Application,A,False,
NEET27-PHY-1981,XII,Unit 19: Electronic Devices,Semiconductor Electronics,Diode Biasing and Characteristics,Series diodes,Conceptual/application MCQ,Medium,Application,A,False,
NEET27-PHY-1982,XII,Unit 19: Electronic Devices,Semiconductor Electronics,Diode Biasing and Characteristics,Dynamic resistance,One-step numerical MCQ,Medium,Application,C,False,
NEET27-PHY-1983,XII,Unit 19: Electronic Devices,Semiconductor Electronics,Diode Biasing and Characteristics,Knee voltage,Direct MCQ,Easy,Recall,B,False,
NEET27-PHY-1984,XII,Unit 19: Electronic Devices,Semiconductor Electronics,Energy Bands,Band gap and carrier population,Conceptual/application MCQ,Difficult,Analysis,C,False,
NEET27-PHY-1985,XII,Unit 19: Electronic Devices,Semiconductor Electronics,Energy Bands,Band gap and photon wavelength,One-step numerical MCQ,Medium,Application,C,False,
NEET27-PHY-1986,XII,Unit 19: Electronic Devices,Semiconductor Electronics,Energy Bands,Band overlap in metals,Conceptual/application MCQ,Difficult,Analysis,A,False,
NEET27-PHY-1987,XII,Unit 19: Electronic Devices,Semiconductor Electronics,Energy Bands,Photon energy and band gap,Multi-step numerical MCQ,Difficult,Analysis,A,False,
NEET27-PHY-1988,XII,Unit 19: Electronic Devices,Semiconductor Electronics,Energy Bands,Photoconductivity,Conceptual/application MCQ,Difficult,Analysis,B,False,
NEET27-PHY-1989,XII,Unit 19: Electronic Devices,Semiconductor Electronics,Energy Bands,Bond energy and band gap,Conceptual/application MCQ,Medium,Application,C,False,
NEET27-PHY-1990,XII,Unit 19: Electronic Devices,Semiconductor Electronics,Energy Bands,Valence and conduction bands,Direct MCQ,Easy,Recall,C,False,
NEET27-PHY-1991,XII,Unit 19: Electronic Devices,Semiconductor Electronics,Energy Bands in Solids,Comparison of semiconductors,Conceptual/application MCQ,Medium,Application,A,False,
NEET27-PHY-1992,XII,Unit 19: Electronic Devices,Semiconductor Electronics,Energy Bands in Solids,Optical excitation,Multi-step numerical MCQ,Difficult,Analysis,A,False,
NEET27-PHY-1993,XII,Unit 19: Electronic Devices,Semiconductor Electronics,Energy Bands in Solids,Forbidden gap,Statement-based MCQ,Medium,Analysis,A,False,
NEET27-PHY-1994,XII,Unit 19: Electronic Devices,Semiconductor Electronics,Energy Bands in Solids,Valence band,Direct MCQ,Easy,Recall,B,False,
NEET27-PHY-1995,XII,Unit 19: Electronic Devices,Semiconductor Electronics,Energy Bands in Solids,Optical excitation,One-step numerical MCQ,Medium,Application,B,False,
NEET27-PHY-1996,XII,Unit 19: Electronic Devices,Semiconductor Electronics,Energy Bands in Solids,Conductors,Conceptual/application MCQ,Easy,Application,B,False,
NEET27-PHY-1997,XII,Unit 19: Electronic Devices,Semiconductor Electronics,Energy Bands in Solids,Forbidden energy gap,Direct MCQ,Easy,Recall,C,False,
NEET27-PHY-1998,XII,Unit 19: Electronic Devices,Semiconductor Electronics,Extrinsic Semiconductors,Trivalent dopants,Direct MCQ,Easy,Recall,D,False,
NEET27-PHY-1999,XII,Unit 19: Electronic Devices,Semiconductor Electronics,Extrinsic Semiconductors,Donor impurity,Direct MCQ,Easy,Recall,D,False,
NEET27-PHY-2000,XII,Unit 19: Electronic Devices,Semiconductor Electronics,Extrinsic Semiconductors,Ionised impurity centres,Conceptual/application MCQ,Medium,Application,A,False,
NEET27-PHY-2001,XII,Unit 19: Electronic Devices,Semiconductor Electronics,Extrinsic Semiconductors,Doping,Direct MCQ,Easy,Recall,A,False,
NEET27-PHY-2002,XII,Unit 19: Electronic Devices,Semiconductor Electronics,Intrinsic Semiconductors,Covalent bonding,Direct MCQ,Easy,Recall,A,False,
NEET27-PHY-2003,XII,Unit 19: Electronic Devices,Semiconductor Electronics,Intrinsic Semiconductors,Direction of carrier motion,Conceptual/application MCQ,Easy,Application,C,False,
NEET27-PHY-2004,XII,Unit 19: Electronic Devices,Semiconductor Electronics,Intrinsic Semiconductors,Carrier counting,One-step numerical MCQ,Medium,Application,A,False,
NEET27-PHY-2005,XII,Unit 19: Electronic Devices,Semiconductor Electronics,Intrinsic Semiconductors,Mobility comparison,Direct MCQ,Medium,Application,B,False,
NEET27-PHY-2006,XII,Unit 19: Electronic Devices,Semiconductor Electronics,Intrinsic Semiconductors,Holes as carriers,Direct MCQ,Easy,Recall,C,False,
NEET27-PHY-2007,XII,Unit 19: Electronic Devices,Semiconductor Electronics,Intrinsic Semiconductors,Comparing n_i of Si and Ge,Conceptual/application MCQ,Difficult,Analysis,B,False,
NEET27-PHY-2008,XII,Unit 19: Electronic Devices,Semiconductor Electronics,Intrinsic Semiconductors,Mechanism of hole conduction,Conceptual/application MCQ,Medium,Application,D,False,
NEET27-PHY-2009,XII,Unit 19: Electronic Devices,Semiconductor Electronics,Intrinsic Semiconductors,Electron and hole currents,Conceptual/application MCQ,Medium,Application,A,False,
NEET27-PHY-2010,XII,Unit 19: Electronic Devices,Semiconductor Electronics,Intrinsic and Extrinsic Semiconductors,Acceptor levels,Direct MCQ,Medium,Application,A,False,
NEET27-PHY-2011,XII,Unit 19: Electronic Devices,Semiconductor Electronics,Intrinsic and Extrinsic Semiconductors,Resistance of a sample,Multi-step numerical MCQ,Difficult,Analysis,D,False,
NEET27-PHY-2012,XII,Unit 19: Electronic Devices,Semiconductor Electronics,Intrinsic and Extrinsic Semiconductors,Conductivity,One-step numerical MCQ,Medium,Application,D,False,
NEET27-PHY-2013,XII,Unit 19: Electronic Devices,Semiconductor Electronics,Intrinsic and Extrinsic Semiconductors,Donor levels,Direct MCQ,Medium,Application,C,False,
NEET27-PHY-2014,XII,Unit 19: Electronic Devices,Semiconductor Electronics,Intrinsic and Extrinsic Semiconductors,p-type material,Direct MCQ,Easy,Recall,B,False,
NEET27-PHY-2015,XII,Unit 19: Electronic Devices,Semiconductor Electronics,Logic gates,De Morgan relation,Conceptual/application MCQ,Medium,Application,D,False,
NEET27-PHY-2016,XII,Unit 19: Electronic Devices,Semiconductor Electronics,Logic gates,universal NAND,Conceptual/application MCQ,Medium,Application,C,False,
NEET27-PHY-2017,XII,Unit 19: Electronic Devices,Semiconductor Electronics,Logic gates,NOT,Direct MCQ,Easy,Recall,B,False,
NEET27-PHY-2018,XII,Unit 19: Electronic Devices,Semiconductor Electronics,Logic gates,AND,Direct MCQ,Easy,Recall,A,False,
NEET27-PHY-2019,XII,Unit 19: Electronic Devices,Semiconductor Electronics,Logic gates,AND truth table,Conceptual/application MCQ,Easy,Application,B,False,
NEET27-PHY-2020,XII,Unit 19: Electronic Devices,Semiconductor Electronics,Logic gates,universal NOR,Conceptual/application MCQ,Medium,Application,D,False,
NEET27-PHY-2021,XII,Unit 19: Electronic Devices,Semiconductor Electronics,Logic gates,NAND,Direct MCQ,Easy,Recall,D,False,
NEET27-PHY-2022,XII,Unit 19: Electronic Devices,Semiconductor Electronics,Logic gates,NOR,Direct MCQ,Easy,Recall,A,False,
NEET27-PHY-2023,XII,Unit 19: Electronic Devices,Semiconductor Electronics,Logic gates,OR,Direct MCQ,Easy,Recall,B,False,
NEET27-PHY-2024,XII,Unit 19: Electronic Devices,Semiconductor Electronics,Logic gates,truth-table identification,Conceptual/application MCQ,Difficult,Analysis,B,False,
NEET27-PHY-2025,XII,Unit 19: Electronic Devices,Semiconductor Electronics,Logic gates,combined expression,Conceptual/application MCQ,Easy,Application,C,False,
NEET27-PHY-2026,XII,Unit 19: Electronic Devices,Semiconductor Electronics,Logic gates,OR truth table,Conceptual/application MCQ,Easy,Application,D,False,
NEET27-PHY-2027,XII,Unit 19: Electronic Devices,Semiconductor Electronics,Rectifiers,Output power,Multi-step numerical MCQ,Difficult,Analysis,A,False,
NEET27-PHY-2028,XII,Unit 19: Electronic Devices,Semiconductor Electronics,Rectifiers,Filters,Direct MCQ,Medium,Application,A,False,
NEET27-PHY-2029,XII,Unit 19: Electronic Devices,Semiconductor Electronics,Rectifiers,Bridge rectifier,Direct MCQ,Medium,Application,A,False,
NEET27-PHY-2030,XII,Unit 19: Electronic Devices,Semiconductor Electronics,Rectifiers,Output frequency,Direct MCQ,Easy,Recall,D,False,
NEET27-PHY-2031,XII,Unit 19: Electronic Devices,Semiconductor Electronics,Rectifiers,Efficiency,Direct MCQ,Easy,Recall,D,False,
NEET27-PHY-2032,XII,Unit 19: Electronic Devices,Semiconductor Electronics,Rectifiers,Circuit construction,Direct MCQ,Easy,Recall,C,False,
NEET27-PHY-2033,XII,Unit 19: Electronic Devices,Semiconductor Electronics,Special Purpose Diodes,Solar cell,Conceptual/application MCQ,Medium,Application,D,False,
NEET27-PHY-2034,XII,Unit 19: Electronic Devices,Semiconductor Electronics,Special Purpose Diodes,Zener diode,One-step numerical MCQ,Difficult,Analysis,B,False,
NEET27-PHY-2035,XII,Unit 19: Electronic Devices,Semiconductor Electronics,Special Purpose Diodes,Light emitting diode,Direct MCQ,Easy,Recall,C,False,
NEET27-PHY-2036,XII,Unit 19: Electronic Devices,Semiconductor Electronics,Special Purpose Diodes,Light emitting diode,One-step numerical MCQ,Medium,Application,A,False,
NEET27-PHY-2037,XII,Unit 19: Electronic Devices,Semiconductor Electronics,Special Purpose Diodes,Breakdown mechanisms,Conceptual/application MCQ,Difficult,Analysis,A,False,
NEET27-PHY-2038,XII,Unit 19: Electronic Devices,Semiconductor Electronics,Zener diode,regulated output,One-step numerical MCQ,Medium,Application,D,False,
NEET27-PHY-2039,XII,Unit 19: Electronic Devices,Semiconductor Electronics,Zener diode,voltage regulation,Conceptual/application MCQ,Easy,Application,A,False,
NEET27-PHY-2040,XII,Unit 19: Electronic Devices,Semiconductor Electronics,Zener diode,power rating,One-step numerical MCQ,Medium,Application,C,False,
NEET27-PHY-2041,XII,Unit 19: Electronic Devices,Semiconductor Electronics,Zener diode,series resistor,Conceptual/application MCQ,Easy,Application,A,False,
NEET27-PHY-2042,XII,Unit 19: Electronic Devices,Semiconductor Electronics,p-n Junction,Reverse current,Conceptual/application MCQ,Difficult,Analysis,D,False,
NEET27-PHY-2043,XII,Unit 19: Electronic Devices,Semiconductor Electronics,p-n Junction,Junction field,Multi-step numerical MCQ,Difficult,Analysis,B,False,
NEET27-PHY-2044,XII,Unit 19: Electronic Devices,Semiconductor Electronics,p-n Junction,Equilibrium,Conceptual/application MCQ,Easy,Application,C,False,
NEET27-PHY-2045,XII,Unit 19: Electronic Devices,Semiconductor Electronics,p-n Junction,Diffusion current,Direct MCQ,Easy,Recall,B,False,
NEET27-PHY-2046,XII,Unit 19: Electronic Devices,Semiconductor Electronics,p-n Junction,Barrier potential,Direct MCQ,Easy,Recall,B,False,
NEET27-PHY-2047,XII,Unit 19: Electronic Devices,Semiconductor Electronics,p-n Junction Basics,Effective barrier under bias,Multi-step numerical MCQ,Difficult,Analysis,C,False,
NEET27-PHY-2048,XII,Unit 19: Electronic Devices,Semiconductor Electronics,p-n Junction Basics,Formation of the junction,Direct MCQ,Easy,Recall,C,False,
NEET27-PHY-2049,XII,Unit 19: Electronic Devices,Semiconductor Electronics,p-n Junction Basics,Barrier potential,Direct MCQ,Easy,Recall,C,False,
NEET27-PHY-2050,XII,Unit 19: Electronic Devices,Semiconductor Electronics,p-n Junction Basics,Internal field,Direct MCQ,Medium,Application,B,False,
NEET27-PHY-2051,XII,Unit 19: Electronic Devices,Semiconductor Electronics,p-n Junction Basics,Forward and reverse resistance,Conceptual/application MCQ,Medium,Application,A,False,
NEET27-PHY-2052,XII,Unit 19: Electronic Devices,Semiconductor Electronics,p-n Junction Basics,Immobile ions,Direct MCQ,Medium,Application,B,False,
NEET27-PHY-2053,XI,Unit 20: Experimental Skills,NCERT Physics Laboratory Manual and official Experimental Skills list,Experimental skills,Capillary rise: principle,Experimental skills MCQ,Medium,Application,D,True,figures/u20-e06-a.png
NEET27-PHY-2054,XI,Unit 20: Experimental Skills,NCERT Physics Laboratory Manual and official Experimental Skills list,Experimental skills,Resonance tube: apparatus,Experimental skills MCQ,Easy,Application,C,True,figures/u20-e08-a.png
NEET27-PHY-2055,XII,Unit 20: Experimental Skills,NCERT Physics Laboratory Manual and official Experimental Skills list,Experimental skills,Metre bridge: apparatus,Experimental skills MCQ,Easy,Application,A,True,figures/u20-e10-a.png
NEET27-PHY-2056,XI,Unit 20: Experimental Skills,NCERT Physics Laboratory Manual and official Experimental Skills list,Experimental skills,Stokes' method: purpose–principle match,Experimental skills MCQ,Difficult,Analysis,A,False,figures/u20-e07-a.png
NEET27-PHY-2057,XII,Unit 20: Experimental Skills,NCERT Physics Laboratory Manual and official Experimental Skills list,Experimental skills,Metre bridge: observation,Experimental skills MCQ,Medium,Application,A,True,figures/u20-e10-a.png
NEET27-PHY-2058,XII,Unit 20: Experimental Skills,NCERT Physics Laboratory Manual and official Experimental Skills list,Experimental skills,Half-deflection method: purpose–principle match,Experimental skills MCQ,Difficult,Analysis,D,False,figures/u20-e12-a.png
NEET27-PHY-2059,XII,Unit 20: Experimental Skills,NCERT Physics Laboratory Manual and official Experimental Skills list,Experimental skills,Triangular prism: purpose,Experimental skills MCQ,Easy,Application,B,True,figures/u20-e14-a.png
NEET27-PHY-2060,XII,Unit 20: Experimental Skills,NCERT Physics Laboratory Manual and official Experimental Skills list,Experimental skills,Travelling microscope: apparatus,Experimental skills MCQ,Easy,Application,B,True,figures/u20-e15-a.png
NEET27-PHY-2061,XI,Unit 20: Experimental Skills,NCERT Physics Laboratory Manual and official Experimental Skills list,Experimental skills,Simple pendulum: observation,Experimental skills MCQ,Medium,Application,C,True,figures/u20-e03-a.png
NEET27-PHY-2062,XI,Unit 20: Experimental Skills,NCERT Physics Laboratory Manual and official Experimental Skills list,Experimental skills,Young's modulus of a wire: principle,Experimental skills MCQ,Medium,Application,C,True,figures/u20-e05-a.png
NEET27-PHY-2063,XI,Unit 20: Experimental Skills,NCERT Physics Laboratory Manual and official Experimental Skills list,Experimental skills,Metre scale by moments: purpose,Experimental skills MCQ,Easy,Application,A,True,figures/u20-e04-a.png
NEET27-PHY-2064,XI,Unit 20: Experimental Skills,NCERT Physics Laboratory Manual and official Experimental Skills list,Experimental skills,Young's modulus of a wire: purpose–principle match,Experimental skills MCQ,Difficult,Analysis,D,False,figures/u20-e05-a.png
NEET27-PHY-2065,XI,Unit 20: Experimental Skills,NCERT Physics Laboratory Manual and official Experimental Skills list,Experimental skills,Resonance tube: purpose–principle match,Experimental skills MCQ,Difficult,Analysis,B,False,figures/u20-e08-a.png
NEET27-PHY-2066,XI,Unit 20: Experimental Skills,NCERT Physics Laboratory Manual and official Experimental Skills list,Experimental skills,Vernier calipers: apparatus,Experimental skills MCQ,Easy,Application,A,True,figures/u20-e01-a.png
NEET27-PHY-2067,XI,Unit 20: Experimental Skills,NCERT Physics Laboratory Manual and official Experimental Skills list,Experimental skills,Capillary rise: observation,Experimental skills MCQ,Medium,Application,A,True,figures/u20-e06-a.png
NEET27-PHY-2068,XI,Unit 20: Experimental Skills,NCERT Physics Laboratory Manual and official Experimental Skills list,Experimental skills,Young's modulus of a wire: observation,Experimental skills MCQ,Medium,Application,B,True,figures/u20-e05-a.png
NEET27-PHY-2069,XI,Unit 20: Experimental Skills,NCERT Physics Laboratory Manual and official Experimental Skills list,Experimental skills,Vernier calipers: purpose,Experimental skills MCQ,Easy,Application,A,True,figures/u20-e01-a.png
NEET27-PHY-2070,XI,Unit 20: Experimental Skills,NCERT Physics Laboratory Manual and official Experimental Skills list,Experimental skills,Capillary rise: apparatus,Experimental skills MCQ,Easy,Application,D,True,figures/u20-e06-a.png
NEET27-PHY-2071,XI,Unit 20: Experimental Skills,NCERT Physics Laboratory Manual and official Experimental Skills list,Experimental skills,Capillary rise: purpose–principle match,Experimental skills MCQ,Difficult,Analysis,D,False,figures/u20-e06-a.png
NEET27-PHY-2072,XI,Unit 20: Experimental Skills,NCERT Physics Laboratory Manual and official Experimental Skills list,Experimental skills,Stokes' method: purpose,Experimental skills MCQ,Easy,Application,A,True,figures/u20-e07-a.png
NEET27-PHY-2073,XII,Unit 20: Experimental Skills,NCERT Physics Laboratory Manual and official Experimental Skills list,Experimental skills,Triangular prism: observation,Experimental skills MCQ,Medium,Application,B,True,figures/u20-e14-a.png
NEET27-PHY-2074,XII,Unit 20: Experimental Skills,NCERT Physics Laboratory Manual and official Experimental Skills list,Experimental skills,Half-deflection method: precaution,Experimental skills MCQ,Medium,Application,B,True,figures/u20-e12-a.png
NEET27-PHY-2075,XI,Unit 20: Experimental Skills,NCERT Physics Laboratory Manual and official Experimental Skills list,Experimental skills,Method of mixtures: purpose–principle match,Experimental skills MCQ,Difficult,Analysis,B,False,figures/u20-e09-a.png
NEET27-PHY-2076,XI,Unit 20: Experimental Skills,NCERT Physics Laboratory Manual and official Experimental Skills list,Experimental skills,Resonance tube: observation,Experimental skills MCQ,Medium,Application,C,True,figures/u20-e08-a.png
NEET27-PHY-2077,XII,Unit 20: Experimental Skills,NCERT Physics Laboratory Manual and official Experimental Skills list,Experimental skills,Parallax method: purpose,Experimental skills MCQ,Easy,Application,C,True,figures/u20-e13-a.png
NEET27-PHY-2078,XI,Unit 20: Experimental Skills,NCERT Physics Laboratory Manual and official Experimental Skills list,Experimental skills,Vernier calipers: precaution,Experimental skills MCQ,Medium,Application,C,True,figures/u20-e01-a.png
NEET27-PHY-2079,XII,Unit 20: Experimental Skills,NCERT Physics Laboratory Manual and official Experimental Skills list,Experimental skills,p–n junction diode: apparatus,Experimental skills MCQ,Easy,Application,C,True,figures/u20-e16-a.png
NEET27-PHY-2080,XII,Unit 20: Experimental Skills,NCERT Physics Laboratory Manual and official Experimental Skills list,Experimental skills,Component identification: principle,Experimental skills MCQ,Medium,Application,B,True,figures/u20-e18-a.png
NEET27-PHY-2081,XII,Unit 20: Experimental Skills,NCERT Physics Laboratory Manual and official Experimental Skills list,Experimental skills,Half-deflection method: observation,Experimental skills MCQ,Medium,Application,C,True,figures/u20-e12-a.png
NEET27-PHY-2082,XII,Unit 20: Experimental Skills,NCERT Physics Laboratory Manual and official Experimental Skills list,Experimental skills,Metre bridge: purpose–principle match,Experimental skills MCQ,Difficult,Analysis,D,False,figures/u20-e10-a.png
NEET27-PHY-2083,XII,Unit 20: Experimental Skills,NCERT Physics Laboratory Manual and official Experimental Skills list,Experimental skills,p–n junction diode: principle,Experimental skills MCQ,Medium,Application,B,True,figures/u20-e16-a.png
NEET27-PHY-2084,XII,Unit 20: Experimental Skills,NCERT Physics Laboratory Manual and official Experimental Skills list,Experimental skills,Parallax method: principle,Experimental skills MCQ,Medium,Application,A,True,figures/u20-e13-a.png
NEET27-PHY-2085,XII,Unit 20: Experimental Skills,NCERT Physics Laboratory Manual and official Experimental Skills list,Experimental skills,Half-deflection method: apparatus,Experimental skills MCQ,Easy,Application,C,True,figures/u20-e12-a.png
NEET27-PHY-2086,XII,Unit 20: Experimental Skills,NCERT Physics Laboratory Manual and official Experimental Skills list,Experimental skills,Travelling microscope: precaution,Experimental skills MCQ,Medium,Application,A,True,figures/u20-e15-a.png
NEET27-PHY-2087,XI,Unit 20: Experimental Skills,NCERT Physics Laboratory Manual and official Experimental Skills list,Experimental skills,Screw gauge: principle,Experimental skills MCQ,Medium,Application,D,True,figures/u20-e02-a.png
NEET27-PHY-2088,XII,Unit 20: Experimental Skills,NCERT Physics Laboratory Manual and official Experimental Skills list,Experimental skills,Ohm's-law circuit: principle,Experimental skills MCQ,Medium,Application,A,True,figures/u20-e11-a.png
NEET27-PHY-2089,XI,Unit 20: Experimental Skills,NCERT Physics Laboratory Manual and official Experimental Skills list,Experimental skills,Vernier calipers: principle,Experimental skills MCQ,Medium,Application,C,True,figures/u20-e01-a.png
NEET27-PHY-2090,XII,Unit 20: Experimental Skills,NCERT Physics Laboratory Manual and official Experimental Skills list,Experimental skills,Zener diode: purpose–principle match,Experimental skills MCQ,Difficult,Analysis,A,False,figures/u20-e17-a.png
NEET27-PHY-2091,XI,Unit 20: Experimental Skills,NCERT Physics Laboratory Manual and official Experimental Skills list,Experimental skills,Resonance tube: principle,Experimental skills MCQ,Medium,Application,A,True,figures/u20-e08-a.png
NEET27-PHY-2092,XI,Unit 20: Experimental Skills,NCERT Physics Laboratory Manual and official Experimental Skills list,Experimental skills,Method of mixtures: principle,Experimental skills MCQ,Medium,Application,C,True,figures/u20-e09-a.png
NEET27-PHY-2093,XII,Unit 20: Experimental Skills,NCERT Physics Laboratory Manual and official Experimental Skills list,Experimental skills,Travelling microscope: principle,Experimental skills MCQ,Medium,Application,B,True,figures/u20-e15-a.png
NEET27-PHY-2094,XI,Unit 20: Experimental Skills,NCERT Physics Laboratory Manual and official Experimental Skills list,Experimental skills,Capillary rise: precaution,Experimental skills MCQ,Medium,Application,A,True,figures/u20-e06-a.png
NEET27-PHY-2095,XI,Unit 20: Experimental Skills,NCERT Physics Laboratory Manual and official Experimental Skills list,Experimental skills,Simple pendulum: purpose–principle match,Experimental skills MCQ,Difficult,Analysis,D,False,figures/u20-e03-a.png
NEET27-PHY-2096,XII,Unit 20: Experimental Skills,NCERT Physics Laboratory Manual and official Experimental Skills list,Experimental skills,p–n junction diode: observation,Experimental skills MCQ,Medium,Application,C,True,figures/u20-e16-a.png
NEET27-PHY-2097,XI,Unit 20: Experimental Skills,NCERT Physics Laboratory Manual and official Experimental Skills list,Experimental skills,Metre scale by moments: purpose–principle match,Experimental skills MCQ,Difficult,Analysis,A,False,figures/u20-e04-a.png
NEET27-PHY-2098,XI,Unit 20: Experimental Skills,NCERT Physics Laboratory Manual and official Experimental Skills list,Experimental skills,Screw gauge: precaution,Experimental skills MCQ,Medium,Application,A,True,figures/u20-e02-a.png
NEET27-PHY-2099,XII,Unit 20: Experimental Skills,NCERT Physics Laboratory Manual and official Experimental Skills list,Experimental skills,Metre bridge: precaution,Experimental skills MCQ,Medium,Application,B,True,figures/u20-e10-a.png
NEET27-PHY-2100,XII,Unit 20: Experimental Skills,NCERT Physics Laboratory Manual and official Experimental Skills list,Experimental skills,Ohm's-law circuit: observation,Experimental skills MCQ,Medium,Application,A,True,figures/u20-e11-a.png
NEET27-PHY-2101,XI,Unit 20: Experimental Skills,NCERT Physics Laboratory Manual and official Experimental Skills list,Experimental skills,Simple pendulum: principle,Experimental skills MCQ,Medium,Application,C,True,figures/u20-e03-a.png
NEET27-PHY-2102,XII,Unit 20: Experimental Skills,NCERT Physics Laboratory Manual and official Experimental Skills list,Experimental skills,Metre bridge: purpose,Experimental skills MCQ,Easy,Application,D,True,figures/u20-e10-a.png
NEET27-PHY-2103,XII,Unit 20: Experimental Skills,NCERT Physics Laboratory Manual and official Experimental Skills list,Experimental skills,p–n junction diode: purpose–principle match,Experimental skills MCQ,Difficult,Analysis,A,False,figures/u20-e16-a.png
NEET27-PHY-2104,XI,Unit 20: Experimental Skills,NCERT Physics Laboratory Manual and official Experimental Skills list,Experimental skills,Method of mixtures: apparatus,Experimental skills MCQ,Easy,Application,B,True,figures/u20-e09-a.png
NEET27-PHY-2105,XI,Unit 20: Experimental Skills,NCERT Physics Laboratory Manual and official Experimental Skills list,Experimental skills,Metre scale by moments: precaution,Experimental skills MCQ,Medium,Application,A,True,figures/u20-e04-a.png
NEET27-PHY-2106,XII,Unit 20: Experimental Skills,NCERT Physics Laboratory Manual and official Experimental Skills list,Experimental skills,Parallax method: purpose–principle match,Experimental skills MCQ,Difficult,Analysis,A,False,figures/u20-e13-a.png
NEET27-PHY-2107,XI,Unit 20: Experimental Skills,NCERT Physics Laboratory Manual and official Experimental Skills list,Experimental skills,Young's modulus of a wire: precaution,Experimental skills MCQ,Medium,Application,C,True,figures/u20-e05-a.png
NEET27-PHY-2108,XII,Unit 20: Experimental Skills,NCERT Physics Laboratory Manual and official Experimental Skills list,Experimental skills,Triangular prism: precaution,Experimental skills MCQ,Medium,Application,D,True,figures/u20-e14-a.png
NEET27-PHY-2109,XI,Unit 20: Experimental Skills,NCERT Physics Laboratory Manual and official Experimental Skills list,Experimental skills,Metre scale by moments: apparatus,Experimental skills MCQ,Easy,Application,D,True,figures/u20-e04-a.png
NEET27-PHY-2110,XII,Unit 20: Experimental Skills,NCERT Physics Laboratory Manual and official Experimental Skills list,Experimental skills,Component identification: purpose–principle match,Experimental skills MCQ,Difficult,Analysis,D,False,figures/u20-e18-a.png
NEET27-PHY-2111,XII,Unit 20: Experimental Skills,NCERT Physics Laboratory Manual and official Experimental Skills list,Experimental skills,Ohm's-law circuit: apparatus,Experimental skills MCQ,Easy,Application,A,True,figures/u20-e11-a.png
NEET27-PHY-2112,XI,Unit 20: Experimental Skills,NCERT Physics Laboratory Manual and official Experimental Skills list,Experimental skills,Method of mixtures: purpose,Experimental skills MCQ,Easy,Application,A,True,figures/u20-e09-a.png
NEET27-PHY-2113,XII,Unit 20: Experimental Skills,NCERT Physics Laboratory Manual and official Experimental Skills list,Experimental skills,Component identification: precaution,Experimental skills MCQ,Medium,Application,C,True,figures/u20-e18-a.png
NEET27-PHY-2114,XII,Unit 20: Experimental Skills,NCERT Physics Laboratory Manual and official Experimental Skills list,Experimental skills,Zener diode: observation,Experimental skills MCQ,Medium,Application,D,True,figures/u20-e17-a.png
NEET27-PHY-2115,XII,Unit 20: Experimental Skills,NCERT Physics Laboratory Manual and official Experimental Skills list,Experimental skills,Component identification: purpose,Experimental skills MCQ,Easy,Application,C,True,figures/u20-e18-a.png
NEET27-PHY-2116,XII,Unit 20: Experimental Skills,NCERT Physics Laboratory Manual and official Experimental Skills list,Experimental skills,Triangular prism: apparatus,Experimental skills MCQ,Easy,Application,A,True,figures/u20-e14-a.png
NEET27-PHY-2117,XII,Unit 20: Experimental Skills,NCERT Physics Laboratory Manual and official Experimental Skills list,Experimental skills,Half-deflection method: purpose,Experimental skills MCQ,Easy,Application,D,True,figures/u20-e12-a.png
NEET27-PHY-2118,XII,Unit 20: Experimental Skills,NCERT Physics Laboratory Manual and official Experimental Skills list,Experimental skills,Triangular prism: purpose–principle match,Experimental skills MCQ,Difficult,Analysis,C,False,figures/u20-e14-a.png
NEET27-PHY-2119,XII,Unit 20: Experimental Skills,NCERT Physics Laboratory Manual and official Experimental Skills list,Experimental skills,Half-deflection method: principle,Experimental skills MCQ,Medium,Application,B,True,figures/u20-e12-a.png
NEET27-PHY-2120,XI,Unit 20: Experimental Skills,NCERT Physics Laboratory Manual and official Experimental Skills list,Experimental skills,Screw gauge: purpose–principle match,Experimental skills MCQ,Difficult,Analysis,C,False,figures/u20-e02-a.png
NEET27-PHY-2121,XII,Unit 20: Experimental Skills,NCERT Physics Laboratory Manual and official Experimental Skills list,Experimental skills,p–n junction diode: purpose,Experimental skills MCQ,Easy,Application,C,True,figures/u20-e16-a.png
NEET27-PHY-2122,XI,Unit 20: Experimental Skills,NCERT Physics Laboratory Manual and official Experimental Skills list,Experimental skills,Resonance tube: purpose,Experimental skills MCQ,Easy,Application,A,True,figures/u20-e08-a.png
NEET27-PHY-2123,XI,Unit 20: Experimental Skills,NCERT Physics Laboratory Manual and official Experimental Skills list,Experimental skills,Screw gauge: observation,Experimental skills MCQ,Medium,Application,D,True,figures/u20-e02-a.png
NEET27-PHY-2124,XII,Unit 20: Experimental Skills,NCERT Physics Laboratory Manual and official Experimental Skills list,Experimental skills,Ohm's-law circuit: purpose,Experimental skills MCQ,Easy,Application,D,True,figures/u20-e11-a.png
NEET27-PHY-2125,XI,Unit 20: Experimental Skills,NCERT Physics Laboratory Manual and official Experimental Skills list,Experimental skills,Stokes' method: observation,Experimental skills MCQ,Medium,Application,C,True,figures/u20-e07-a.png
NEET27-PHY-2126,XI,Unit 20: Experimental Skills,NCERT Physics Laboratory Manual and official Experimental Skills list,Experimental skills,Screw gauge: purpose,Experimental skills MCQ,Easy,Application,C,True,figures/u20-e02-a.png
NEET27-PHY-2127,XI,Unit 20: Experimental Skills,NCERT Physics Laboratory Manual and official Experimental Skills list,Experimental skills,Simple pendulum: apparatus,Experimental skills MCQ,Easy,Application,C,True,figures/u20-e03-a.png
NEET27-PHY-2128,XII,Unit 20: Experimental Skills,NCERT Physics Laboratory Manual and official Experimental Skills list,Experimental skills,Travelling microscope: observation,Experimental skills MCQ,Medium,Application,A,True,figures/u20-e15-a.png
NEET27-PHY-2129,XII,Unit 20: Experimental Skills,NCERT Physics Laboratory Manual and official Experimental Skills list,Experimental skills,Zener diode: apparatus,Experimental skills MCQ,Easy,Application,B,True,figures/u20-e17-a.png
NEET27-PHY-2130,XI,Unit 20: Experimental Skills,NCERT Physics Laboratory Manual and official Experimental Skills list,Experimental skills,Young's modulus of a wire: apparatus,Experimental skills MCQ,Easy,Application,C,True,figures/u20-e05-a.png
NEET27-PHY-2131,XII,Unit 20: Experimental Skills,NCERT Physics Laboratory Manual and official Experimental Skills list,Experimental skills,Travelling microscope: purpose–principle match,Experimental skills MCQ,Difficult,Analysis,A,False,figures/u20-e15-a.png
NEET27-PHY-2132,XII,Unit 20: Experimental Skills,NCERT Physics Laboratory Manual and official Experimental Skills list,Experimental skills,Parallax method: observation,Experimental skills MCQ,Medium,Application,B,True,figures/u20-e13-a.png
NEET27-PHY-2133,XII,Unit 20: Experimental Skills,NCERT Physics Laboratory Manual and official Experimental Skills list,Experimental skills,Component identification: observation,Experimental skills MCQ,Medium,Application,B,True,figures/u20-e18-a.png
NEET27-PHY-2134,XII,Unit 20: Experimental Skills,NCERT Physics Laboratory Manual and official Experimental Skills list,Experimental skills,Parallax method: apparatus,Experimental skills MCQ,Easy,Application,C,True,figures/u20-e13-a.png
NEET27-PHY-2135,XI,Unit 20: Experimental Skills,NCERT Physics Laboratory Manual and official Experimental Skills list,Experimental skills,Resonance tube: precaution,Experimental skills MCQ,Medium,Application,D,True,figures/u20-e08-a.png
NEET27-PHY-2136,XI,Unit 20: Experimental Skills,NCERT Physics Laboratory Manual and official Experimental Skills list,Experimental skills,Stokes' method: principle,Experimental skills MCQ,Medium,Application,A,True,figures/u20-e07-a.png
NEET27-PHY-2137,XI,Unit 20: Experimental Skills,NCERT Physics Laboratory Manual and official Experimental Skills list,Experimental skills,Screw gauge: apparatus,Experimental skills MCQ,Easy,Application,A,True,figures/u20-e02-a.png
NEET27-PHY-2138,XII,Unit 20: Experimental Skills,NCERT Physics Laboratory Manual and official Experimental Skills list,Experimental skills,Ohm's-law circuit: precaution,Experimental skills MCQ,Medium,Application,D,True,figures/u20-e11-a.png
NEET27-PHY-2139,XI,Unit 20: Experimental Skills,NCERT Physics Laboratory Manual and official Experimental Skills list,Experimental skills,Method of mixtures: precaution,Experimental skills MCQ,Medium,Application,A,True,figures/u20-e09-a.png
NEET27-PHY-2140,XI,Unit 20: Experimental Skills,NCERT Physics Laboratory Manual and official Experimental Skills list,Experimental skills,Metre scale by moments: observation,Experimental skills MCQ,Medium,Application,B,True,figures/u20-e04-a.png
NEET27-PHY-2141,XII,Unit 20: Experimental Skills,NCERT Physics Laboratory Manual and official Experimental Skills list,Experimental skills,Parallax method: precaution,Experimental skills MCQ,Medium,Application,B,True,figures/u20-e13-a.png
NEET27-PHY-2142,XI,Unit 20: Experimental Skills,NCERT Physics Laboratory Manual and official Experimental Skills list,Experimental skills,Method of mixtures: observation,Experimental skills MCQ,Medium,Application,D,True,figures/u20-e09-a.png
NEET27-PHY-2143,XII,Unit 20: Experimental Skills,NCERT Physics Laboratory Manual and official Experimental Skills list,Experimental skills,Metre bridge: principle,Experimental skills MCQ,Medium,Application,D,True,figures/u20-e10-a.png
NEET27-PHY-2144,XII,Unit 20: Experimental Skills,NCERT Physics Laboratory Manual and official Experimental Skills list,Experimental skills,Zener diode: purpose,Experimental skills MCQ,Easy,Application,C,True,figures/u20-e17-a.png
NEET27-PHY-2145,XII,Unit 20: Experimental Skills,NCERT Physics Laboratory Manual and official Experimental Skills list,Experimental skills,Triangular prism: principle,Experimental skills MCQ,Medium,Application,D,True,figures/u20-e14-a.png
NEET27-PHY-2146,XII,Unit 20: Experimental Skills,NCERT Physics Laboratory Manual and official Experimental Skills list,Experimental skills,Ohm's-law circuit: purpose–principle match,Experimental skills MCQ,Difficult,Analysis,C,False,figures/u20-e11-a.png
NEET27-PHY-2147,XI,Unit 20: Experimental Skills,NCERT Physics Laboratory Manual and official Experimental Skills list,Experimental skills,Capillary rise: purpose,Experimental skills MCQ,Easy,Application,B,True,figures/u20-e06-a.png
NEET27-PHY-2148,XI,Unit 20: Experimental Skills,NCERT Physics Laboratory Manual and official Experimental Skills list,Experimental skills,Simple pendulum: precaution,Experimental skills MCQ,Medium,Application,B,True,figures/u20-e03-a.png
NEET27-PHY-2149,XI,Unit 20: Experimental Skills,NCERT Physics Laboratory Manual and official Experimental Skills list,Experimental skills,Metre scale by moments: principle,Experimental skills MCQ,Medium,Application,A,True,figures/u20-e04-a.png
NEET27-PHY-2150,XII,Unit 20: Experimental Skills,NCERT Physics Laboratory Manual and official Experimental Skills list,Experimental skills,Zener diode: principle,Experimental skills MCQ,Medium,Application,C,True,figures/u20-e17-a.png
NEET27-PHY-2151,XI,Unit 20: Experimental Skills,NCERT Physics Laboratory Manual and official Experimental Skills list,Experimental skills,Simple pendulum: purpose,Experimental skills MCQ,Easy,Application,D,True,figures/u20-e03-a.png
NEET27-PHY-2152,XI,Unit 20: Experimental Skills,NCERT Physics Laboratory Manual and official Experimental Skills list,Experimental skills,Stokes' method: precaution,Experimental skills MCQ,Medium,Application,A,True,figures/u20-e07-a.png
NEET27-PHY-2153,XI,Unit 20: Experimental Skills,NCERT Physics Laboratory Manual and official Experimental Skills list,Experimental skills,Young's modulus of a wire: purpose,Experimental skills MCQ,Easy,Application,C,True,figures/u20-e05-a.png
NEET27-PHY-2154,XII,Unit 20: Experimental Skills,NCERT Physics Laboratory Manual and official Experimental Skills list,Experimental skills,p–n junction diode: precaution,Experimental skills MCQ,Medium,Application,A,True,figures/u20-e16-a.png
NEET27-PHY-2155,XI,Unit 20: Experimental Skills,NCERT Physics Laboratory Manual and official Experimental Skills list,Experimental skills,Vernier calipers: observation,Experimental skills MCQ,Medium,Application,C,True,figures/u20-e01-a.png
NEET27-PHY-2156,XI,Unit 20: Experimental Skills,NCERT Physics Laboratory Manual and official Experimental Skills list,Experimental skills,Stokes' method: apparatus,Experimental skills MCQ,Easy,Application,A,True,figures/u20-e07-a.png
NEET27-PHY-2157,XII,Unit 20: Experimental Skills,NCERT Physics Laboratory Manual and official Experimental Skills list,Experimental skills,Component identification: apparatus,Experimental skills MCQ,Easy,Application,B,True,figures/u20-e18-a.png
NEET27-PHY-2158,XI,Unit 20: Experimental Skills,NCERT Physics Laboratory Manual and official Experimental Skills list,Experimental skills,Vernier calipers: purpose–principle match,Experimental skills MCQ,Difficult,Analysis,B,False,figures/u20-e01-a.png
NEET27-PHY-2159,XII,Unit 20: Experimental Skills,NCERT Physics Laboratory Manual and official Experimental Skills list,Experimental skills,Travelling microscope: purpose,Experimental skills MCQ,Easy,Application,C,True,figures/u20-e15-a.png
NEET27-PHY-2160,XII,Unit 20: Experimental Skills,NCERT Physics Laboratory Manual and official Experimental Skills list,Experimental skills,Zener diode: precaution,Experimental skills MCQ,Medium,Application,A,True,figures/u20-e17-a.png
