id,unit,topic,difficulty,question_type
NEET27-CHEM-0001,1,Atomic theory and Avogadro's law,Medium,One-step numerical MCQ
NEET27-CHEM-0002,1,Mole concept,Medium,One-step numerical MCQ
NEET27-CHEM-0003,1,Mole concept,Medium,One-step numerical MCQ
NEET27-CHEM-0004,1,Laws of chemical combination,Medium,One-step numerical MCQ
NEET27-CHEM-0005,1,Stoichiometry,Medium,One-step numerical MCQ
NEET27-CHEM-0006,1,Atomic and molecular masses,Medium,Conceptual/application MCQ
NEET27-CHEM-0007,1,Mole concept,Medium,One-step numerical MCQ
NEET27-CHEM-0008,1,Stoichiometry,Medium,One-step numerical MCQ
NEET27-CHEM-0009,1,Laws of chemical combination,Medium,Graph/data interpretation MCQ
NEET27-CHEM-0010,1,Laws of chemical combination,Medium,One-step numerical MCQ
NEET27-CHEM-0011,1,Empirical Formula,Medium,Conceptual/application MCQ
NEET27-CHEM-0012,1,Mole concept,Medium,One-step numerical MCQ
NEET27-CHEM-0013,1,Limiting Reagent,Difficult,Sequence/match MCQ
NEET27-CHEM-0014,1,Limiting Reagent,Easy,Reaction/reagent MCQ
NEET27-CHEM-0015,1,Molecular Formula,Difficult,Statement-based MCQ
NEET27-CHEM-0016,1,Stoichiometry,Medium,Reaction/reagent MCQ
NEET27-CHEM-0017,1,Avogadro law,Medium,Conceptual/application MCQ
NEET27-CHEM-0018,1,Stoichiometry,Medium,One-step numerical MCQ
NEET27-CHEM-0019,1,Stoichiometry,Medium,One-step numerical MCQ
NEET27-CHEM-0020,1,Atomic theory and Avogadro's law,Medium,Conceptual/application MCQ
NEET27-CHEM-0021,1,Laws of chemical combination,Medium,One-step numerical MCQ
NEET27-CHEM-0022,1,Atomic and molecular masses,Medium,One-step numerical MCQ
NEET27-CHEM-0023,1,Laws of chemical combination,Difficult,Multi-step numerical MCQ
NEET27-CHEM-0024,1,Limiting Reagent,Easy,Statement-based MCQ
NEET27-CHEM-0025,1,Laws of chemical combination,Medium,One-step numerical MCQ
NEET27-CHEM-0026,1,Laws of chemical combination,Medium,Graph/data interpretation MCQ
NEET27-CHEM-0027,1,Atomic and molecular masses,Medium,One-step numerical MCQ
NEET27-CHEM-0028,1,Molar mass,Medium,Conceptual/application MCQ
NEET27-CHEM-0029,1,Atomic and molecular masses,Medium,Conceptual/application MCQ
NEET27-CHEM-0030,1,Limiting Reagent,Difficult,Statement-based MCQ
NEET27-CHEM-0031,1,Molarity,Difficult,Statement-based MCQ
NEET27-CHEM-0032,1,Mole concept,Medium,One-step numerical MCQ
NEET27-CHEM-0033,1,Laws of chemical combination,Medium,Conceptual/application MCQ
NEET27-CHEM-0034,1,Stoichiometry,Medium,One-step numerical MCQ
NEET27-CHEM-0035,1,Mole concept,Medium,One-step numerical MCQ
NEET27-CHEM-0036,1,Molarity,Difficult,Sequence/match MCQ
NEET27-CHEM-0037,1,Mole concept,Medium,One-step numerical MCQ
NEET27-CHEM-0038,1,Concentration terms,Medium,One-step numerical MCQ
NEET27-CHEM-0039,1,Mole concept,Medium,One-step numerical MCQ
NEET27-CHEM-0040,1,Percentage composition,Medium,One-step numerical MCQ
NEET27-CHEM-0041,1,Nature and classification of matter,Medium,Conceptual/application MCQ
NEET27-CHEM-0042,1,Percentage composition,Medium,One-step numerical MCQ
NEET27-CHEM-0043,1,Molecular Formula,Easy,Statement-based MCQ
NEET27-CHEM-0044,1,Stoichiometry,Medium,One-step numerical MCQ
NEET27-CHEM-0045,1,Molecular formula,Medium,One-step numerical MCQ
NEET27-CHEM-0046,1,Stoichiometry,Medium,Reaction/reagent MCQ
NEET27-CHEM-0047,1,Mole concept,Medium,One-step numerical MCQ
NEET27-CHEM-0048,1,Mole concept,Medium,One-step numerical MCQ
NEET27-CHEM-0049,1,Nature and classification of matter,Medium,Conceptual/application MCQ
NEET27-CHEM-0050,1,Percentage Composition,Difficult,Sequence/match MCQ
NEET27-CHEM-0051,1,Laws of chemical combination,Medium,Conceptual/application MCQ
NEET27-CHEM-0052,1,Molarity,Easy,Statement-based MCQ
NEET27-CHEM-0053,1,Empirical formula,Medium,One-step numerical MCQ
NEET27-CHEM-0054,1,Mole concept and molar mass,Difficult,Multi-step numerical MCQ
NEET27-CHEM-0055,1,Empirical Formula,Easy,Statement-based MCQ
NEET27-CHEM-0056,1,Atomic and molecular masses,Difficult,Multi-step numerical MCQ
NEET27-CHEM-0057,1,Nature and classification of matter,Medium,Conceptual/application MCQ
NEET27-CHEM-0058,1,Mole concept,Medium,One-step numerical MCQ
NEET27-CHEM-0059,1,Percentage Composition,Easy,Statement-based MCQ
NEET27-CHEM-0060,1,Mole concept,Medium,One-step numerical MCQ
NEET27-CHEM-0061,1,Stoichiometry,Medium,One-step numerical MCQ
NEET27-CHEM-0062,1,Percentage Composition,Medium,Conceptual/application MCQ
NEET27-CHEM-0063,1,Percentage composition,Medium,One-step numerical MCQ
NEET27-CHEM-0064,1,Empirical Formula,Difficult,Sequence/match MCQ
NEET27-CHEM-0065,1,Mole concept,Medium,One-step numerical MCQ
NEET27-CHEM-0066,1,Mole concept,Medium,One-step numerical MCQ
NEET27-CHEM-0067,1,Mole concept,Medium,One-step numerical MCQ
NEET27-CHEM-0068,1,Mole concept,Medium,One-step numerical MCQ
NEET27-CHEM-0069,1,Laws of chemical combination,Difficult,Statement-based MCQ
NEET27-CHEM-0070,1,Molecular Formula,Easy,Direct recall MCQ
NEET27-CHEM-0071,1,Mole concept and molar mass,Medium,Multi-step numerical MCQ
NEET27-CHEM-0072,1,Stoichiometry,Medium,One-step numerical MCQ
NEET27-CHEM-0073,1,Laws of chemical combination,Difficult,Multi-step numerical MCQ
NEET27-CHEM-0074,1,Atomic theory and Avogadro's law,Difficult,Multi-step numerical MCQ
NEET27-CHEM-0075,1,Moles and gases,Difficult,Multi-step numerical MCQ
NEET27-CHEM-0076,1,Molarity,Easy,Direct recall MCQ
NEET27-CHEM-0077,1,Percentage composition,Medium,One-step numerical MCQ
NEET27-CHEM-0078,1,Atomic and molecular masses,Medium,Multi-step numerical MCQ
NEET27-CHEM-0079,1,Empirical Formula,Difficult,Statement-based MCQ
NEET27-CHEM-0080,1,Percentage composition,Medium,Conceptual/application MCQ
NEET27-CHEM-0081,1,Laws of chemical combination,Medium,One-step numerical MCQ
NEET27-CHEM-0082,1,Atomic theory and Avogadro's law,Medium,Reaction/reagent MCQ
NEET27-CHEM-0083,1,Moles and gases,Difficult,Multi-step numerical MCQ
NEET27-CHEM-0084,1,Mole concept,Medium,One-step numerical MCQ
NEET27-CHEM-0085,1,Percentage Composition,Difficult,Statement-based MCQ
NEET27-CHEM-0086,1,Nature and classification of matter,Medium,Conceptual/application MCQ
NEET27-CHEM-0087,1,Laws of chemical combination,Difficult,Multi-step numerical MCQ
NEET27-CHEM-0088,1,Atomic theory and Avogadro's law,Medium,Conceptual/application MCQ
NEET27-CHEM-0089,1,Stoichiometry,Medium,One-step numerical MCQ
NEET27-CHEM-0090,1,Molecular Formula,Difficult,Sequence/match MCQ
NEET27-CHEM-0091,2,Quantum numbers,Medium,One-step numerical MCQ
NEET27-CHEM-0092,2,Hund Rule,Difficult,Sequence/match MCQ
NEET27-CHEM-0093,2,Electron,Easy,Statement-based MCQ
NEET27-CHEM-0094,2,Magnetic Quantum Number,Easy,Statement-based MCQ
NEET27-CHEM-0095,2,Quantum numbers,Medium,Conceptual/application MCQ
NEET27-CHEM-0096,2,Azimuthal Quantum Number,Difficult,Structure/diagram MCQ
NEET27-CHEM-0097,2,Rutherford Model,Difficult,Sequence/match MCQ
NEET27-CHEM-0098,2,De Broglie Relation,Difficult,Sequence/match MCQ
NEET27-CHEM-0099,2,Orbital Node,Difficult,Sequence/match MCQ
NEET27-CHEM-0100,2,Proton,Difficult,Statement-based MCQ
NEET27-CHEM-0101,2,Quantum-mechanical model,Medium,One-step numerical MCQ
NEET27-CHEM-0102,2,Electronic configuration,Medium,Conceptual/application MCQ
NEET27-CHEM-0103,2,Pauli Exclusion Principle,Medium,Conceptual/application MCQ
NEET27-CHEM-0104,2,Neutron,Easy,Statement-based MCQ
NEET27-CHEM-0105,2,Electron,Difficult,Statement-based MCQ
NEET27-CHEM-0106,2,Heisenberg Uncertainty Principle,Easy,Statement-based MCQ
NEET27-CHEM-0107,2,Pauli Exclusion Principle,Difficult,Statement-based MCQ
NEET27-CHEM-0108,2,Rutherford Model,Easy,Direct recall MCQ
NEET27-CHEM-0109,2,Electronic configuration,Medium,One-step numerical MCQ
NEET27-CHEM-0110,2,Pauli Exclusion Principle,Easy,Statement-based MCQ
NEET27-CHEM-0111,2,Electronic configuration,Medium,One-step numerical MCQ
NEET27-CHEM-0112,2,Dual nature,Medium,Statement-based MCQ
NEET27-CHEM-0113,2,Principal Quantum Number,Difficult,Statement-based MCQ
NEET27-CHEM-0114,2,Electronic configuration,Medium,Conceptual/application MCQ
NEET27-CHEM-0115,2,Quantum numbers,Medium,One-step numerical MCQ
NEET27-CHEM-0116,2,Isoelectronic Species,Medium,Conceptual/application MCQ
NEET27-CHEM-0117,2,Electronic configuration,Medium,Conceptual/application MCQ
NEET27-CHEM-0118,2,Magnetic Quantum Number,Difficult,Sequence/match MCQ
NEET27-CHEM-0119,2,Quantum numbers,Easy,Direct recall MCQ
NEET27-CHEM-0120,2,Quantum numbers,Easy,Direct recall MCQ
NEET27-CHEM-0121,2,Azimuthal Quantum Number,Difficult,Sequence/match MCQ
NEET27-CHEM-0122,2,Heisenberg Uncertainty Principle,Difficult,Statement-based MCQ
NEET27-CHEM-0123,2,Bohr Orbit,Easy,Direct recall MCQ
NEET27-CHEM-0124,2,Quantum numbers,Medium,One-step numerical MCQ
NEET27-CHEM-0125,2,Electronic configuration,Medium,Conceptual/application MCQ
NEET27-CHEM-0126,2,Quantum numbers,Medium,One-step numerical MCQ
NEET27-CHEM-0127,2,Aufbau Principle,Difficult,Sequence/match MCQ
NEET27-CHEM-0128,2,Azimuthal Quantum Number,Easy,Structure/diagram MCQ
NEET27-CHEM-0129,2,Magnetic Quantum Number,Medium,Conceptual/application MCQ
NEET27-CHEM-0130,2,Spin Quantum Number,Easy,Statement-based MCQ
NEET27-CHEM-0131,2,Electromagnetic radiation,Medium,Conceptual/application MCQ
NEET27-CHEM-0132,2,Bohr model,Medium,Conceptual/application MCQ
NEET27-CHEM-0133,2,Spin Quantum Number,Medium,Conceptual/application MCQ
NEET27-CHEM-0134,2,Aufbau Principle,Easy,Direct recall MCQ
NEET27-CHEM-0135,2,Hund Rule,Easy,Direct recall MCQ
NEET27-CHEM-0136,2,Principal Quantum Number,Difficult,Sequence/match MCQ
NEET27-CHEM-0137,2,Orbital Node,Easy,Statement-based MCQ
NEET27-CHEM-0138,2,Neutron,Easy,Direct recall MCQ
NEET27-CHEM-0139,2,Spin Quantum Number,Difficult,Sequence/match MCQ
NEET27-CHEM-0140,2,Bohr Orbit,Difficult,Sequence/match MCQ
NEET27-CHEM-0141,2,Electronic configuration,Medium,One-step numerical MCQ
NEET27-CHEM-0142,2,Electron,Difficult,Sequence/match MCQ
NEET27-CHEM-0143,2,Electronic configuration,Medium,Conceptual/application MCQ
NEET27-CHEM-0144,2,Bohr Orbit,Easy,Statement-based MCQ
NEET27-CHEM-0145,2,Aufbau Principle,Easy,Statement-based MCQ
NEET27-CHEM-0146,2,Orbital Node,Difficult,Statement-based MCQ
NEET27-CHEM-0147,2,Photoelectric effect,Medium,Conceptual/application MCQ
NEET27-CHEM-0148,2,Azimuthal Quantum Number,Medium,Conceptual/application MCQ
NEET27-CHEM-0149,2,De Broglie Relation,Easy,Direct recall MCQ
NEET27-CHEM-0150,2,Electronic configuration,Medium,Conceptual/application MCQ
NEET27-CHEM-0151,2,Electron,Easy,Direct recall MCQ
NEET27-CHEM-0152,2,Principal Quantum Number,Easy,Statement-based MCQ
NEET27-CHEM-0153,2,Rutherford Model,Difficult,Statement-based MCQ
NEET27-CHEM-0154,2,Dual nature,Medium,Statement-based MCQ
NEET27-CHEM-0155,2,Hund Rule,Easy,Statement-based MCQ
NEET27-CHEM-0156,2,Pauli Exclusion Principle,Difficult,Sequence/match MCQ
NEET27-CHEM-0157,2,Magnetic Quantum Number,Difficult,Statement-based MCQ
NEET27-CHEM-0158,2,Quantum numbers,Easy,Direct recall MCQ
NEET27-CHEM-0159,2,Isoelectronic Species,Easy,Statement-based MCQ
NEET27-CHEM-0160,2,Aufbau Principle,Difficult,Statement-based MCQ
NEET27-CHEM-0161,2,Dual nature,Medium,Conceptual/application MCQ
NEET27-CHEM-0162,2,Isoelectronic Species,Difficult,Sequence/match MCQ
NEET27-CHEM-0163,2,Rutherford Model,Easy,Statement-based MCQ
NEET27-CHEM-0164,2,Proton,Easy,Statement-based MCQ
NEET27-CHEM-0165,2,Hund Rule,Difficult,Statement-based MCQ
NEET27-CHEM-0166,2,Proton,Difficult,Sequence/match MCQ
NEET27-CHEM-0167,2,Bohr Orbit,Difficult,Statement-based MCQ
NEET27-CHEM-0168,2,Quantum numbers,Medium,Conceptual/application MCQ
NEET27-CHEM-0169,2,Spin Quantum Number,Difficult,Statement-based MCQ
NEET27-CHEM-0170,2,De Broglie Relation,Difficult,Statement-based MCQ
NEET27-CHEM-0171,2,Heisenberg Uncertainty Principle,Difficult,Sequence/match MCQ
NEET27-CHEM-0172,2,Principal Quantum Number,Medium,Conceptual/application MCQ
NEET27-CHEM-0173,2,Atomic orbitals,Medium,Structure/diagram MCQ
NEET27-CHEM-0174,2,Orbital Node,Easy,Direct recall MCQ
NEET27-CHEM-0175,2,Electronic configuration,Medium,Conceptual/application MCQ
NEET27-CHEM-0176,2,Neutron,Difficult,Sequence/match MCQ
NEET27-CHEM-0177,2,Proton,Easy,Direct recall MCQ
NEET27-CHEM-0178,2,Heisenberg Uncertainty Principle,Medium,Conceptual/application MCQ
NEET27-CHEM-0179,2,Neutron,Difficult,Statement-based MCQ
NEET27-CHEM-0180,2,De Broglie Relation,Easy,Statement-based MCQ
NEET27-CHEM-0181,3,Pi Bond,Easy,Statement-based MCQ
NEET27-CHEM-0182,3,Resonance,Easy,Statement-based MCQ
NEET27-CHEM-0183,3,VSEPR theory,Easy,Structure/diagram MCQ
NEET27-CHEM-0184,3,Valence-bond theory,Medium,Structure/diagram MCQ
NEET27-CHEM-0185,3,VSEPR theory,Easy,Structure/diagram MCQ
NEET27-CHEM-0186,3,Pi Bond,Difficult,Sequence/match MCQ
NEET27-CHEM-0187,3,Bonding concepts,Medium,Statement-based MCQ
NEET27-CHEM-0188,3,Resonance,Difficult,Sequence/match MCQ
NEET27-CHEM-0189,3,Molecular-orbital theory,Medium,One-step numerical MCQ
NEET27-CHEM-0190,3,VSEPR theory,Easy,Structure/diagram MCQ
NEET27-CHEM-0191,3,Sigma Bond,Easy,Direct recall MCQ
NEET27-CHEM-0192,3,Bond polarity,Medium,Conceptual/application MCQ
NEET27-CHEM-0193,3,Coordinate Bond,Easy,Statement-based MCQ
NEET27-CHEM-0194,3,Molecular-orbital theory,Medium,One-step numerical MCQ
NEET27-CHEM-0195,3,Bond Order,Difficult,Sequence/match MCQ
NEET27-CHEM-0196,3,Covalent Bond,Easy,Direct recall MCQ
NEET27-CHEM-0197,3,Molecular-orbital theory,Medium,One-step numerical MCQ
NEET27-CHEM-0198,3,Molecular-orbital theory,Medium,Conceptual/application MCQ
NEET27-CHEM-0199,3,Sp Hybridization,Difficult,Structure/diagram MCQ
NEET27-CHEM-0200,3,Molecular-orbital theory,Medium,Conceptual/application MCQ
NEET27-CHEM-0201,3,Molecular-orbital theory,Medium,Conceptual/application MCQ
NEET27-CHEM-0202,3,Covalent Bond,Difficult,Sequence/match MCQ
NEET27-CHEM-0203,3,VSEPR theory,Easy,Structure/diagram MCQ
NEET27-CHEM-0204,3,Sp Hybridization,Easy,Statement-based MCQ
NEET27-CHEM-0205,3,Hydrogen Bonding,Easy,Statement-based MCQ
NEET27-CHEM-0206,3,Ionic Bond,Difficult,Statement-based MCQ
NEET27-CHEM-0207,3,Sigma Bond,Easy,Statement-based MCQ
NEET27-CHEM-0208,3,sp³ Hybridization,Easy,Direct recall MCQ
NEET27-CHEM-0209,3,Octet Rule,Difficult,Statement-based MCQ
NEET27-CHEM-0210,3,Octet Rule,Easy,Statement-based MCQ
NEET27-CHEM-0211,3,sp³ Hybridization,Difficult,Sequence/match MCQ
NEET27-CHEM-0212,3,Bond polarity,Medium,Conceptual/application MCQ
NEET27-CHEM-0213,3,Bonding concepts,Medium,Statement-based MCQ
NEET27-CHEM-0214,3,Formal Charge,Easy,Statement-based MCQ
NEET27-CHEM-0215,3,Pi Bond,Difficult,Statement-based MCQ
NEET27-CHEM-0216,3,Formal Charge,Difficult,Sequence/match MCQ
NEET27-CHEM-0217,3,Molecular-orbital theory,Medium,One-step numerical MCQ
NEET27-CHEM-0218,3,Sp Hybridization,Difficult,Sequence/match MCQ
NEET27-CHEM-0219,3,Formal Charge,Medium,Conceptual/application MCQ
NEET27-CHEM-0220,3,Octet Rule,Difficult,Sequence/match MCQ
NEET27-CHEM-0221,3,Bonding concepts,Medium,Statement-based MCQ
NEET27-CHEM-0222,3,Valence-bond theory,Medium,Structure/diagram MCQ
NEET27-CHEM-0223,3,sp³d Hybridization,Easy,Statement-based MCQ
NEET27-CHEM-0224,3,Coordinate Bond,Difficult,Sequence/match MCQ
NEET27-CHEM-0225,3,sp² Hybridization,Difficult,Structure/diagram MCQ
NEET27-CHEM-0226,3,Valence-bond theory,Medium,Structure/diagram MCQ
NEET27-CHEM-0227,3,Molecular-orbital theory,Medium,One-step numerical MCQ
NEET27-CHEM-0228,3,Valence-bond theory,Medium,Structure/diagram MCQ
NEET27-CHEM-0229,3,Covalent Bond,Easy,Statement-based MCQ
NEET27-CHEM-0230,3,VSEPR theory,Easy,Structure/diagram MCQ
NEET27-CHEM-0231,3,Molecular-orbital theory,Medium,One-step numerical MCQ
NEET27-CHEM-0232,3,sp³ Hybridization,Difficult,Structure/diagram MCQ
NEET27-CHEM-0233,3,Ionic Bond,Difficult,Sequence/match MCQ
NEET27-CHEM-0234,3,Sp Hybridization,Easy,Direct recall MCQ
NEET27-CHEM-0235,3,Octet Rule,Easy,Direct recall MCQ
NEET27-CHEM-0236,3,Valence-bond theory,Medium,Structure/diagram MCQ
NEET27-CHEM-0237,3,Valence-bond theory,Medium,Structure/diagram MCQ
NEET27-CHEM-0238,3,Coordinate Bond,Medium,Conceptual/application MCQ
NEET27-CHEM-0239,3,Molecular-orbital theory,Medium,Conceptual/application MCQ
NEET27-CHEM-0240,3,Valence-bond theory,Medium,Structure/diagram MCQ
NEET27-CHEM-0241,3,Molecular-orbital theory,Medium,Conceptual/application MCQ
NEET27-CHEM-0242,3,Valence-bond theory,Medium,Structure/diagram MCQ
NEET27-CHEM-0243,3,Bond Order,Easy,Statement-based MCQ
NEET27-CHEM-0244,3,VSEPR theory,Easy,Structure/diagram MCQ
NEET27-CHEM-0245,3,Bonding concepts,Medium,Statement-based MCQ
NEET27-CHEM-0246,3,sp³d² Hybridization,Easy,Direct recall MCQ
NEET27-CHEM-0247,3,Molecular-orbital theory,Medium,Conceptual/application MCQ
NEET27-CHEM-0248,3,Bond Order,Easy,Direct recall MCQ
NEET27-CHEM-0249,3,Resonance,Difficult,Statement-based MCQ
NEET27-CHEM-0250,3,Hydrogen Bonding,Difficult,Statement-based MCQ
NEET27-CHEM-0251,3,Vsepr Theory,Difficult,Sequence/match MCQ
NEET27-CHEM-0252,3,Vsepr Theory,Medium,Sequence/match MCQ
NEET27-CHEM-0253,3,Bonding concepts,Medium,Statement-based MCQ
NEET27-CHEM-0254,3,sp³d² Hybridization,Easy,Statement-based MCQ
NEET27-CHEM-0255,3,Molecular-orbital theory,Medium,Conceptual/application MCQ
NEET27-CHEM-0256,3,sp² Hybridization,Easy,Direct recall MCQ
NEET27-CHEM-0257,3,sp² Hybridization,Difficult,Sequence/match MCQ
NEET27-CHEM-0258,3,VSEPR theory,Easy,Structure/diagram MCQ
NEET27-CHEM-0259,3,Vsepr Theory,Easy,Direct recall MCQ
NEET27-CHEM-0260,3,sp³d Hybridization,Difficult,Sequence/match MCQ
NEET27-CHEM-0261,3,Bond polarity,Medium,Conceptual/application MCQ
NEET27-CHEM-0262,3,Bonding concepts,Medium,Statement-based MCQ
NEET27-CHEM-0263,3,Ionic Bond,Easy,Direct recall MCQ
NEET27-CHEM-0264,3,sp³d² Hybridization,Difficult,Statement-based MCQ
NEET27-CHEM-0265,3,Molecular-orbital theory,Medium,Conceptual/application MCQ
NEET27-CHEM-0266,3,Bond Order,Difficult,Statement-based MCQ
NEET27-CHEM-0267,3,Vsepr Theory,Difficult,Sequence/match MCQ
NEET27-CHEM-0268,3,Bonding concepts,Medium,Statement-based MCQ
NEET27-CHEM-0269,3,Formal Charge,Difficult,Statement-based MCQ
NEET27-CHEM-0270,3,Pi Bond,Easy,Direct recall MCQ
NEET27-CHEM-0271,3,sp² Hybridization,Easy,Statement-based MCQ
NEET27-CHEM-0272,3,Valence-bond theory,Medium,Structure/diagram MCQ
NEET27-CHEM-0273,3,Sigma Bond,Difficult,Statement-based MCQ
NEET27-CHEM-0274,3,sp³d² Hybridization,Difficult,Sequence/match MCQ
NEET27-CHEM-0275,3,Molecular-orbital theory,Medium,One-step numerical MCQ
NEET27-CHEM-0276,3,Molecular-orbital theory,Medium,One-step numerical MCQ
NEET27-CHEM-0277,3,Bond polarity,Medium,Conceptual/application MCQ
NEET27-CHEM-0278,3,sp³ Hybridization,Easy,Statement-based MCQ
NEET27-CHEM-0279,3,VSEPR theory,Easy,Structure/diagram MCQ
NEET27-CHEM-0280,3,Hydrogen Bonding,Difficult,Sequence/match MCQ
NEET27-CHEM-0281,3,Resonance,Easy,Direct recall MCQ
NEET27-CHEM-0282,3,Covalent Bond,Difficult,Statement-based MCQ
NEET27-CHEM-0283,3,Ionic Bond,Easy,Statement-based MCQ
NEET27-CHEM-0284,3,Coordinate Bond,Difficult,Statement-based MCQ
NEET27-CHEM-0285,3,sp³d Hybridization,Difficult,Statement-based MCQ
NEET27-CHEM-0286,3,sp³d Hybridization,Medium,Conceptual/application MCQ
NEET27-CHEM-0287,3,VSEPR theory,Easy,Structure/diagram MCQ
NEET27-CHEM-0288,3,Sigma Bond,Difficult,Sequence/match MCQ
NEET27-CHEM-0289,4,Pressure-Volume Work,Difficult,Statement-based MCQ
NEET27-CHEM-0290,4,Path Function,Medium,Sequence/match MCQ
NEET27-CHEM-0291,4,Gibbs Energy,Easy,Statement-based MCQ
NEET27-CHEM-0292,4,Equilibrium And Gibbs Energy,Medium,Conceptual/application MCQ
NEET27-CHEM-0293,4,Hess Law,Medium,Statement-based MCQ
NEET27-CHEM-0294,4,Bond Enthalpy Estimate,Easy,Statement-based MCQ
NEET27-CHEM-0295,4,Hess Law,Easy,Statement-based MCQ
NEET27-CHEM-0296,4,Standard Enthalpy Of Formation,Easy,Statement-based MCQ
NEET27-CHEM-0297,4,Adiabatic Process,Easy,Direct recall MCQ
NEET27-CHEM-0298,4,Hess Law,Difficult,Statement-based MCQ
NEET27-CHEM-0299,4,Entropy,Easy,Direct recall MCQ
NEET27-CHEM-0300,4,Standard Gibbs Relation,Difficult,Statement-based MCQ
NEET27-CHEM-0301,4,Standard Enthalpy Of Formation,Easy,Statement-based MCQ
NEET27-CHEM-0302,4,Spontaneous Process,Difficult,Statement-based MCQ
NEET27-CHEM-0303,4,Spontaneous Process,Easy,Direct recall MCQ
NEET27-CHEM-0304,4,Exothermic Process,Easy,Direct recall MCQ
NEET27-CHEM-0305,4,Heat Capacity,Medium,Sequence/match MCQ
NEET27-CHEM-0306,4,Second Law,Easy,Statement-based MCQ
NEET27-CHEM-0307,4,Enthalpy,Easy,Direct recall MCQ
NEET27-CHEM-0308,4,State Function,Easy,Direct recall MCQ
NEET27-CHEM-0309,4,Hess Law,Difficult,Statement-based MCQ
NEET27-CHEM-0310,4,Second Law,Easy,Direct recall MCQ
NEET27-CHEM-0311,4,Reversible Process,Medium,Statement-based MCQ
NEET27-CHEM-0312,4,Irreversible Process,Easy,Direct recall MCQ
NEET27-CHEM-0313,4,Adiabatic Process,Difficult,Sequence/match MCQ
NEET27-CHEM-0314,4,Endothermic Process,Difficult,Statement-based MCQ
NEET27-CHEM-0315,4,Heat Capacity,Easy,Statement-based MCQ
NEET27-CHEM-0316,4,Exothermic Process,Easy,Statement-based MCQ
NEET27-CHEM-0317,4,Adiabatic Process,Easy,Statement-based MCQ
NEET27-CHEM-0318,4,Reversible Process,Easy,Statement-based MCQ
NEET27-CHEM-0319,4,Irreversible Process,Easy,Statement-based MCQ
NEET27-CHEM-0320,4,Adiabatic Process,Difficult,Statement-based MCQ
NEET27-CHEM-0321,4,Gibbs Energy,Difficult,Statement-based MCQ
NEET27-CHEM-0322,4,Entropy,Medium,Sequence/match MCQ
NEET27-CHEM-0323,4,Enthalpy,Difficult,Sequence/match MCQ
NEET27-CHEM-0324,4,Reversible Process,Easy,Statement-based MCQ
NEET27-CHEM-0325,4,Second Law,Difficult,Statement-based MCQ
NEET27-CHEM-0326,4,Reversible Process,Medium,Conceptual/application MCQ
NEET27-CHEM-0327,4,Irreversible Process,Easy,Statement-based MCQ
NEET27-CHEM-0328,4,Enthalpy,Difficult,Statement-based MCQ
NEET27-CHEM-0329,4,Exothermic Process,Difficult,Statement-based MCQ
NEET27-CHEM-0330,4,Standard Enthalpy Of Formation,Difficult,Statement-based MCQ
NEET27-CHEM-0331,4,Standard Enthalpy Of Formation,Difficult,Sequence/match MCQ
NEET27-CHEM-0332,4,Reversible Process,Medium,Sequence/match MCQ
NEET27-CHEM-0333,4,Spontaneous Process,Easy,Statement-based MCQ
NEET27-CHEM-0334,4,Heat Capacity,Difficult,Statement-based MCQ
NEET27-CHEM-0335,4,Gibbs Energy,Difficult,Sequence/match MCQ
NEET27-CHEM-0336,4,Irreversible Process,Difficult,Statement-based MCQ
NEET27-CHEM-0337,4,Entropy,Difficult,Statement-based MCQ
NEET27-CHEM-0338,4,Equilibrium And Gibbs Energy,Easy,Statement-based MCQ
NEET27-CHEM-0339,4,Internal Energy,Easy,Statement-based MCQ
NEET27-CHEM-0340,4,Pressure-Volume Work,Easy,Statement-based MCQ
NEET27-CHEM-0341,4,Irreversible Process,Medium,Sequence/match MCQ
NEET27-CHEM-0342,4,Path Function,Easy,Statement-based MCQ
NEET27-CHEM-0343,4,Bond Enthalpy Estimate,Difficult,Sequence/match MCQ
NEET27-CHEM-0344,4,Spontaneous Process,Medium,Sequence/match MCQ
NEET27-CHEM-0345,4,Equilibrium And Gibbs Energy,Medium,Statement-based MCQ
NEET27-CHEM-0346,4,Gibbs Energy,Difficult,Statement-based MCQ
NEET27-CHEM-0347,4,Path Function,Easy,Direct recall MCQ
NEET27-CHEM-0348,4,Standard Gibbs Relation,Difficult,Statement-based MCQ
NEET27-CHEM-0349,4,Bond Enthalpy Estimate,Difficult,Sequence/match MCQ
NEET27-CHEM-0350,4,Endothermic Process,Medium,Sequence/match MCQ
NEET27-CHEM-0351,4,Standard Enthalpy Of Formation,Medium,Conceptual/application MCQ
NEET27-CHEM-0352,4,Standard Gibbs Relation,Medium,Sequence/match MCQ
NEET27-CHEM-0353,4,Entropy,Easy,Statement-based MCQ
NEET27-CHEM-0354,4,Internal Energy,Difficult,Statement-based MCQ
NEET27-CHEM-0355,4,Heat Capacity,Difficult,Sequence/match MCQ
NEET27-CHEM-0356,4,Gibbs Energy,Easy,Direct recall MCQ
NEET27-CHEM-0357,4,Bond Enthalpy Estimate,Easy,Statement-based MCQ
NEET27-CHEM-0358,4,Reversible Process,Difficult,Statement-based MCQ
NEET27-CHEM-0359,4,Enthalpy,Easy,Statement-based MCQ
NEET27-CHEM-0360,4,Heat Capacity,Easy,Statement-based MCQ
NEET27-CHEM-0361,4,Pressure-Volume Work,Easy,Statement-based MCQ
NEET27-CHEM-0362,4,State Function,Medium,Statement-based MCQ
NEET27-CHEM-0363,4,Second Law,Medium,Sequence/match MCQ
NEET27-CHEM-0364,4,Standard Enthalpy Of Formation,Difficult,Sequence/match MCQ
NEET27-CHEM-0365,4,Enthalpy,Medium,Statement-based MCQ
NEET27-CHEM-0366,4,Pressure-Volume Work,Difficult,Sequence/match MCQ
NEET27-CHEM-0367,4,Endothermic Process,Easy,Direct recall MCQ
NEET27-CHEM-0368,4,Internal Energy,Difficult,Sequence/match MCQ
NEET27-CHEM-0369,4,Equilibrium And Gibbs Energy,Difficult,Statement-based MCQ
NEET27-CHEM-0370,4,Gibbs Energy,Difficult,Statement-based MCQ
NEET27-CHEM-0371,4,Standard Gibbs Relation,Easy,Statement-based MCQ
NEET27-CHEM-0372,4,Second Law,Difficult,Sequence/match MCQ
NEET27-CHEM-0373,4,Spontaneous Process,Easy,Statement-based MCQ
NEET27-CHEM-0374,4,Entropy,Medium,Statement-based MCQ
NEET27-CHEM-0375,4,Endothermic Process,Difficult,Sequence/match MCQ
NEET27-CHEM-0376,4,Entropy,Easy,Statement-based MCQ
NEET27-CHEM-0377,4,Standard Gibbs Relation,Difficult,Sequence/match MCQ
NEET27-CHEM-0378,4,Internal Energy,Easy,Direct recall MCQ
NEET27-CHEM-0379,4,Exothermic Process,Medium,Sequence/match MCQ
NEET27-CHEM-0380,4,Hess Law,Medium,Sequence/match MCQ
NEET27-CHEM-0381,4,Exothermic Process,Easy,Statement-based MCQ
NEET27-CHEM-0382,4,Bond Enthalpy Estimate,Difficult,Statement-based MCQ
NEET27-CHEM-0383,4,Equilibrium And Gibbs Energy,Difficult,Statement-based MCQ
NEET27-CHEM-0384,4,Pressure-Volume Work,Easy,Direct recall MCQ
NEET27-CHEM-0385,4,Spontaneous Process,Difficult,Statement-based MCQ
NEET27-CHEM-0386,4,Exothermic Process,Difficult,Statement-based MCQ
NEET27-CHEM-0387,4,Endothermic Process,Easy,Statement-based MCQ
NEET27-CHEM-0388,4,Standard Gibbs Relation,Easy,Direct recall MCQ
NEET27-CHEM-0389,4,Path Function,Easy,Statement-based MCQ
NEET27-CHEM-0390,4,Heat Capacity,Easy,Direct recall MCQ
NEET27-CHEM-0391,4,Adiabatic Process,Easy,Statement-based MCQ
NEET27-CHEM-0392,4,Second Law,Easy,Statement-based MCQ
NEET27-CHEM-0393,4,Irreversible Process,Difficult,Sequence/match MCQ
NEET27-CHEM-0394,4,State Function,Medium,Sequence/match MCQ
NEET27-CHEM-0395,4,Hess Law,Easy,Direct recall MCQ
NEET27-CHEM-0396,4,Internal Energy,Medium,Statement-based MCQ
NEET27-CHEM-0397,5,Positive Deviation From Raoult Law,Easy,Statement-based MCQ
NEET27-CHEM-0398,5,Henry Law,Easy,Statement-based MCQ
NEET27-CHEM-0399,5,Maximum-Boiling Azeotrope,Difficult,Sequence/match MCQ
NEET27-CHEM-0400,5,Solubility,Medium,Sequence/match MCQ
NEET27-CHEM-0401,5,Negative Deviation From Raoult Law,Easy,Statement-based MCQ
NEET27-CHEM-0402,5,Van'T Hoff Factor,Difficult,Statement-based MCQ
NEET27-CHEM-0403,5,Van'T Hoff Factor,Medium,Statement-based MCQ
NEET27-CHEM-0404,5,Ideal Solution,Easy,Statement-based MCQ
NEET27-CHEM-0405,5,Relative Lowering Of Vapour Pressure,Medium,Conceptual/application MCQ
NEET27-CHEM-0406,5,Abnormal Molar Mass,Difficult,Statement-based MCQ
NEET27-CHEM-0407,5,Positive Deviation From Raoult Law,Medium,Conceptual/application MCQ
NEET27-CHEM-0408,5,Osmotic Pressure,Easy,Statement-based MCQ
NEET27-CHEM-0409,5,Depression Of Freezing Point,Medium,Conceptual/application MCQ
NEET27-CHEM-0410,5,Abnormal Molar Mass,Easy,Statement-based MCQ
NEET27-CHEM-0411,5,Osmotic Pressure,Difficult,Sequence/match MCQ
NEET27-CHEM-0412,5,Colligative Property,Easy,Statement-based MCQ
NEET27-CHEM-0413,5,Maximum-Boiling Azeotrope,Medium,Conceptual/application MCQ
NEET27-CHEM-0414,5,Minimum-Boiling Azeotrope,Easy,Statement-based MCQ
NEET27-CHEM-0415,5,Colligative Property,Difficult,Statement-based MCQ
NEET27-CHEM-0416,5,Henry Law,Easy,Statement-based MCQ
NEET27-CHEM-0417,5,Colligative Property,Difficult,Statement-based MCQ
NEET27-CHEM-0418,5,Van'T Hoff Factor,Easy,Statement-based MCQ
NEET27-CHEM-0419,5,Henry Law,Medium,Conceptual/application MCQ
NEET27-CHEM-0420,5,Negative Deviation From Raoult Law,Medium,Conceptual/application MCQ
NEET27-CHEM-0421,5,Azeotrope,Difficult,Sequence/match MCQ
NEET27-CHEM-0422,5,Maximum-Boiling Azeotrope,Easy,Statement-based MCQ
NEET27-CHEM-0423,5,Azeotrope,Easy,Statement-based MCQ
NEET27-CHEM-0424,5,Osmotic Pressure,Easy,Direct recall MCQ
NEET27-CHEM-0425,5,Azeotrope,Easy,Statement-based MCQ
NEET27-CHEM-0426,5,Molarity,Easy,Direct recall MCQ
NEET27-CHEM-0427,5,Relative Lowering Of Vapour Pressure,Difficult,Sequence/match MCQ
NEET27-CHEM-0428,5,Raoult Law,Medium,Sequence/match MCQ
NEET27-CHEM-0429,5,Relative Lowering Of Vapour Pressure,Easy,Statement-based MCQ
NEET27-CHEM-0430,5,Mole Fraction,Medium,Statement-based MCQ
NEET27-CHEM-0431,5,Colligative Property,Medium,Conceptual/application MCQ
NEET27-CHEM-0432,5,Elevation Of Boiling Point,Difficult,Statement-based MCQ
NEET27-CHEM-0433,5,Abnormal Molar Mass,Medium,Conceptual/application MCQ
NEET27-CHEM-0434,5,Azeotrope,Medium,Statement-based MCQ
NEET27-CHEM-0435,5,Ideal Solution,Easy,Direct recall MCQ
NEET27-CHEM-0436,5,Negative Deviation From Raoult Law,Difficult,Sequence/match MCQ
NEET27-CHEM-0437,5,Raoult Law,Easy,Statement-based MCQ
NEET27-CHEM-0438,5,Elevation Of Boiling Point,Medium,Sequence/match MCQ
NEET27-CHEM-0439,5,Ideal Solution,Medium,Sequence/match MCQ
NEET27-CHEM-0440,5,Elevation Of Boiling Point,Difficult,Statement-based MCQ
NEET27-CHEM-0441,5,Elevation Of Boiling Point,Easy,Statement-based MCQ
NEET27-CHEM-0442,5,Depression Of Freezing Point,Difficult,Sequence/match MCQ
NEET27-CHEM-0443,5,Ideal Solution,Easy,Statement-based MCQ
NEET27-CHEM-0444,5,Elevation Of Boiling Point,Difficult,Statement-based MCQ
NEET27-CHEM-0445,5,Minimum-Boiling Azeotrope,Difficult,Sequence/match MCQ
NEET27-CHEM-0446,5,Abnormal Molar Mass,Medium,Sequence/match MCQ
NEET27-CHEM-0447,5,Osmotic Pressure,Difficult,Statement-based MCQ
NEET27-CHEM-0448,5,Raoult Law,Medium,Conceptual/application MCQ
NEET27-CHEM-0449,5,Minimum-Boiling Azeotrope,Difficult,Statement-based MCQ
NEET27-CHEM-0450,5,Concentration expressions,Medium,One-step numerical MCQ
NEET27-CHEM-0451,5,Solubility,Easy,Statement-based MCQ
NEET27-CHEM-0452,5,Elevation Of Boiling Point,Medium,Conceptual/application MCQ
NEET27-CHEM-0453,5,Molality,Easy,Direct recall MCQ
NEET27-CHEM-0454,5,Osmotic Pressure,Medium,Sequence/match MCQ
NEET27-CHEM-0455,5,Depression Of Freezing Point,Difficult,Statement-based MCQ
NEET27-CHEM-0456,5,Van'T Hoff Factor,Easy,Statement-based MCQ
NEET27-CHEM-0457,5,Relative Lowering Of Vapour Pressure,Difficult,Statement-based MCQ
NEET27-CHEM-0458,5,Van'T Hoff Factor,Difficult,Sequence/match MCQ
NEET27-CHEM-0459,5,Maximum-Boiling Azeotrope,Difficult,Statement-based MCQ
NEET27-CHEM-0460,5,Van'T Hoff Factor,Medium,Conceptual/application MCQ
NEET27-CHEM-0461,5,Raoult Law,Easy,Statement-based MCQ
NEET27-CHEM-0462,5,Abnormal Molar Mass,Difficult,Statement-based MCQ
NEET27-CHEM-0463,5,Positive Deviation From Raoult Law,Difficult,Sequence/match MCQ
NEET27-CHEM-0464,5,Henry Law,Difficult,Sequence/match MCQ
NEET27-CHEM-0465,5,Negative Deviation From Raoult Law,Difficult,Statement-based MCQ
NEET27-CHEM-0466,5,Maximum-Boiling Azeotrope,Difficult,Statement-based MCQ
NEET27-CHEM-0467,5,Colligative Property,Difficult,Sequence/match MCQ
NEET27-CHEM-0468,5,Depression Of Freezing Point,Difficult,Statement-based MCQ
NEET27-CHEM-0469,5,Negative Deviation From Raoult Law,Easy,Statement-based MCQ
NEET27-CHEM-0470,5,Azeotrope,Easy,Direct recall MCQ
NEET27-CHEM-0471,5,Relative Lowering Of Vapour Pressure,Difficult,Statement-based MCQ
NEET27-CHEM-0472,5,Minimum-Boiling Azeotrope,Medium,Conceptual/application MCQ
NEET27-CHEM-0473,5,Osmotic Pressure,Difficult,Statement-based MCQ
NEET27-CHEM-0474,5,Colligative Property,Easy,Statement-based MCQ
NEET27-CHEM-0475,5,Minimum-Boiling Azeotrope,Difficult,Sequence/match MCQ
NEET27-CHEM-0476,5,Mole Fraction,Easy,Direct recall MCQ
NEET27-CHEM-0477,5,Azeotrope,Difficult,Statement-based MCQ
NEET27-CHEM-0478,5,Solubility,Medium,Statement-based MCQ
NEET27-CHEM-0479,5,Relative Lowering Of Vapour Pressure,Medium,Sequence/match MCQ
NEET27-CHEM-0480,5,Solubility,Easy,Direct recall MCQ
NEET27-CHEM-0481,5,Positive Deviation From Raoult Law,Medium,Statement-based MCQ
NEET27-CHEM-0482,5,Molarity,Easy,Statement-based MCQ
NEET27-CHEM-0483,5,Depression Of Freezing Point,Medium,Sequence/match MCQ
NEET27-CHEM-0484,5,Minimum-Boiling Azeotrope,Easy,Statement-based MCQ
NEET27-CHEM-0485,5,Depression Of Freezing Point,Easy,Statement-based MCQ
NEET27-CHEM-0486,5,Abnormal Molar Mass,Easy,Statement-based MCQ
NEET27-CHEM-0487,6,pH,Easy,Statement-based MCQ
NEET27-CHEM-0488,6,Ionic Product Of Water,Medium,Conceptual/application MCQ
NEET27-CHEM-0489,6,Reaction quotient,Medium,Reaction/reagent MCQ
NEET27-CHEM-0490,6,Henderson-Hasselbalch Equation,Easy,Statement-based MCQ
NEET27-CHEM-0491,6,Ostwald Dilution Law,Medium,Statement-based MCQ
NEET27-CHEM-0492,6,Acid-Base Indicator,Easy,Statement-based MCQ
NEET27-CHEM-0493,6,Brønsted Acid,Easy,Statement-based MCQ
NEET27-CHEM-0494,6,Henderson-Hasselbalch Equation,Difficult,Sequence/match MCQ
NEET27-CHEM-0495,6,Weak Electrolyte,Easy,Statement-based MCQ
NEET27-CHEM-0496,6,Physical equilibrium,Medium,One-step numerical MCQ
NEET27-CHEM-0497,6,Acidic Buffer,Medium,Statement-based MCQ
NEET27-CHEM-0498,6,Acidic Buffer,Easy,Statement-based MCQ
NEET27-CHEM-0499,6,Strong Electrolyte,Easy,Statement-based MCQ
NEET27-CHEM-0500,6,Chemical equilibrium,Medium,One-step numerical MCQ
NEET27-CHEM-0501,6,Chemical equilibrium,Medium,One-step numerical MCQ
NEET27-CHEM-0502,6,Basic Buffer,Easy,Statement-based MCQ
NEET27-CHEM-0503,6,Solubility Product,Difficult,Statement-based MCQ
NEET27-CHEM-0504,6,Ionic Product Of Water,Medium,Sequence/match MCQ
NEET27-CHEM-0505,6,Le Chatelier principle,Difficult,Conceptual/application MCQ
NEET27-CHEM-0506,6,Brønsted Base,Easy,Direct recall MCQ
NEET27-CHEM-0507,6,Strong Electrolyte,Medium,Conceptual/application MCQ
NEET27-CHEM-0508,6,Weak Electrolyte,Difficult,Statement-based MCQ
NEET27-CHEM-0509,6,Buffer Capacity,Difficult,Sequence/match MCQ
NEET27-CHEM-0510,6,Equivalence Point,Difficult,Sequence/match MCQ
NEET27-CHEM-0511,6,Physical equilibrium,Medium,Conceptual/application MCQ
NEET27-CHEM-0512,6,Chemical equilibrium,Medium,One-step numerical MCQ
NEET27-CHEM-0513,6,Conjugate Acid-Base Pair,Medium,Statement-based MCQ
NEET27-CHEM-0514,6,Amphiprotic Species,Easy,Statement-based MCQ
NEET27-CHEM-0515,6,Acidic Buffer,Medium,Sequence/match MCQ
NEET27-CHEM-0516,6,Equivalence Point,Easy,Statement-based MCQ
NEET27-CHEM-0517,6,Equilibrium constant,Medium,Reaction/reagent MCQ
NEET27-CHEM-0518,6,Le Chatelier principle,Difficult,Conceptual/application MCQ
NEET27-CHEM-0519,6,Basic Buffer,Easy,Statement-based MCQ
NEET27-CHEM-0520,6,Salt Hydrolysis,Easy,Statement-based MCQ
NEET27-CHEM-0521,6,Solubility Product,Easy,Statement-based MCQ
NEET27-CHEM-0522,6,Reaction quotient,Medium,Reaction/reagent MCQ
NEET27-CHEM-0523,6,Equilibrium fundamentals,Medium,Statement-based MCQ
NEET27-CHEM-0524,6,Acid-Base Indicator,Easy,Direct recall MCQ
NEET27-CHEM-0525,6,Buffer Capacity,Difficult,Statement-based MCQ
NEET27-CHEM-0526,6,Solubility Product,Difficult,Sequence/match MCQ
NEET27-CHEM-0527,6,Lewis Base,Easy,Direct recall MCQ
NEET27-CHEM-0528,6,Amphiprotic Species,Easy,Direct recall MCQ
NEET27-CHEM-0529,6,Buffer solutions,Medium,Reaction/reagent MCQ
NEET27-CHEM-0530,6,Lewis concept,Medium,Conceptual/application MCQ
NEET27-CHEM-0531,6,pH,Medium,Sequence/match MCQ
NEET27-CHEM-0532,6,Ionic Product Criterion,Easy,Statement-based MCQ
NEET27-CHEM-0533,6,Solubility product,Medium,Conceptual/application MCQ
NEET27-CHEM-0534,6,Buffer Capacity,Easy,Direct recall MCQ
NEET27-CHEM-0535,6,Equilibrium fundamentals,Medium,Statement-based MCQ
NEET27-CHEM-0536,6,Acidic Buffer,Easy,Statement-based MCQ
NEET27-CHEM-0537,6,Brønsted-Lowry concept,Medium,Conceptual/application MCQ
NEET27-CHEM-0538,6,Acid Dissociation Constant,Easy,Statement-based MCQ
NEET27-CHEM-0539,6,Ionic Product Criterion,Medium,Sequence/match MCQ
NEET27-CHEM-0540,6,Equilibrium constant,Medium,Reaction/reagent MCQ
NEET27-CHEM-0541,6,Brønsted Acid,Medium,Statement-based MCQ
NEET27-CHEM-0542,6,Base Dissociation Constant,Easy,Statement-based MCQ
NEET27-CHEM-0543,6,Conjugate Acid-Base Pair,Medium,Sequence/match MCQ
NEET27-CHEM-0544,6,Common-Ion Effect,Medium,Sequence/match MCQ
NEET27-CHEM-0545,6,Equilibrium fundamentals,Medium,Statement-based MCQ
NEET27-CHEM-0546,6,Le Chatelier principle,Difficult,Conceptual/application MCQ
NEET27-CHEM-0547,6,Acid Dissociation Constant,Difficult,Statement-based MCQ
NEET27-CHEM-0548,6,Acid Dissociation Constant,Medium,Conceptual/application MCQ
NEET27-CHEM-0549,6,Conjugate Acid-Base Pair,Easy,Statement-based MCQ
NEET27-CHEM-0550,6,Equivalence Point,Easy,Direct recall MCQ
NEET27-CHEM-0551,6,Basic Buffer,Easy,Direct recall MCQ
NEET27-CHEM-0552,6,Salt Hydrolysis,Difficult,Statement-based MCQ
NEET27-CHEM-0553,6,Physical equilibrium,Medium,One-step numerical MCQ
NEET27-CHEM-0554,6,Ionic Product Criterion,Medium,Conceptual/application MCQ
NEET27-CHEM-0555,6,Physical equilibrium,Medium,One-step numerical MCQ
NEET27-CHEM-0556,6,Acid Dissociation Constant,Easy,Statement-based MCQ
NEET27-CHEM-0557,6,Conjugate Acid-Base Pair,Easy,Direct recall MCQ
NEET27-CHEM-0558,6,Acid ionisation,Medium,Conceptual/application MCQ
NEET27-CHEM-0559,6,Physical equilibrium,Medium,One-step numerical MCQ
NEET27-CHEM-0560,6,Chemical equilibrium,Medium,One-step numerical MCQ
NEET27-CHEM-0561,6,Equilibrium constant,Medium,Reaction/reagent MCQ
NEET27-CHEM-0562,6,Basic Buffer,Difficult,Statement-based MCQ
NEET27-CHEM-0563,6,Weak Electrolyte,Medium,Statement-based MCQ
NEET27-CHEM-0564,6,Heterogeneous equilibrium,Medium,Conceptual/application MCQ
NEET27-CHEM-0565,6,pH,Easy,Direct recall MCQ
NEET27-CHEM-0566,6,Common-Ion Effect,Easy,Statement-based MCQ
NEET27-CHEM-0567,6,Weak Electrolyte,Difficult,Statement-based MCQ
NEET27-CHEM-0568,6,Le Chatelier principle,Difficult,Conceptual/application MCQ
NEET27-CHEM-0569,6,Thermodynamic equilibrium,Medium,Reaction/reagent MCQ
NEET27-CHEM-0570,6,Henderson-Hasselbalch Equation,Difficult,Statement-based MCQ
NEET27-CHEM-0571,6,Ostwald Dilution Law,Easy,Statement-based MCQ
NEET27-CHEM-0572,6,Reaction quotient,Medium,Reaction/reagent MCQ
NEET27-CHEM-0573,6,Henderson-Hasselbalch Equation,Difficult,Sequence/match MCQ
NEET27-CHEM-0574,6,Salt Hydrolysis,Difficult,Statement-based MCQ
NEET27-CHEM-0575,6,Salt Hydrolysis,Easy,Statement-based MCQ
NEET27-CHEM-0576,6,Acid Dissociation Constant,Difficult,Sequence/match MCQ
NEET27-CHEM-0577,6,Base Dissociation Constant,Medium,Conceptual/application MCQ
NEET27-CHEM-0578,6,Base Dissociation Constant,Easy,Statement-based MCQ
NEET27-CHEM-0579,6,Ionic Product Of Water,Easy,Statement-based MCQ
NEET27-CHEM-0580,6,Chemical equilibrium,Difficult,Statement-based MCQ
NEET27-CHEM-0581,6,Ostwald Dilution Law,Medium,Conceptual/application MCQ
NEET27-CHEM-0582,6,Base Dissociation Constant,Difficult,Statement-based MCQ
NEET27-CHEM-0583,6,Ionic Product Criterion,Easy,Statement-based MCQ
NEET27-CHEM-0584,6,Ionic Product Criterion,Difficult,Sequence/match MCQ
NEET27-CHEM-0585,6,Chemical equilibrium,Medium,One-step numerical MCQ
NEET27-CHEM-0586,6,Amphiprotic Species,Medium,Sequence/match MCQ
NEET27-CHEM-0587,6,Le Chatelier principle,Medium,Conceptual/application MCQ
NEET27-CHEM-0588,6,Weak Electrolyte,Easy,Direct recall MCQ
NEET27-CHEM-0589,6,Ionic equilibrium,Medium,Conceptual/application MCQ
NEET27-CHEM-0590,6,Solubility equilibrium,Medium,Conceptual/application MCQ
NEET27-CHEM-0591,6,Acidic Buffer,Difficult,Statement-based MCQ
NEET27-CHEM-0592,6,Equivalence Point,Medium,Sequence/match MCQ
NEET27-CHEM-0593,6,Buffer Capacity,Difficult,Sequence/match MCQ
NEET27-CHEM-0594,6,Amphiprotic Species,Easy,Statement-based MCQ
NEET27-CHEM-0595,6,Lewis Acid,Medium,Statement-based MCQ
NEET27-CHEM-0596,6,Henderson-Hasselbalch Equation,Medium,Conceptual/application MCQ
NEET27-CHEM-0597,6,Le Chatelier principle,Difficult,Conceptual/application MCQ
NEET27-CHEM-0598,6,Acid-base equilibrium,Medium,One-step numerical MCQ
NEET27-CHEM-0599,6,Strong Electrolyte,Difficult,Sequence/match MCQ
NEET27-CHEM-0600,6,Strong Electrolyte,Easy,Statement-based MCQ
NEET27-CHEM-0601,6,Lewis Acid,Easy,Direct recall MCQ
NEET27-CHEM-0602,6,Water ionisation,Medium,Conceptual/application MCQ
NEET27-CHEM-0603,6,Le Chatelier principle,Difficult,Conceptual/application MCQ
NEET27-CHEM-0604,6,pH,Easy,Statement-based MCQ
NEET27-CHEM-0605,6,Equilibrium constant,Medium,Reaction/reagent MCQ
NEET27-CHEM-0606,6,Salt hydrolysis,Medium,Conceptual/application MCQ
NEET27-CHEM-0607,6,Equilibrium fundamentals,Medium,Statement-based MCQ
NEET27-CHEM-0608,6,Ionic Product Of Water,Easy,Statement-based MCQ
NEET27-CHEM-0609,6,Conjugate Acid-Base Pair,Easy,Statement-based MCQ
NEET27-CHEM-0610,6,Equilibrium constant,Medium,Reaction/reagent MCQ
NEET27-CHEM-0611,6,Amphiprotic Species,Difficult,Statement-based MCQ
NEET27-CHEM-0612,6,Strong Electrolyte,Medium,Sequence/match MCQ
NEET27-CHEM-0613,7,Molar Conductivity,Easy,Direct recall MCQ
NEET27-CHEM-0614,7,Primary Cell,Easy,Direct recall MCQ
NEET27-CHEM-0615,7,Electrolytic Cell,Medium,Sequence/match MCQ
NEET27-CHEM-0616,7,Secondary Cell,Difficult,Sequence/match MCQ
NEET27-CHEM-0617,7,Salt Bridge,Easy,Direct recall MCQ
NEET27-CHEM-0618,7,Oxidizing Agent,Difficult,Sequence/match MCQ
NEET27-CHEM-0619,7,Oxidation Number,Easy,Reaction/reagent MCQ
NEET27-CHEM-0620,7,Basic-Medium Balancing,Easy,Statement-based MCQ
NEET27-CHEM-0621,7,Kohlrausch Law,Medium,Statement-based MCQ
NEET27-CHEM-0622,7,Equilibrium-Cell Relation,Difficult,Statement-based MCQ
NEET27-CHEM-0623,7,Redox Couple,Difficult,Sequence/match MCQ
NEET27-CHEM-0624,7,Cell Potential,Easy,Statement-based MCQ
NEET27-CHEM-0625,7,Equilibrium-Cell Relation,Easy,Statement-based MCQ
NEET27-CHEM-0626,7,Basic-Medium Balancing,Difficult,Sequence/match MCQ
NEET27-CHEM-0627,7,Standard Hydrogen Electrode,Medium,Conceptual/application MCQ
NEET27-CHEM-0628,7,Salt Bridge,Easy,Statement-based MCQ
NEET27-CHEM-0629,7,Half-Reaction Method,Difficult,Sequence/match MCQ
NEET27-CHEM-0630,7,Basic-Medium Balancing,Medium,Conceptual/application MCQ
NEET27-CHEM-0631,7,Primary Cell,Medium,Sequence/match MCQ
NEET27-CHEM-0632,7,Cell Notation,Easy,Statement-based MCQ
NEET27-CHEM-0633,7,Standard Electrode Potential,Difficult,Statement-based MCQ
NEET27-CHEM-0634,7,Disproportionation,Difficult,Statement-based MCQ
NEET27-CHEM-0635,7,Oxidation,Easy,Statement-based MCQ
NEET27-CHEM-0636,7,Electrolytic Cell,Easy,Direct recall MCQ
NEET27-CHEM-0637,7,Auto-Redox Reaction,Easy,Statement-based MCQ
NEET27-CHEM-0638,7,Reducing Agent,Easy,Direct recall MCQ
NEET27-CHEM-0639,7,Equivalent Mass In Redox,Difficult,Sequence/match MCQ
NEET27-CHEM-0640,7,Equilibrium-Cell Relation,Medium,Statement-based MCQ
NEET27-CHEM-0641,7,Secondary Cell,Medium,Sequence/match MCQ
NEET27-CHEM-0642,7,Lead Storage Battery,Medium,Sequence/match MCQ
NEET27-CHEM-0643,7,Gibbs-Cell Relation,Difficult,Statement-based MCQ
NEET27-CHEM-0644,7,Gibbs-Cell Relation,Easy,Direct recall MCQ
NEET27-CHEM-0645,7,Combination Redox Reaction,Easy,Statement-based MCQ
NEET27-CHEM-0646,7,Gibbs-Cell Relation,Easy,Statement-based MCQ
NEET27-CHEM-0647,7,Standard Hydrogen Electrode,Difficult,Statement-based MCQ
NEET27-CHEM-0648,7,Galvanic Cell,Easy,Statement-based MCQ
NEET27-CHEM-0649,7,Acidic-Medium Balancing,Difficult,Statement-based MCQ
NEET27-CHEM-0650,7,Standard Electrode Potential,Easy,Statement-based MCQ
NEET27-CHEM-0651,7,Fuel Cell,Easy,Statement-based MCQ
NEET27-CHEM-0652,7,Electrolytic Cell,Easy,Statement-based MCQ
NEET27-CHEM-0653,7,Oxidation Number,Difficult,Statement-based MCQ
NEET27-CHEM-0654,7,Galvanic Cell,Easy,Direct recall MCQ
NEET27-CHEM-0655,7,Cell Potential,Difficult,Statement-based MCQ
NEET27-CHEM-0656,7,Salt Bridge,Difficult,Statement-based MCQ
NEET27-CHEM-0657,7,Nernst Equation,Easy,Statement-based MCQ
NEET27-CHEM-0658,7,Primary Cell,Difficult,Statement-based MCQ
NEET27-CHEM-0659,7,Oxidation Number,Difficult,Sequence/match MCQ
NEET27-CHEM-0660,7,Electron Balance,Easy,Statement-based MCQ
NEET27-CHEM-0661,7,Redox Couple,Easy,Direct recall MCQ
NEET27-CHEM-0662,7,Half-Reaction Method,Difficult,Statement-based MCQ
NEET27-CHEM-0663,7,Salt Bridge,Difficult,Statement-based MCQ
NEET27-CHEM-0664,7,Standard Hydrogen Electrode,Difficult,Statement-based MCQ
NEET27-CHEM-0665,7,Comproportionation,Difficult,Statement-based MCQ
NEET27-CHEM-0666,7,Standard Hydrogen Electrode,Difficult,Sequence/match MCQ
NEET27-CHEM-0667,7,Reducing Agent,Easy,Statement-based MCQ
NEET27-CHEM-0668,7,Auto-Redox Reaction,Easy,Reaction/reagent MCQ
NEET27-CHEM-0669,7,Disproportionation,Difficult,Sequence/match MCQ
NEET27-CHEM-0670,7,Specific Conductance,Medium,Statement-based MCQ
NEET27-CHEM-0671,7,Oxidation Number,Easy,Statement-based MCQ
NEET27-CHEM-0672,7,Acidic-Medium Balancing,Medium,Conceptual/application MCQ
NEET27-CHEM-0673,7,Galvanic Cell,Medium,Sequence/match MCQ
NEET27-CHEM-0674,7,Reducing Agent,Difficult,Statement-based MCQ
NEET27-CHEM-0675,7,Comproportionation,Difficult,Sequence/match MCQ
NEET27-CHEM-0676,7,Electron Balance,Difficult,Sequence/match MCQ
NEET27-CHEM-0677,7,Combination Redox Reaction,Difficult,Sequence/match MCQ
NEET27-CHEM-0678,7,Acidic-Medium Balancing,Easy,Statement-based MCQ
NEET27-CHEM-0679,7,Auto-Redox Reaction,Difficult,Sequence/match MCQ
NEET27-CHEM-0680,7,Faraday Constant,Easy,Direct recall MCQ
NEET27-CHEM-0681,7,Faraday Constant,Easy,Statement-based MCQ
NEET27-CHEM-0682,7,Equivalent Mass In Redox,Easy,Statement-based MCQ
NEET27-CHEM-0683,7,Oxidizing Agent,Easy,Statement-based MCQ
NEET27-CHEM-0684,7,Basic-Medium Balancing,Difficult,Statement-based MCQ
NEET27-CHEM-0685,7,Equivalent Mass In Redox,Difficult,Statement-based MCQ
NEET27-CHEM-0686,7,Auto-Redox Reaction,Difficult,Statement-based MCQ
NEET27-CHEM-0687,7,Oxidizing Agent,Easy,Direct recall MCQ
NEET27-CHEM-0688,7,Combination Redox Reaction,Difficult,Statement-based MCQ
NEET27-CHEM-0689,7,Equivalent Mass In Redox,Medium,Conceptual/application MCQ
NEET27-CHEM-0690,7,Electron Balance,Medium,Conceptual/application MCQ
NEET27-CHEM-0691,7,Specific Conductance,Easy,Direct recall MCQ
NEET27-CHEM-0692,7,Galvanic Cell,Easy,Statement-based MCQ
NEET27-CHEM-0693,7,Faraday Constant,Medium,Sequence/match MCQ
NEET27-CHEM-0694,7,Displacement Redox Reaction,Medium,Reaction/reagent MCQ
NEET27-CHEM-0695,7,Reduction,Difficult,Statement-based MCQ
NEET27-CHEM-0696,7,Oxidation,Difficult,Statement-based MCQ
NEET27-CHEM-0697,7,Half-Reaction Method,Medium,Reaction/reagent MCQ
NEET27-CHEM-0698,7,Combination Redox Reaction,Medium,Reaction/reagent MCQ
NEET27-CHEM-0699,7,Electrolytic Cell,Difficult,Statement-based MCQ
NEET27-CHEM-0700,7,Comproportionation,Easy,Statement-based MCQ
NEET27-CHEM-0701,7,Displacement Redox Reaction,Difficult,Statement-based MCQ
NEET27-CHEM-0702,7,Oxidation,Easy,Reaction/reagent MCQ
NEET27-CHEM-0703,7,Reduction,Easy,Reaction/reagent MCQ
NEET27-CHEM-0704,7,Disproportionation,Easy,Statement-based MCQ
NEET27-CHEM-0705,7,Displacement Redox Reaction,Difficult,Sequence/match MCQ
NEET27-CHEM-0706,7,Acidic-Medium Balancing,Difficult,Sequence/match MCQ
NEET27-CHEM-0707,7,Oxidizing Agent,Difficult,Statement-based MCQ
NEET27-CHEM-0708,7,Redox Couple,Easy,Statement-based MCQ
NEET27-CHEM-0709,7,Half-Reaction Method,Easy,Statement-based MCQ
NEET27-CHEM-0710,7,Kohlrausch Law,Easy,Direct recall MCQ
NEET27-CHEM-0711,7,Electrolytic Cell,Easy,Statement-based MCQ
NEET27-CHEM-0712,7,Reduction,Difficult,Sequence/match MCQ
NEET27-CHEM-0713,7,Electron Balance,Difficult,Statement-based MCQ
NEET27-CHEM-0714,7,Reducing Agent,Difficult,Sequence/match MCQ
NEET27-CHEM-0715,7,Oxidation,Difficult,Sequence/match MCQ
NEET27-CHEM-0716,7,Displacement Redox Reaction,Easy,Statement-based MCQ
NEET27-CHEM-0717,7,Reduction,Easy,Statement-based MCQ
NEET27-CHEM-0718,7,Disproportionation,Medium,Conceptual/application MCQ
NEET27-CHEM-0719,7,Comproportionation,Medium,Conceptual/application MCQ
NEET27-CHEM-0720,7,Redox Couple,Difficult,Statement-based MCQ
NEET27-CHEM-0721,8,Zero-Order Reaction,Easy,Statement-based MCQ
NEET27-CHEM-0722,8,Molecularity,Easy,Direct recall MCQ
NEET27-CHEM-0723,8,Integrated Rate Law,Easy,Statement-based MCQ
NEET27-CHEM-0724,8,Steric Factor,Easy,Statement-based MCQ
NEET27-CHEM-0725,8,Rate Constant,Medium,Sequence/match MCQ
NEET27-CHEM-0726,8,Rate Law,Easy,Direct recall MCQ
NEET27-CHEM-0727,8,Collision Frequency,Difficult,Statement-based MCQ
NEET27-CHEM-0728,8,Order Of Reaction,Medium,Statement-based MCQ
NEET27-CHEM-0729,8,Heterogeneous Catalyst,Difficult,Statement-based MCQ
NEET27-CHEM-0730,8,Collision Frequency,Difficult,Sequence/match MCQ
NEET27-CHEM-0731,8,Homogeneous Catalyst,Easy,Statement-based MCQ
NEET27-CHEM-0732,8,Arrhenius Equation,Easy,Direct recall MCQ
NEET27-CHEM-0733,8,Collision Frequency,Difficult,Statement-based MCQ
NEET27-CHEM-0734,8,Pseudo-First-Order Reaction,Easy,Statement-based MCQ
NEET27-CHEM-0735,8,Threshold Energy,Difficult,Sequence/match MCQ
NEET27-CHEM-0736,8,Heterogeneous Catalyst,Medium,Sequence/match MCQ
NEET27-CHEM-0737,8,Heterogeneous Catalyst,Easy,Direct recall MCQ
NEET27-CHEM-0738,8,Pseudo-First-Order Reaction,Difficult,Statement-based MCQ
NEET27-CHEM-0739,8,Steric Factor,Medium,Sequence/match MCQ
NEET27-CHEM-0740,8,Arrhenius Equation,Difficult,Sequence/match MCQ
NEET27-CHEM-0741,8,Steric Factor,Easy,Direct recall MCQ
NEET27-CHEM-0742,8,Units Of First-Order K,Difficult,Statement-based MCQ
NEET27-CHEM-0743,8,Pseudo-First-Order Reaction,Medium,Statement-based MCQ
NEET27-CHEM-0744,8,Homogeneous Catalyst,Difficult,Sequence/match MCQ
NEET27-CHEM-0745,8,Catalyst,Easy,Statement-based MCQ
NEET27-CHEM-0746,8,First-Order Reaction,Easy,Statement-based MCQ
NEET27-CHEM-0747,8,Rate-Determining Step,Medium,Conceptual/application MCQ
NEET27-CHEM-0748,8,Threshold Energy,Difficult,Statement-based MCQ
NEET27-CHEM-0749,8,First-Order Reaction,Medium,Reaction/reagent MCQ
NEET27-CHEM-0750,8,Collision Frequency,Easy,Statement-based MCQ
NEET27-CHEM-0751,8,Units Of First-Order K,Easy,Direct recall MCQ
NEET27-CHEM-0752,8,Catalyst,Easy,Statement-based MCQ
NEET27-CHEM-0753,8,Zero-Order Half-Life,Difficult,Statement-based MCQ
NEET27-CHEM-0754,8,Catalyst,Medium,Sequence/match MCQ
NEET27-CHEM-0755,8,Rate-Determining Step,Difficult,Statement-based MCQ
NEET27-CHEM-0756,8,Integrated Rate Law,Difficult,Statement-based MCQ
NEET27-CHEM-0757,8,Heterogeneous Catalyst,Easy,Statement-based MCQ
NEET27-CHEM-0758,8,Integrated Rate Law,Medium,Sequence/match MCQ
NEET27-CHEM-0759,8,Instantaneous Rate,Medium,Statement-based MCQ
NEET27-CHEM-0760,8,Units Of First-Order K,Medium,Sequence/match MCQ
NEET27-CHEM-0761,8,Catalyst,Difficult,Statement-based MCQ
NEET27-CHEM-0762,8,Rate-Determining Step,Difficult,Sequence/match MCQ
NEET27-CHEM-0763,8,Integrated Rate Law,Medium,Conceptual/application MCQ
NEET27-CHEM-0764,8,Rate Constant,Difficult,Statement-based MCQ
NEET27-CHEM-0765,8,Rate Constant,Easy,Direct recall MCQ
NEET27-CHEM-0766,8,Zero-Order Half-Life,Easy,Statement-based MCQ
NEET27-CHEM-0767,8,Homogeneous Catalyst,Medium,Sequence/match MCQ
NEET27-CHEM-0768,8,Zero-Order Reaction,Difficult,Sequence/match MCQ
NEET27-CHEM-0769,8,Activation Energy,Difficult,Statement-based MCQ
NEET27-CHEM-0770,8,Threshold Energy,Difficult,Statement-based MCQ
NEET27-CHEM-0771,8,Zero-Order Reaction,Medium,Statement-based MCQ
NEET27-CHEM-0772,8,Heterogeneous Catalyst,Easy,Statement-based MCQ
NEET27-CHEM-0773,8,First-Order Reaction,Difficult,Statement-based MCQ
NEET27-CHEM-0774,8,Zero-Order Reaction,Easy,Statement-based MCQ
NEET27-CHEM-0775,8,Activation Energy,Easy,Statement-based MCQ
NEET27-CHEM-0776,8,Integrated Rate Law,Difficult,Statement-based MCQ
NEET27-CHEM-0777,8,Threshold Energy,Easy,Direct recall MCQ
NEET27-CHEM-0778,8,Zero-Order Half-Life,Easy,Direct recall MCQ
NEET27-CHEM-0779,8,Steric Factor,Easy,Statement-based MCQ
NEET27-CHEM-0780,8,Units Of First-Order K,Easy,Statement-based MCQ
NEET27-CHEM-0781,8,Steric Factor,Difficult,Statement-based MCQ
NEET27-CHEM-0782,8,Activation Energy,Difficult,Sequence/match MCQ
NEET27-CHEM-0783,8,First-Order Reaction,Difficult,Statement-based MCQ
NEET27-CHEM-0784,8,Rate Constant,Easy,Statement-based MCQ
NEET27-CHEM-0785,8,Activation Energy,Difficult,Statement-based MCQ
NEET27-CHEM-0786,8,Arrhenius Equation,Easy,Statement-based MCQ
NEET27-CHEM-0787,8,Rate-Determining Step,Difficult,Statement-based MCQ
NEET27-CHEM-0788,8,First-Order Half-Life,Easy,Direct recall MCQ
NEET27-CHEM-0789,8,Units Of First-Order K,Difficult,Sequence/match MCQ
NEET27-CHEM-0790,8,Arrhenius Equation,Difficult,Graph/data interpretation MCQ
NEET27-CHEM-0791,8,Rate Constant,Easy,Statement-based MCQ
NEET27-CHEM-0792,8,First-Order Half-Life,Difficult,Statement-based MCQ
NEET27-CHEM-0793,8,Catalyst,Difficult,Sequence/match MCQ
NEET27-CHEM-0794,8,Integrated Rate Law,Easy,Statement-based MCQ
NEET27-CHEM-0795,8,First-Order Reaction,Medium,Sequence/match MCQ
NEET27-CHEM-0796,8,Arrhenius Equation,Easy,Statement-based MCQ
NEET27-CHEM-0797,8,Threshold Energy,Easy,Statement-based MCQ
NEET27-CHEM-0798,8,Rate-Determining Step,Easy,Statement-based MCQ
NEET27-CHEM-0799,8,Collision Frequency,Easy,Direct recall MCQ
NEET27-CHEM-0800,8,First-Order Half-Life,Easy,Statement-based MCQ
NEET27-CHEM-0801,8,Activation Energy,Medium,Sequence/match MCQ
NEET27-CHEM-0802,8,Zero-Order Half-Life,Easy,Statement-based MCQ
NEET27-CHEM-0803,8,Homogeneous Catalyst,Difficult,Statement-based MCQ
NEET27-CHEM-0804,8,Pseudo-First-Order Reaction,Easy,Statement-based MCQ
NEET27-CHEM-0805,8,Zero-Order Reaction,Medium,Reaction/reagent MCQ
NEET27-CHEM-0806,8,Units Of First-Order K,Easy,Statement-based MCQ
NEET27-CHEM-0807,8,First-Order Half-Life,Easy,Statement-based MCQ
NEET27-CHEM-0808,8,Steric Factor,Difficult,Statement-based MCQ
NEET27-CHEM-0809,8,Zero-Order Half-Life,Medium,Sequence/match MCQ
NEET27-CHEM-0810,8,Order Of Reaction,Easy,Reaction/reagent MCQ
NEET27-CHEM-0811,9,Block classification,Easy,Direct recall MCQ
NEET27-CHEM-0812,9,Block classification,Easy,Direct recall MCQ
NEET27-CHEM-0813,9,Block classification,Difficult,Statement-based MCQ
NEET27-CHEM-0814,9,Alkali-Metal Reactivity,Easy,Statement-based MCQ
NEET27-CHEM-0815,9,Block classification,Easy,Direct recall MCQ
NEET27-CHEM-0816,9,Modern periodic table,Easy,Direct recall MCQ
NEET27-CHEM-0817,9,Modern periodic table,Easy,Direct recall MCQ
NEET27-CHEM-0818,9,Ionization Enthalpy Trend,Difficult,Statement-based MCQ
NEET27-CHEM-0819,9,Ionization Enthalpy Trend,Medium,Conceptual/application MCQ
NEET27-CHEM-0820,9,Modern periodic table,Easy,Direct recall MCQ
NEET27-CHEM-0821,9,Periodic properties,Medium,Sequence/match MCQ
NEET27-CHEM-0822,9,Periodic anomalies,Medium,Conceptual/application MCQ
NEET27-CHEM-0823,9,Block classification,Easy,Direct recall MCQ
NEET27-CHEM-0824,9,Alkali-Metal Reactivity,Difficult,Sequence/match MCQ
NEET27-CHEM-0825,9,Periodic properties,Medium,Sequence/match MCQ
NEET27-CHEM-0826,9,Periodic trends,Medium,Statement-based MCQ
NEET27-CHEM-0827,9,Modern periodic table,Easy,Direct recall MCQ
NEET27-CHEM-0828,9,Hydration Enthalpy,Easy,Direct recall MCQ
NEET27-CHEM-0829,9,Modern periodic table,Difficult,Statement-based MCQ
NEET27-CHEM-0830,9,Block classification,Easy,Direct recall MCQ
NEET27-CHEM-0831,9,Periodic trends,Medium,Statement-based MCQ
NEET27-CHEM-0832,9,Block classification,Easy,Direct recall MCQ
NEET27-CHEM-0833,9,Periodic trends,Medium,Statement-based MCQ
NEET27-CHEM-0834,9,Block classification,Difficult,Statement-based MCQ
NEET27-CHEM-0835,9,Modern periodic table,Difficult,Statement-based MCQ
NEET27-CHEM-0836,9,Modern periodic table,Difficult,Statement-based MCQ
NEET27-CHEM-0837,9,Ionization Enthalpy Trend,Difficult,Sequence/match MCQ
NEET27-CHEM-0838,9,Hydration Enthalpy,Easy,Statement-based MCQ
NEET27-CHEM-0839,9,Block classification,Easy,Direct recall MCQ
NEET27-CHEM-0840,9,Periodic properties,Medium,Sequence/match MCQ
NEET27-CHEM-0841,9,Periodic anomalies,Medium,Conceptual/application MCQ
NEET27-CHEM-0842,9,Periodic trends,Medium,Statement-based MCQ
NEET27-CHEM-0843,9,Block classification,Easy,Direct recall MCQ
NEET27-CHEM-0844,9,Periodic trends,Medium,Statement-based MCQ
NEET27-CHEM-0845,9,Periodic anomalies,Medium,Conceptual/application MCQ
NEET27-CHEM-0846,9,Block classification,Easy,Direct recall MCQ
NEET27-CHEM-0847,9,Block classification,Difficult,Statement-based MCQ
NEET27-CHEM-0848,9,Block classification,Difficult,Statement-based MCQ
NEET27-CHEM-0849,9,Block classification,Difficult,Statement-based MCQ
NEET27-CHEM-0850,9,Modern periodic table,Easy,Direct recall MCQ
NEET27-CHEM-0851,9,Block classification,Easy,Direct recall MCQ
NEET27-CHEM-0852,9,Modern periodic table,Difficult,Statement-based MCQ
NEET27-CHEM-0853,9,Modern periodic table,Easy,Direct recall MCQ
NEET27-CHEM-0854,9,Periodic properties,Medium,Sequence/match MCQ
NEET27-CHEM-0855,9,Block classification,Easy,Direct recall MCQ
NEET27-CHEM-0856,9,Modern periodic table,Easy,Direct recall MCQ
NEET27-CHEM-0857,9,Periodic properties,Medium,Sequence/match MCQ
NEET27-CHEM-0858,9,Periodic properties,Medium,Sequence/match MCQ
NEET27-CHEM-0859,9,Modern periodic table,Difficult,Statement-based MCQ
NEET27-CHEM-0860,9,Modern periodic table,Easy,Direct recall MCQ
NEET27-CHEM-0861,9,Block classification,Easy,Direct recall MCQ
NEET27-CHEM-0862,9,Modern periodic table,Easy,Direct recall MCQ
NEET27-CHEM-0863,9,Modern periodic table,Difficult,Statement-based MCQ
NEET27-CHEM-0864,9,Block classification,Difficult,Statement-based MCQ
NEET27-CHEM-0865,9,Hydration Enthalpy,Difficult,Statement-based MCQ
NEET27-CHEM-0866,9,Block classification,Easy,Direct recall MCQ
NEET27-CHEM-0867,9,Periodic trends,Medium,Statement-based MCQ
NEET27-CHEM-0868,9,Modern periodic table,Difficult,Statement-based MCQ
NEET27-CHEM-0869,9,Block classification,Easy,Direct recall MCQ
NEET27-CHEM-0870,9,Modern periodic table,Easy,Direct recall MCQ
NEET27-CHEM-0871,9,Modern periodic table,Easy,Direct recall MCQ
NEET27-CHEM-0872,9,Modern periodic table,Difficult,Statement-based MCQ
NEET27-CHEM-0873,9,Periodic anomalies,Medium,Conceptual/application MCQ
NEET27-CHEM-0874,9,Alkali-Metal Reactivity,Medium,Conceptual/application MCQ
NEET27-CHEM-0875,9,Block classification,Easy,Direct recall MCQ
NEET27-CHEM-0876,9,Modern periodic table,Easy,Direct recall MCQ
NEET27-CHEM-0877,9,Block classification,Easy,Direct recall MCQ
NEET27-CHEM-0878,9,Block classification,Easy,Direct recall MCQ
NEET27-CHEM-0879,9,Block classification,Easy,Direct recall MCQ
NEET27-CHEM-0880,9,Ionization Enthalpy Trend,Easy,Statement-based MCQ
NEET27-CHEM-0881,9,Block classification,Difficult,Statement-based MCQ
NEET27-CHEM-0882,9,Block classification,Difficult,Statement-based MCQ
NEET27-CHEM-0883,9,Periodic properties,Medium,Sequence/match MCQ
NEET27-CHEM-0884,9,Block classification,Difficult,Statement-based MCQ
NEET27-CHEM-0885,9,Modern periodic table,Easy,Direct recall MCQ
NEET27-CHEM-0886,9,Periodic trends,Medium,Statement-based MCQ
NEET27-CHEM-0887,9,Block classification,Easy,Direct recall MCQ
NEET27-CHEM-0888,9,Modern periodic table,Easy,Direct recall MCQ
NEET27-CHEM-0889,9,Block classification,Difficult,Statement-based MCQ
NEET27-CHEM-0890,9,Hydration Enthalpy,Difficult,Sequence/match MCQ
NEET27-CHEM-0891,9,Periodic properties,Medium,Sequence/match MCQ
NEET27-CHEM-0892,9,Modern periodic table,Difficult,Statement-based MCQ
NEET27-CHEM-0893,9,Periodic anomalies,Medium,Conceptual/application MCQ
NEET27-CHEM-0894,9,Modern periodic table,Difficult,Statement-based MCQ
NEET27-CHEM-0895,9,Periodic properties,Medium,Sequence/match MCQ
NEET27-CHEM-0896,9,Modern periodic table,Easy,Direct recall MCQ
NEET27-CHEM-0897,9,Periodic properties,Medium,Sequence/match MCQ
NEET27-CHEM-0898,9,Alkali-Metal Reactivity,Difficult,Statement-based MCQ
NEET27-CHEM-0899,9,Periodic anomalies,Medium,Conceptual/application MCQ
NEET27-CHEM-0900,9,Modern periodic table,Difficult,Statement-based MCQ
NEET27-CHEM-0901,10,Group 14,Easy,Direct recall MCQ
NEET27-CHEM-0902,10,Fluorine Anomaly,Difficult,Sequence/match MCQ
NEET27-CHEM-0903,10,Group 16,Medium,Statement-based MCQ
NEET27-CHEM-0904,10,Group 16,Medium,Statement-based MCQ
NEET27-CHEM-0905,10,Group 16 Configuration,Medium,Conceptual/application MCQ
NEET27-CHEM-0906,10,Group 17 Configuration,Difficult,Statement-based MCQ
NEET27-CHEM-0907,10,Group 13,Medium,Reaction/reagent MCQ
NEET27-CHEM-0908,10,Fluorine Anomaly,Easy,Statement-based MCQ
NEET27-CHEM-0909,10,Group 18,Easy,Direct recall MCQ
NEET27-CHEM-0910,10,Hydrogen Halide Acidity,Difficult,Statement-based MCQ
NEET27-CHEM-0911,10,Hydrogen Halide Acidity,Difficult,Statement-based MCQ
NEET27-CHEM-0912,10,Group trends,Medium,Statement-based MCQ
NEET27-CHEM-0913,10,Group trends,Medium,Statement-based MCQ
NEET27-CHEM-0914,10,Group 15,Difficult,Statement-based MCQ
NEET27-CHEM-0915,10,Fluorine Anomaly,Easy,Direct recall MCQ
NEET27-CHEM-0916,10,Group 16 Configuration,Difficult,Sequence/match MCQ
NEET27-CHEM-0917,10,Group 14,Difficult,Statement-based MCQ
NEET27-CHEM-0918,10,Hydrogen Halide Acidity,Easy,Statement-based MCQ
NEET27-CHEM-0919,10,Cross-group comparison,Easy,Direct recall MCQ
NEET27-CHEM-0920,10,Inert-Pair Effect,Difficult,Statement-based MCQ
NEET27-CHEM-0921,10,Group 17,Medium,Statement-based MCQ
NEET27-CHEM-0922,10,Group 17,Easy,Direct recall MCQ
NEET27-CHEM-0923,10,Halogen Oxidizing Power,Easy,Statement-based MCQ
NEET27-CHEM-0924,10,Cross-group comparison,Easy,Direct recall MCQ
NEET27-CHEM-0925,10,Group 13,Medium,Conceptual/application MCQ
NEET27-CHEM-0926,10,Inert-Pair Effect,Easy,Statement-based MCQ
NEET27-CHEM-0927,10,Group 16,Difficult,Statement-based MCQ
NEET27-CHEM-0928,10,Group 18,Medium,Statement-based MCQ
NEET27-CHEM-0929,10,Group 15,Easy,Direct recall MCQ
NEET27-CHEM-0930,10,Group 16 Configuration,Difficult,Sequence/match MCQ
NEET27-CHEM-0931,10,Group trends,Medium,Statement-based MCQ
NEET27-CHEM-0932,10,Halogen Oxidizing Power,Difficult,Sequence/match MCQ
NEET27-CHEM-0933,10,Group 15,Difficult,Statement-based MCQ
NEET27-CHEM-0934,10,Inert-Pair Effect,Medium,Sequence/match MCQ
NEET27-CHEM-0935,10,Group 18,Medium,Conceptual/application MCQ
NEET27-CHEM-0936,10,Group 17,Medium,Statement-based MCQ
NEET27-CHEM-0937,10,Group 17,Medium,Conceptual/application MCQ
NEET27-CHEM-0938,10,Group 17 Configuration,Easy,Direct recall MCQ
NEET27-CHEM-0939,10,Group 15,Difficult,Statement-based MCQ
NEET27-CHEM-0940,10,Group 13,Easy,Direct recall MCQ
NEET27-CHEM-0941,10,Group 18 Configuration,Medium,Sequence/match MCQ
NEET27-CHEM-0942,10,Group 17,Easy,Direct recall MCQ
NEET27-CHEM-0943,10,Group 18 Configuration,Difficult,Statement-based MCQ
NEET27-CHEM-0944,10,Group 14,Medium,Statement-based MCQ
NEET27-CHEM-0945,10,Hydrogen Halide Acidity,Easy,Direct recall MCQ
NEET27-CHEM-0946,10,Cross-group comparison,Medium,Conceptual/application MCQ
NEET27-CHEM-0947,10,Oxygen Anomaly,Difficult,Sequence/match MCQ
NEET27-CHEM-0948,10,Group 17,Medium,Statement-based MCQ
NEET27-CHEM-0949,10,Oxygen Anomaly,Easy,Statement-based MCQ
NEET27-CHEM-0950,10,Group 18 Configuration,Easy,Direct recall MCQ
NEET27-CHEM-0951,10,Group 18,Medium,Conceptual/application MCQ
NEET27-CHEM-0952,10,Group 18,Medium,Statement-based MCQ
NEET27-CHEM-0953,10,Group 18 Configuration,Easy,Statement-based MCQ
NEET27-CHEM-0954,10,Cross-group comparison,Medium,Conceptual/application MCQ
NEET27-CHEM-0955,10,Group 17 Configuration,Easy,Statement-based MCQ
NEET27-CHEM-0956,10,Group 13,Medium,Statement-based MCQ
NEET27-CHEM-0957,10,Hydrogen Halide Acidity,Medium,Sequence/match MCQ
NEET27-CHEM-0958,10,Group 16 Configuration,Difficult,Statement-based MCQ
NEET27-CHEM-0959,10,Group 16 Configuration,Easy,Statement-based MCQ
NEET27-CHEM-0960,10,Group trends,Medium,Statement-based MCQ
NEET27-CHEM-0961,10,Group 14,Easy,Direct recall MCQ
NEET27-CHEM-0962,10,Group 13,Medium,Statement-based MCQ
NEET27-CHEM-0963,10,Halogen Oxidizing Power,Medium,Conceptual/application MCQ
NEET27-CHEM-0964,10,Group trends,Medium,Statement-based MCQ
NEET27-CHEM-0965,10,Group 15,Medium,Statement-based MCQ
NEET27-CHEM-0966,10,Group 15,Medium,Reaction/reagent MCQ
NEET27-CHEM-0967,10,Group 14,Medium,Conceptual/application MCQ
NEET27-CHEM-0968,10,Group 17,Medium,Reaction/reagent MCQ
NEET27-CHEM-0969,10,Group 14,Difficult,Statement-based MCQ
NEET27-CHEM-0970,10,Group 14,Medium,Statement-based MCQ
NEET27-CHEM-0971,10,Group 18 Configuration,Easy,Statement-based MCQ
NEET27-CHEM-0972,10,Group 16,Easy,Direct recall MCQ
NEET27-CHEM-0973,10,Cross-group comparison,Easy,Direct recall MCQ
NEET27-CHEM-0974,10,Group 15,Medium,Statement-based MCQ
NEET27-CHEM-0975,10,Halogen Oxidizing Power,Difficult,Statement-based MCQ
NEET27-CHEM-0976,10,Group trends,Medium,Statement-based MCQ
NEET27-CHEM-0977,10,Oxygen Anomaly,Difficult,Statement-based MCQ
NEET27-CHEM-0978,10,Fluorine Anomaly,Difficult,Statement-based MCQ
NEET27-CHEM-0979,10,Group 14,Difficult,Statement-based MCQ
NEET27-CHEM-0980,10,Group 17,Medium,Statement-based MCQ
NEET27-CHEM-0981,10,Fluorine Anomaly,Easy,Statement-based MCQ
NEET27-CHEM-0982,10,Group 14,Difficult,Statement-based MCQ
NEET27-CHEM-0983,10,Group 15,Difficult,Statement-based MCQ
NEET27-CHEM-0984,10,Group 18,Medium,Statement-based MCQ
NEET27-CHEM-0985,10,Cross-group comparison,Easy,Direct recall MCQ
NEET27-CHEM-0986,10,Group 14,Medium,Statement-based MCQ
NEET27-CHEM-0987,10,Cross-group comparison,Medium,Conceptual/application MCQ
NEET27-CHEM-0988,10,Group 13,Difficult,Statement-based MCQ
NEET27-CHEM-0989,10,Group 13,Medium,Statement-based MCQ
NEET27-CHEM-0990,10,Oxygen Anomaly,Medium,Sequence/match MCQ
NEET27-CHEM-0991,10,Group trends,Medium,Statement-based MCQ
NEET27-CHEM-0992,10,p-Block trends,Medium,Reaction/reagent MCQ
NEET27-CHEM-0993,10,Group trends,Medium,Statement-based MCQ
NEET27-CHEM-0994,10,Group 13,Medium,Statement-based MCQ
NEET27-CHEM-0995,10,Group 18,Easy,Direct recall MCQ
NEET27-CHEM-0996,10,Group 16,Medium,Statement-based MCQ
NEET27-CHEM-0997,10,Group 15,Medium,Conceptual/application MCQ
NEET27-CHEM-0998,10,Group 14,Medium,Statement-based MCQ
NEET27-CHEM-0999,10,Group 13,Difficult,Statement-based MCQ
NEET27-CHEM-1000,10,Group 18 Configuration,Medium,Statement-based MCQ
NEET27-CHEM-1001,10,Group 17 Configuration,Easy,Statement-based MCQ
NEET27-CHEM-1002,10,Group 18,Difficult,Statement-based MCQ
NEET27-CHEM-1003,10,Group 13,Difficult,Statement-based MCQ
NEET27-CHEM-1004,10,Group 17 Configuration,Medium,Sequence/match MCQ
NEET27-CHEM-1005,10,Cross-group comparison,Medium,Reaction/reagent MCQ
NEET27-CHEM-1006,10,Fluorine Anomaly,Medium,Sequence/match MCQ
NEET27-CHEM-1007,10,Halogen Oxidizing Power,Difficult,Statement-based MCQ
NEET27-CHEM-1008,10,Group 15,Medium,Statement-based MCQ
NEET27-CHEM-1009,10,Group 17,Difficult,Statement-based MCQ
NEET27-CHEM-1010,10,Group 18,Medium,Statement-based MCQ
NEET27-CHEM-1011,10,Hydrogen Halide Acidity,Easy,Statement-based MCQ
NEET27-CHEM-1012,10,Halogen Oxidizing Power,Medium,Sequence/match MCQ
NEET27-CHEM-1013,10,Group 17 Configuration,Difficult,Sequence/match MCQ
NEET27-CHEM-1014,10,Group 15,Medium,Statement-based MCQ
NEET27-CHEM-1015,10,Group 16,Medium,Statement-based MCQ
NEET27-CHEM-1016,10,Oxygen Anomaly,Difficult,Statement-based MCQ
NEET27-CHEM-1017,10,Inert-Pair Effect,Easy,Statement-based MCQ
NEET27-CHEM-1018,10,Group 16,Medium,Conceptual/application MCQ
NEET27-CHEM-1019,10,Group 16 Configuration,Easy,Statement-based MCQ
NEET27-CHEM-1020,10,Group trends,Medium,Statement-based MCQ
NEET27-CHEM-1021,10,Group trends,Medium,Statement-based MCQ
NEET27-CHEM-1022,10,Oxygen Anomaly,Easy,Direct recall MCQ
NEET27-CHEM-1023,10,Group trends,Medium,Statement-based MCQ
NEET27-CHEM-1024,10,Group 13,Difficult,Statement-based MCQ
NEET27-CHEM-1025,10,Group trends,Medium,Statement-based MCQ
NEET27-CHEM-1026,10,Inert-Pair Effect,Difficult,Sequence/match MCQ
NEET27-CHEM-1027,11,KMnO₄ In Neutral Medium,Easy,Direct recall MCQ
NEET27-CHEM-1028,11,Alloy Formation,Difficult,Sequence/match MCQ
NEET27-CHEM-1029,11,Complex Formation,Difficult,Statement-based MCQ
NEET27-CHEM-1030,11,Electronic configurations,Medium,Conceptual/application MCQ
NEET27-CHEM-1031,11,K₂Cr₂O₇ In Acid,Difficult,Statement-based MCQ
NEET27-CHEM-1032,11,Transition and inner-transition elements,Medium,Statement-based MCQ
NEET27-CHEM-1033,11,Magnetic properties,Medium,One-step numerical MCQ
NEET27-CHEM-1034,11,Variable Oxidation State,Easy,Statement-based MCQ
NEET27-CHEM-1035,11,Consequence Of Lanthanoid Contraction,Easy,Statement-based MCQ
NEET27-CHEM-1036,11,Interstitial Compound,Difficult,Statement-based MCQ
NEET27-CHEM-1037,11,Electronic configurations,Medium,Conceptual/application MCQ
NEET27-CHEM-1038,11,K₂Cr₂O₇ In Acid,Difficult,Statement-based MCQ
NEET27-CHEM-1039,11,Lanthanoid Contraction,Medium,Conceptual/application MCQ
NEET27-CHEM-1040,11,Oxidation-State Stability,Easy,Statement-based MCQ
NEET27-CHEM-1041,11,Coloured Transition Ion,Difficult,Statement-based MCQ
NEET27-CHEM-1042,11,Variable Oxidation State,Medium,Reaction/reagent MCQ
NEET27-CHEM-1043,11,KMnO₄ In Neutral Medium,Medium,Statement-based MCQ
NEET27-CHEM-1044,11,Transition Element,Medium,Conceptual/application MCQ
NEET27-CHEM-1045,11,Coloured Transition Ion,Difficult,Sequence/match MCQ
NEET27-CHEM-1046,11,KMnO₄ In Neutral Medium,Easy,Statement-based MCQ
NEET27-CHEM-1047,11,Transition and inner-transition elements,Difficult,Statement-based MCQ
NEET27-CHEM-1048,11,Alloy Formation,Difficult,Statement-based MCQ
NEET27-CHEM-1049,11,Consequence Of Lanthanoid Contraction,Difficult,Sequence/match MCQ
NEET27-CHEM-1050,11,D-Block Configuration,Easy,Direct recall MCQ
NEET27-CHEM-1051,11,Lanthanoids,Easy,Direct recall MCQ
NEET27-CHEM-1052,11,Coloured Transition Ion,Medium,Sequence/match MCQ
NEET27-CHEM-1053,11,Variable Oxidation State,Easy,Statement-based MCQ
NEET27-CHEM-1054,11,D-Block Configuration,Medium,Sequence/match MCQ
NEET27-CHEM-1055,11,KMnO₄ In Acid,Easy,Direct recall MCQ
NEET27-CHEM-1056,11,Transition and inner-transition elements,Medium,Statement-based MCQ
NEET27-CHEM-1057,11,K₂Cr₂O₇ In Acid,Difficult,Statement-based MCQ
NEET27-CHEM-1058,11,Electronic configurations,Medium,Conceptual/application MCQ
NEET27-CHEM-1059,11,Lanthanoids,Medium,Sequence/match MCQ
NEET27-CHEM-1060,11,Transition and inner-transition elements,Medium,Statement-based MCQ
NEET27-CHEM-1061,11,Transition Element,Difficult,Sequence/match MCQ
NEET27-CHEM-1062,11,Oxidation-State Stability,Difficult,Sequence/match MCQ
NEET27-CHEM-1063,11,K₂Cr₂O₇ In Acid,Easy,Direct recall MCQ
NEET27-CHEM-1064,11,Variable Oxidation State,Medium,Statement-based MCQ
NEET27-CHEM-1065,11,Paramagnetism,Medium,Sequence/match MCQ
NEET27-CHEM-1066,11,Electronic configurations,Difficult,Statement-based MCQ
NEET27-CHEM-1067,11,Magnetic properties,Medium,One-step numerical MCQ
NEET27-CHEM-1068,11,Electronic configurations,Medium,Conceptual/application MCQ
NEET27-CHEM-1069,11,Spin-Only Magnetic Moment,Difficult,Statement-based MCQ
NEET27-CHEM-1070,11,Catalytic Activity,Medium,Sequence/match MCQ
NEET27-CHEM-1071,11,KMnO₄ In Acid,Difficult,Statement-based MCQ
NEET27-CHEM-1072,11,Chromate-Dichromate Equilibrium,Easy,Statement-based MCQ
NEET27-CHEM-1073,11,Spin-Only Magnetic Moment,Easy,Statement-based MCQ
NEET27-CHEM-1074,11,Important compounds,Medium,Reaction/reagent MCQ
NEET27-CHEM-1075,11,Oxidation-State Stability,Medium,Reaction/reagent MCQ
NEET27-CHEM-1076,11,Electronic configurations,Medium,Conceptual/application MCQ
NEET27-CHEM-1077,11,Important compounds,Medium,Reaction/reagent MCQ
NEET27-CHEM-1078,11,Catalytic Activity,Medium,Conceptual/application MCQ
NEET27-CHEM-1079,11,Paramagnetism,Difficult,Sequence/match MCQ
NEET27-CHEM-1080,11,Electronic configurations,Medium,Conceptual/application MCQ
NEET27-CHEM-1081,11,Catalytic Activity,Difficult,Statement-based MCQ
NEET27-CHEM-1082,11,Complex Formation,Easy,Statement-based MCQ
NEET27-CHEM-1083,11,D-Block Configuration,Easy,Statement-based MCQ
NEET27-CHEM-1084,11,Magnetic properties,Medium,One-step numerical MCQ
NEET27-CHEM-1085,11,Coloured Transition Ion,Easy,Statement-based MCQ
NEET27-CHEM-1086,11,Coloured Transition Ion,Easy,Direct recall MCQ
NEET27-CHEM-1087,11,Complex Formation,Easy,Direct recall MCQ
NEET27-CHEM-1088,11,Transition Element,Easy,Statement-based MCQ
NEET27-CHEM-1089,11,Chromate-Dichromate Equilibrium,Medium,Conceptual/application MCQ
NEET27-CHEM-1090,11,Alloy Formation,Medium,Sequence/match MCQ
NEET27-CHEM-1091,11,Transition and inner-transition elements,Difficult,Statement-based MCQ
NEET27-CHEM-1092,11,Oxidation-State Stability,Medium,Sequence/match MCQ
NEET27-CHEM-1093,11,Magnetic properties,Medium,One-step numerical MCQ
NEET27-CHEM-1094,11,Chromate-Dichromate Equilibrium,Difficult,Statement-based MCQ
NEET27-CHEM-1095,11,Variable Oxidation State,Difficult,Sequence/match MCQ
NEET27-CHEM-1096,11,Interstitial Compound,Medium,Conceptual/application MCQ
NEET27-CHEM-1097,11,Paramagnetism,Easy,Direct recall MCQ
NEET27-CHEM-1098,11,Transition and inner-transition elements,Difficult,Statement-based MCQ
NEET27-CHEM-1099,11,Electronic configurations,Medium,Conceptual/application MCQ
NEET27-CHEM-1100,11,Catalytic Activity,Easy,Statement-based MCQ
NEET27-CHEM-1101,11,Variable Oxidation State,Difficult,Statement-based MCQ
NEET27-CHEM-1102,11,Coloured Transition Ion,Easy,Statement-based MCQ
NEET27-CHEM-1103,11,Magnetic properties,Medium,One-step numerical MCQ
NEET27-CHEM-1104,11,Chromate-Dichromate Equilibrium,Difficult,Statement-based MCQ
NEET27-CHEM-1105,11,Interstitial Compound,Difficult,Sequence/match MCQ
NEET27-CHEM-1106,11,Lanthanoids,Difficult,Statement-based MCQ
NEET27-CHEM-1107,11,Spin-Only Magnetic Moment,Easy,Direct recall MCQ
NEET27-CHEM-1108,11,Transition Element,Difficult,Statement-based MCQ
NEET27-CHEM-1109,11,Oxidation-State Stability,Difficult,Statement-based MCQ
NEET27-CHEM-1110,11,Transition and inner-transition elements,Difficult,Statement-based MCQ
NEET27-CHEM-1111,11,Complex Formation,Difficult,Sequence/match MCQ
NEET27-CHEM-1112,11,Interstitial Compound,Difficult,Sequence/match MCQ
NEET27-CHEM-1113,11,Complex Formation,Difficult,Sequence/match MCQ
NEET27-CHEM-1114,11,Interstitial Compound,Easy,Statement-based MCQ
NEET27-CHEM-1115,11,Magnetic properties,Difficult,Statement-based MCQ
NEET27-CHEM-1116,11,Transition and inner-transition elements,Medium,Statement-based MCQ
NEET27-CHEM-1117,11,Consequence Of Lanthanoid Contraction,Difficult,Statement-based MCQ
NEET27-CHEM-1118,11,Actinoids,Easy,Direct recall MCQ
NEET27-CHEM-1119,11,Magnetic properties,Medium,One-step numerical MCQ
NEET27-CHEM-1120,11,Transition and inner-transition elements,Medium,Statement-based MCQ
NEET27-CHEM-1121,11,Transition and inner-transition elements,Medium,Statement-based MCQ
NEET27-CHEM-1122,11,Catalytic Activity,Difficult,Sequence/match MCQ
NEET27-CHEM-1123,11,Lanthanoid Contraction,Difficult,Statement-based MCQ
NEET27-CHEM-1124,11,Actinoids,Easy,Statement-based MCQ
NEET27-CHEM-1125,11,Transition and inner-transition elements,Difficult,Statement-based MCQ
NEET27-CHEM-1126,11,Magnetic properties,Medium,One-step numerical MCQ
NEET27-CHEM-1127,11,Actinoids,Difficult,Statement-based MCQ
NEET27-CHEM-1128,11,Electronic configurations,Difficult,Statement-based MCQ
NEET27-CHEM-1129,11,Transition Element,Easy,Statement-based MCQ
NEET27-CHEM-1130,11,D-Block Configuration,Difficult,Statement-based MCQ
NEET27-CHEM-1131,11,Magnetic properties,Medium,One-step numerical MCQ
NEET27-CHEM-1132,11,KMnO₄ In Acid,Difficult,Statement-based MCQ
NEET27-CHEM-1133,11,KMnO₄ In Neutral Medium,Difficult,Statement-based MCQ
NEET27-CHEM-1134,11,Alloy Formation,Easy,Statement-based MCQ
NEET27-CHEM-1135,11,Actinoids,Medium,Sequence/match MCQ
NEET27-CHEM-1136,11,Paramagnetism,Difficult,Statement-based MCQ
NEET27-CHEM-1137,11,Magnetic properties,Difficult,Statement-based MCQ
NEET27-CHEM-1138,11,Consequence Of Lanthanoid Contraction,Medium,Conceptual/application MCQ
NEET27-CHEM-1139,11,Lanthanoids,Easy,Statement-based MCQ
NEET27-CHEM-1140,11,Magnetic properties,Difficult,Statement-based MCQ
NEET27-CHEM-1141,11,Lanthanoid Contraction,Medium,Sequence/match MCQ
NEET27-CHEM-1142,11,D-Block Configuration,Difficult,Statement-based MCQ
NEET27-CHEM-1143,11,Transition and inner-transition elements,Medium,Statement-based MCQ
NEET27-CHEM-1144,11,Transition and inner-transition elements,Difficult,Statement-based MCQ
NEET27-CHEM-1145,11,Lanthanoid Contraction,Easy,Statement-based MCQ
NEET27-CHEM-1146,11,Consequence Of Lanthanoid Contraction,Difficult,Statement-based MCQ
NEET27-CHEM-1147,11,Lanthanoid Contraction,Easy,Statement-based MCQ
NEET27-CHEM-1148,11,Lanthanoids,Difficult,Statement-based MCQ
NEET27-CHEM-1149,11,Important compounds,Medium,Reaction/reagent MCQ
NEET27-CHEM-1150,11,Spin-Only Magnetic Moment,Easy,Statement-based MCQ
NEET27-CHEM-1151,11,Transition Element,Difficult,Statement-based MCQ
NEET27-CHEM-1152,11,Interstitial Compound,Difficult,Statement-based MCQ
NEET27-CHEM-1153,11,Spin-Only Magnetic Moment,Medium,Statement-based MCQ
NEET27-CHEM-1154,11,Alloy Formation,Easy,Statement-based MCQ
NEET27-CHEM-1155,11,Transition and inner-transition elements,Medium,Statement-based MCQ
NEET27-CHEM-1156,11,Electronic configurations,Difficult,Statement-based MCQ
NEET27-CHEM-1157,11,Electronic configurations,Medium,Conceptual/application MCQ
NEET27-CHEM-1158,11,Lanthanoids,Difficult,Sequence/match MCQ
NEET27-CHEM-1159,11,Transition and inner-transition elements,Difficult,Statement-based MCQ
NEET27-CHEM-1160,11,Alloy Formation,Easy,Direct recall MCQ
NEET27-CHEM-1161,11,Paramagnetism,Easy,Statement-based MCQ
NEET27-CHEM-1162,11,Electronic configurations,Medium,Conceptual/application MCQ
NEET27-CHEM-1163,11,Transition and inner-transition elements,Difficult,Statement-based MCQ
NEET27-CHEM-1164,11,Complex Formation,Easy,Statement-based MCQ
NEET27-CHEM-1165,11,Catalytic Activity,Easy,Statement-based MCQ
NEET27-CHEM-1166,11,Magnetic properties,Medium,One-step numerical MCQ
NEET27-CHEM-1167,11,D-Block Configuration,Easy,Statement-based MCQ
NEET27-CHEM-1168,11,Paramagnetism,Difficult,Statement-based MCQ
NEET27-CHEM-1169,11,KMnO₄ In Acid,Medium,Statement-based MCQ
NEET27-CHEM-1170,11,Oxidation-State Stability,Easy,Statement-based MCQ
NEET27-CHEM-1171,12,Bonding and applications,Medium,Statement-based MCQ
NEET27-CHEM-1172,12,Ligands,Easy,Direct recall MCQ
NEET27-CHEM-1173,12,Geometrical Isomerism,Difficult,Statement-based MCQ
NEET27-CHEM-1174,12,Optical Isomerism,Difficult,Statement-based MCQ
NEET27-CHEM-1175,12,Octahedral Splitting,Easy,Statement-based MCQ
NEET27-CHEM-1176,12,Werner Secondary Valency,Medium,Sequence/match MCQ
NEET27-CHEM-1177,12,Iupac Ligand Naming,Difficult,Statement-based MCQ
NEET27-CHEM-1178,12,Isomerism,Medium,Conceptual/application MCQ
NEET27-CHEM-1179,12,Outer-Orbital Octahedral Complex,Easy,Statement-based MCQ
NEET27-CHEM-1180,12,Valence Bond Theory,Medium,Conceptual/application MCQ
NEET27-CHEM-1181,12,Tetrahedral Splitting,Easy,Statement-based MCQ
NEET27-CHEM-1182,12,Anionic Complex Naming,Easy,Direct recall MCQ
NEET27-CHEM-1183,12,Werner Primary Valency,Difficult,Statement-based MCQ
NEET27-CHEM-1184,12,Coordination entities,Medium,Conceptual/application MCQ
NEET27-CHEM-1185,12,Inner-Orbital Octahedral Complex,Difficult,Statement-based MCQ
NEET27-CHEM-1186,12,Coordination Entity,Easy,Statement-based MCQ
NEET27-CHEM-1187,12,Coordination entities,Difficult,Statement-based MCQ
NEET27-CHEM-1188,12,Linkage Isomerism,Difficult,Statement-based MCQ
NEET27-CHEM-1189,12,Chelate Effect,Medium,Statement-based MCQ
NEET27-CHEM-1190,12,Coordination Number,Easy,Direct recall MCQ
NEET27-CHEM-1191,12,Werner Secondary Valency,Medium,Conceptual/application MCQ
NEET27-CHEM-1192,12,Coordination Isomerism,Easy,Statement-based MCQ
NEET27-CHEM-1193,12,Coordination Compound Colour,Difficult,Sequence/match MCQ
NEET27-CHEM-1194,12,High-Spin Complex,Difficult,Statement-based MCQ
NEET27-CHEM-1195,12,Coordination nomenclature,Difficult,Statement-based MCQ
NEET27-CHEM-1196,12,Coordination entities,Difficult,Statement-based MCQ
NEET27-CHEM-1197,12,Werner Secondary Valency,Medium,Statement-based MCQ
NEET27-CHEM-1198,12,Inner-Orbital Octahedral Complex,Difficult,Sequence/match MCQ
NEET27-CHEM-1199,12,Inner-Orbital Octahedral Complex,Difficult,Sequence/match MCQ
NEET27-CHEM-1200,12,Octahedral Splitting,Difficult,Statement-based MCQ
NEET27-CHEM-1201,12,Low-Spin Complex,Medium,Sequence/match MCQ
NEET27-CHEM-1202,12,Valence Bond Theory,Difficult,Sequence/match MCQ
NEET27-CHEM-1203,12,Spectrochemical Series,Difficult,Sequence/match MCQ
NEET27-CHEM-1204,12,Coordination Isomerism,Medium,Conceptual/application MCQ
NEET27-CHEM-1205,12,Chelate Effect,Medium,Sequence/match MCQ
NEET27-CHEM-1206,12,Anionic Complex Naming,Easy,Statement-based MCQ
NEET27-CHEM-1207,12,Coordination Compound Colour,Difficult,Sequence/match MCQ
NEET27-CHEM-1208,12,Geometrical Isomerism,Easy,Statement-based MCQ
NEET27-CHEM-1209,12,Linkage Isomerism,Easy,Statement-based MCQ
NEET27-CHEM-1210,12,Coordination nomenclature,Difficult,Statement-based MCQ
NEET27-CHEM-1211,12,Chelate Effect,Easy,Statement-based MCQ
NEET27-CHEM-1212,12,Tetrahedral Splitting,Difficult,Statement-based MCQ
NEET27-CHEM-1213,12,Spectrochemical Series,Easy,Direct recall MCQ
NEET27-CHEM-1214,12,Valence Bond Theory,Difficult,Structure/diagram MCQ
NEET27-CHEM-1215,12,Coordination Number,Difficult,Statement-based MCQ
NEET27-CHEM-1216,12,Coordination nomenclature,Medium,Conceptual/application MCQ
NEET27-CHEM-1217,12,Optical Isomerism,Medium,Sequence/match MCQ
NEET27-CHEM-1218,12,Spectrochemical Series,Medium,Sequence/match MCQ
NEET27-CHEM-1219,12,Coordination entities,Medium,Conceptual/application MCQ
NEET27-CHEM-1220,12,Optical Isomerism,Medium,Conceptual/application MCQ
NEET27-CHEM-1221,12,High-Spin Complex,Medium,Sequence/match MCQ
NEET27-CHEM-1222,12,Coordination Entity,Difficult,Statement-based MCQ
NEET27-CHEM-1223,12,Low-Spin Complex,Difficult,Statement-based MCQ
NEET27-CHEM-1224,12,Coordination nomenclature,Medium,Conceptual/application MCQ
NEET27-CHEM-1225,12,Isomerism,Medium,Conceptual/application MCQ
NEET27-CHEM-1226,12,Ionization Isomerism,Difficult,Statement-based MCQ
NEET27-CHEM-1227,12,Werner Secondary Valency,Easy,Statement-based MCQ
NEET27-CHEM-1228,12,Coordination nomenclature,Difficult,Statement-based MCQ
NEET27-CHEM-1229,12,Coordination Isomerism,Easy,Statement-based MCQ
NEET27-CHEM-1230,12,Bonding and applications,Medium,Statement-based MCQ
NEET27-CHEM-1231,12,Anionic Complex Naming,Difficult,Statement-based MCQ
NEET27-CHEM-1232,12,Iupac Ligand Naming,Difficult,Sequence/match MCQ
NEET27-CHEM-1233,12,Coordination nomenclature,Difficult,Statement-based MCQ
NEET27-CHEM-1234,12,Ligand,Difficult,Statement-based MCQ
NEET27-CHEM-1235,12,Coordination Entity,Easy,Statement-based MCQ
NEET27-CHEM-1236,12,High-Spin Complex,Easy,Statement-based MCQ
NEET27-CHEM-1237,12,Optical Isomerism,Easy,Statement-based MCQ
NEET27-CHEM-1238,12,Isomerism,Medium,Conceptual/application MCQ
NEET27-CHEM-1239,12,Coordination nomenclature,Medium,Conceptual/application MCQ
NEET27-CHEM-1240,12,Iupac Ligand Naming,Difficult,Statement-based MCQ
NEET27-CHEM-1241,12,Outer-Orbital Octahedral Complex,Medium,Statement-based MCQ
NEET27-CHEM-1242,12,Low-Spin Complex,Difficult,Sequence/match MCQ
NEET27-CHEM-1243,12,Coordination entities,Medium,Conceptual/application MCQ
NEET27-CHEM-1244,12,Spectrochemical Series,Easy,Statement-based MCQ
NEET27-CHEM-1245,12,Oxidation State In A Complex,Easy,Statement-based MCQ
NEET27-CHEM-1246,12,Ligands,Easy,Direct recall MCQ
NEET27-CHEM-1247,12,Optical Isomerism,Medium,Statement-based MCQ
NEET27-CHEM-1248,12,Ligand,Easy,Statement-based MCQ
NEET27-CHEM-1249,12,Linkage Isomerism,Difficult,Statement-based MCQ
NEET27-CHEM-1250,12,High-Spin Complex,Easy,Direct recall MCQ
NEET27-CHEM-1251,12,Linkage Isomerism,Easy,Direct recall MCQ
NEET27-CHEM-1252,12,Werner Primary Valency,Difficult,Sequence/match MCQ
NEET27-CHEM-1253,12,Linkage Isomerism,Easy,Statement-based MCQ
NEET27-CHEM-1254,12,Werner Primary Valency,Difficult,Sequence/match MCQ
NEET27-CHEM-1255,12,Coordination Compound Colour,Medium,Conceptual/application MCQ
NEET27-CHEM-1256,12,Ionization Isomerism,Difficult,Sequence/match MCQ
NEET27-CHEM-1257,12,Outer-Orbital Octahedral Complex,Difficult,Statement-based MCQ
NEET27-CHEM-1258,12,Valence Bond Theory,Easy,Statement-based MCQ
NEET27-CHEM-1259,12,Inner-Orbital Octahedral Complex,Medium,Conceptual/application MCQ
NEET27-CHEM-1260,12,Coordination Number,Easy,Statement-based MCQ
NEET27-CHEM-1261,12,Valence Bond Theory,Difficult,Structure/diagram MCQ
NEET27-CHEM-1262,12,Coordination Entity,Difficult,Sequence/match MCQ
NEET27-CHEM-1263,12,Coordination Number,Difficult,Statement-based MCQ
NEET27-CHEM-1264,12,Chelate Effect,Easy,Statement-based MCQ
NEET27-CHEM-1265,12,Ionization Isomerism,Easy,Direct recall MCQ
NEET27-CHEM-1266,12,Low-Spin Complex,Difficult,Statement-based MCQ
NEET27-CHEM-1267,12,Geometrical Isomerism,Medium,Conceptual/application MCQ
NEET27-CHEM-1268,12,Tetrahedral Splitting,Easy,Direct recall MCQ
NEET27-CHEM-1269,12,Coordination entities,Difficult,Statement-based MCQ
NEET27-CHEM-1270,12,Coordination entities,Difficult,Statement-based MCQ
NEET27-CHEM-1271,12,Outer-Orbital Octahedral Complex,Medium,Sequence/match MCQ
NEET27-CHEM-1272,12,Geometrical Isomerism,Medium,Sequence/match MCQ
NEET27-CHEM-1273,12,Oxidation State In A Complex,Medium,Reaction/reagent MCQ
NEET27-CHEM-1274,12,Ligands,Easy,Direct recall MCQ
NEET27-CHEM-1275,12,Werner Primary Valency,Medium,Conceptual/application MCQ
NEET27-CHEM-1276,12,Linkage Isomerism,Medium,Sequence/match MCQ
NEET27-CHEM-1277,12,Werner Primary Valency,Easy,Statement-based MCQ
NEET27-CHEM-1278,12,Oxidation State In A Complex,Difficult,Sequence/match MCQ
NEET27-CHEM-1279,12,Crystal Field Theory,Difficult,Structure/diagram MCQ
NEET27-CHEM-1280,12,Tetrahedral Splitting,Difficult,Sequence/match MCQ
NEET27-CHEM-1281,12,Coordination nomenclature,Medium,Conceptual/application MCQ
NEET27-CHEM-1282,12,Tetrahedral Splitting,Easy,Statement-based MCQ
NEET27-CHEM-1283,12,Crystal Field Theory,Easy,Direct recall MCQ
NEET27-CHEM-1284,12,Inner-Orbital Octahedral Complex,Easy,Statement-based MCQ
NEET27-CHEM-1285,12,Spectrochemical Series,Easy,Statement-based MCQ
NEET27-CHEM-1286,12,Ligands,Easy,Direct recall MCQ
NEET27-CHEM-1287,12,Werner Primary Valency,Difficult,Statement-based MCQ
NEET27-CHEM-1288,12,Ligands,Easy,Direct recall MCQ
NEET27-CHEM-1289,12,Coordination nomenclature,Difficult,Statement-based MCQ
NEET27-CHEM-1290,12,Coordination Entity,Medium,Conceptual/application MCQ
NEET27-CHEM-1291,12,Tetrahedral Splitting,Difficult,Sequence/match MCQ
NEET27-CHEM-1292,12,Ligand,Medium,Statement-based MCQ
NEET27-CHEM-1293,12,Optical Isomerism,Easy,Statement-based MCQ
NEET27-CHEM-1294,12,Ionization Isomerism,Medium,Sequence/match MCQ
NEET27-CHEM-1295,12,Coordination entities,Medium,Conceptual/application MCQ
NEET27-CHEM-1296,12,Isomerism,Medium,Conceptual/application MCQ
NEET27-CHEM-1297,12,Octahedral Splitting,Medium,Sequence/match MCQ
NEET27-CHEM-1298,12,Coordination Isomerism,Difficult,Statement-based MCQ
NEET27-CHEM-1299,12,Octahedral Splitting,Easy,Direct recall MCQ
NEET27-CHEM-1300,12,Iupac Ligand Naming,Easy,Direct recall MCQ
NEET27-CHEM-1301,12,Coordination entities,Difficult,Statement-based MCQ
NEET27-CHEM-1302,12,Crystal Field Theory,Medium,Sequence/match MCQ
NEET27-CHEM-1303,12,Ligands,Easy,Direct recall MCQ
NEET27-CHEM-1304,12,Ionization Isomerism,Difficult,Statement-based MCQ
NEET27-CHEM-1305,12,High-Spin Complex,Difficult,Sequence/match MCQ
NEET27-CHEM-1306,12,Ionization Isomerism,Easy,Statement-based MCQ
NEET27-CHEM-1307,12,Ligand,Easy,Statement-based MCQ
NEET27-CHEM-1308,12,Crystal Field Theory,Medium,Statement-based MCQ
NEET27-CHEM-1309,12,Coordination nomenclature,Medium,Conceptual/application MCQ
NEET27-CHEM-1310,12,Geometrical Isomerism,Difficult,Statement-based MCQ
NEET27-CHEM-1311,12,Werner Secondary Valency,Difficult,Statement-based MCQ
NEET27-CHEM-1312,12,Octahedral Splitting,Medium,Statement-based MCQ
NEET27-CHEM-1313,12,Oxidation State In A Complex,Difficult,Statement-based MCQ
NEET27-CHEM-1314,12,Crystal Field Theory,Easy,Statement-based MCQ
NEET27-CHEM-1315,12,Coordination entities,Medium,Conceptual/application MCQ
NEET27-CHEM-1316,12,Coordination Compound Colour,Difficult,Statement-based MCQ
NEET27-CHEM-1317,12,Geometrical Isomerism,Difficult,Statement-based MCQ
NEET27-CHEM-1318,12,Iupac Ligand Naming,Easy,Statement-based MCQ
NEET27-CHEM-1319,12,Crystal Field Theory,Easy,Statement-based MCQ
NEET27-CHEM-1320,12,Outer-Orbital Octahedral Complex,Medium,Conceptual/application MCQ
NEET27-CHEM-1321,12,Low-Spin Complex,Easy,Statement-based MCQ
NEET27-CHEM-1322,12,Ligands,Easy,Direct recall MCQ
NEET27-CHEM-1323,12,Spectrochemical Series,Difficult,Statement-based MCQ
NEET27-CHEM-1324,12,Anionic Complex Naming,Easy,Statement-based MCQ
NEET27-CHEM-1325,12,Chelate Effect,Difficult,Statement-based MCQ
NEET27-CHEM-1326,12,Werner Secondary Valency,Difficult,Statement-based MCQ
NEET27-CHEM-1327,12,Valence Bond Theory,Medium,Sequence/match MCQ
NEET27-CHEM-1328,12,High-Spin Complex,Easy,Statement-based MCQ
NEET27-CHEM-1329,12,Coordination entities,Medium,Conceptual/application MCQ
NEET27-CHEM-1330,12,Coordination Isomerism,Difficult,Sequence/match MCQ
NEET27-CHEM-1331,12,Low-Spin Complex,Easy,Direct recall MCQ
NEET27-CHEM-1332,12,Coordination Number,Easy,Statement-based MCQ
NEET27-CHEM-1333,12,Bonding and applications,Medium,Statement-based MCQ
NEET27-CHEM-1334,12,Bonding and applications,Medium,Statement-based MCQ
NEET27-CHEM-1335,12,Inner-Orbital Octahedral Complex,Easy,Statement-based MCQ
NEET27-CHEM-1336,12,Ligand,Easy,Direct recall MCQ
NEET27-CHEM-1337,12,Anionic Complex Naming,Difficult,Statement-based MCQ
NEET27-CHEM-1338,12,Ligand,Medium,Sequence/match MCQ
NEET27-CHEM-1339,12,Coordination nomenclature,Medium,Conceptual/application MCQ
NEET27-CHEM-1340,12,Coordination Entity,Difficult,Sequence/match MCQ
NEET27-CHEM-1341,12,Iupac Ligand Naming,Medium,Sequence/match MCQ
NEET27-CHEM-1342,12,Outer-Orbital Octahedral Complex,Easy,Statement-based MCQ
NEET27-CHEM-1343,12,Octahedral Splitting,Difficult,Statement-based MCQ
NEET27-CHEM-1344,12,Coordination Number,Medium,Sequence/match MCQ
NEET27-CHEM-1345,12,Oxidation State In A Complex,Difficult,Sequence/match MCQ
NEET27-CHEM-1346,12,Anionic Complex Naming,Medium,Sequence/match MCQ
NEET27-CHEM-1347,12,Coordination Compound Colour,Easy,Statement-based MCQ
NEET27-CHEM-1348,12,Oxidation State In A Complex,Easy,Statement-based MCQ
NEET27-CHEM-1349,12,Chelate Effect,Easy,Direct recall MCQ
NEET27-CHEM-1350,12,Coordination Isomerism,Medium,Sequence/match MCQ
NEET27-CHEM-1351,13,Qualitative analysis,Medium,Conceptual/application MCQ
NEET27-CHEM-1352,13,Quantitative analysis,Medium,Conceptual/application MCQ
NEET27-CHEM-1353,13,Qualitative analysis,Medium,Conceptual/application MCQ
NEET27-CHEM-1354,13,Purification,Medium,Conceptual/application MCQ
NEET27-CHEM-1355,13,Quantitative analysis,Difficult,Multi-step numerical MCQ
NEET27-CHEM-1356,13,Laboratory principles,Medium,Statement-based MCQ
NEET27-CHEM-1357,13,Purification,Medium,Conceptual/application MCQ
NEET27-CHEM-1358,13,Purification,Medium,Conceptual/application MCQ
NEET27-CHEM-1359,13,Purification,Difficult,Statement-based MCQ
NEET27-CHEM-1360,13,Quantitative analysis,Difficult,Multi-step numerical MCQ
NEET27-CHEM-1361,13,Chromatography,Difficult,Graph/data interpretation MCQ
NEET27-CHEM-1362,13,Purification methods,Medium,Conceptual/application MCQ
NEET27-CHEM-1363,13,Purification,Difficult,Statement-based MCQ
NEET27-CHEM-1364,13,Purification,Difficult,Statement-based MCQ
NEET27-CHEM-1365,13,Purification,Medium,Conceptual/application MCQ
NEET27-CHEM-1366,13,Laboratory principles,Medium,Statement-based MCQ
NEET27-CHEM-1367,13,Purification,Difficult,Statement-based MCQ
NEET27-CHEM-1368,13,Qualitative analysis,Medium,Conceptual/application MCQ
NEET27-CHEM-1369,13,Quantitative analysis,Medium,Conceptual/application MCQ
NEET27-CHEM-1370,13,Qualitative analysis,Medium,Conceptual/application MCQ
NEET27-CHEM-1371,13,Purification,Medium,Conceptual/application MCQ
NEET27-CHEM-1372,13,Quantitative analysis,Difficult,Multi-step numerical MCQ
NEET27-CHEM-1373,13,Purification,Medium,Conceptual/application MCQ
NEET27-CHEM-1374,13,Qualitative analysis,Medium,Conceptual/application MCQ
NEET27-CHEM-1375,13,Quantitative analysis,Difficult,Multi-step numerical MCQ
NEET27-CHEM-1376,13,Purification,Medium,Conceptual/application MCQ
NEET27-CHEM-1377,13,Quantitative analysis,Difficult,Multi-step numerical MCQ
NEET27-CHEM-1378,13,Purification,Difficult,Statement-based MCQ
NEET27-CHEM-1379,13,Purification,Medium,Conceptual/application MCQ
NEET27-CHEM-1380,13,Purification,Medium,Conceptual/application MCQ
NEET27-CHEM-1381,13,Purification methods,Medium,Conceptual/application MCQ
NEET27-CHEM-1382,13,Qualitative analysis,Medium,Conceptual/application MCQ
NEET27-CHEM-1383,13,Quantitative analysis,Medium,Conceptual/application MCQ
NEET27-CHEM-1384,13,Purification,Medium,Conceptual/application MCQ
NEET27-CHEM-1385,13,Purification,Medium,Conceptual/application MCQ
NEET27-CHEM-1386,13,Purification,Difficult,Statement-based MCQ
NEET27-CHEM-1387,13,Purification,Medium,Conceptual/application MCQ
NEET27-CHEM-1388,13,Qualitative analysis,Medium,Reaction/reagent MCQ
NEET27-CHEM-1389,13,Laboratory principles,Medium,Statement-based MCQ
NEET27-CHEM-1390,13,Quantitative analysis,Difficult,Multi-step numerical MCQ
NEET27-CHEM-1391,13,Quantitative analysis,Difficult,Multi-step numerical MCQ
NEET27-CHEM-1392,13,Purification,Difficult,Statement-based MCQ
NEET27-CHEM-1393,13,Qualitative analysis,Medium,Conceptual/application MCQ
NEET27-CHEM-1394,13,Purification,Medium,Conceptual/application MCQ
NEET27-CHEM-1395,13,Purification,Medium,Conceptual/application MCQ
NEET27-CHEM-1396,13,Purification,Medium,Conceptual/application MCQ
NEET27-CHEM-1397,13,Purification methods,Medium,Conceptual/application MCQ
NEET27-CHEM-1398,13,Qualitative analysis,Medium,Conceptual/application MCQ
NEET27-CHEM-1399,13,Purification,Medium,Conceptual/application MCQ
NEET27-CHEM-1400,13,Purification,Medium,Conceptual/application MCQ
NEET27-CHEM-1401,13,Qualitative analysis,Medium,Conceptual/application MCQ
NEET27-CHEM-1402,13,Purification methods,Medium,Conceptual/application MCQ
NEET27-CHEM-1403,13,Laboratory principles,Medium,Statement-based MCQ
NEET27-CHEM-1404,13,Purification,Medium,Conceptual/application MCQ
NEET27-CHEM-1405,14,Electronic effects,Easy,Direct recall MCQ
NEET27-CHEM-1406,14,Reaction reagents,Easy,Reaction/reagent MCQ
NEET27-CHEM-1407,14,Reaction intermediates,Medium,Reaction/reagent MCQ
NEET27-CHEM-1408,14,Organic reaction types,Easy,Reaction/reagent MCQ
NEET27-CHEM-1409,14,Functional Isomerism,Easy,Statement-based MCQ
NEET27-CHEM-1410,14,Electrophile,Easy,Statement-based MCQ
NEET27-CHEM-1411,14,Electronic effects,Medium,Conceptual/application MCQ
NEET27-CHEM-1412,14,Reaction reagents,Difficult,Statement-based MCQ
NEET27-CHEM-1413,14,Reaction reagents,Difficult,Statement-based MCQ
NEET27-CHEM-1414,14,Organic nomenclature,Easy,Direct recall MCQ
NEET27-CHEM-1415,14,Reaction intermediates,Medium,Structure/diagram MCQ
NEET27-CHEM-1416,14,Reaction intermediates,Difficult,Structure/diagram MCQ
NEET27-CHEM-1417,14,Nucleophile,Difficult,Statement-based MCQ
NEET27-CHEM-1418,14,Isomerism,Medium,Conceptual/application MCQ
NEET27-CHEM-1419,14,Carbanion Stability,Medium,Conceptual/application MCQ
NEET27-CHEM-1420,14,Reaction reagents,Easy,Reaction/reagent MCQ
NEET27-CHEM-1421,14,Reaction reagents,Easy,Reaction/reagent MCQ
NEET27-CHEM-1422,14,Inductive Effect,Easy,Statement-based MCQ
NEET27-CHEM-1423,14,Carbanion Stability,Easy,Statement-based MCQ
NEET27-CHEM-1424,14,Carbanion Stability,Difficult,Statement-based MCQ
NEET27-CHEM-1425,14,Electrophile,Difficult,Statement-based MCQ
NEET27-CHEM-1426,14,Chain Isomerism,Difficult,Statement-based MCQ
NEET27-CHEM-1427,14,Isomerism,Medium,Conceptual/application MCQ
NEET27-CHEM-1428,14,Iupac Parent Chain,Medium,Conceptual/application MCQ
NEET27-CHEM-1429,14,Organic reaction types,Easy,Reaction/reagent MCQ
NEET27-CHEM-1430,14,Electronic effects,Easy,Direct recall MCQ
NEET27-CHEM-1431,14,Organic nomenclature,Easy,Direct recall MCQ
NEET27-CHEM-1432,14,Organic fundamentals,Medium,Statement-based MCQ
NEET27-CHEM-1433,14,Functional Group,Difficult,Statement-based MCQ
NEET27-CHEM-1434,14,Reaction intermediates,Difficult,Statement-based MCQ
NEET27-CHEM-1435,14,Carbocation Stability,Difficult,Sequence/match MCQ
NEET27-CHEM-1436,14,Isomerism,Medium,Conceptual/application MCQ
NEET27-CHEM-1437,14,Reaction reagents,Difficult,Statement-based MCQ
NEET27-CHEM-1438,14,Electronic effects,Difficult,Statement-based MCQ
NEET27-CHEM-1439,14,Chain Isomerism,Difficult,Sequence/match MCQ
NEET27-CHEM-1440,14,Organic nomenclature,Easy,Direct recall MCQ
NEET27-CHEM-1441,14,Organic reaction types,Easy,Reaction/reagent MCQ
NEET27-CHEM-1442,14,Nucleophile,Easy,Direct recall MCQ
NEET27-CHEM-1443,14,Homolytic Fission,Difficult,Sequence/match MCQ
NEET27-CHEM-1444,14,Isomerism,Medium,Conceptual/application MCQ
NEET27-CHEM-1445,14,Organic nomenclature,Easy,Direct recall MCQ
NEET27-CHEM-1446,14,Electronic effects,Medium,Conceptual/application MCQ
NEET27-CHEM-1447,14,Organic nomenclature,Easy,Direct recall MCQ
NEET27-CHEM-1448,14,Organic fundamentals,Medium,Statement-based MCQ
NEET27-CHEM-1449,14,Chain Isomerism,Easy,Direct recall MCQ
NEET27-CHEM-1450,14,Resonance Effect,Difficult,Statement-based MCQ
NEET27-CHEM-1451,14,Functional Group,Easy,Statement-based MCQ
NEET27-CHEM-1452,14,Position Isomerism,Easy,Direct recall MCQ
NEET27-CHEM-1453,14,Organic fundamentals,Medium,Statement-based MCQ
NEET27-CHEM-1454,14,Reaction intermediates,Difficult,Structure/diagram MCQ
NEET27-CHEM-1455,14,Electronic effects,Medium,Conceptual/application MCQ
NEET27-CHEM-1456,14,Isomerism,Medium,Conceptual/application MCQ
NEET27-CHEM-1457,14,Reaction intermediates,Medium,Reaction/reagent MCQ
NEET27-CHEM-1458,14,Homologous Series,Difficult,Sequence/match MCQ
NEET27-CHEM-1459,14,Homologous Series,Easy,Statement-based MCQ
NEET27-CHEM-1460,14,Reaction reagents,Difficult,Statement-based MCQ
NEET27-CHEM-1461,14,Catenation,Easy,Direct recall MCQ
NEET27-CHEM-1462,14,Reaction intermediates,Difficult,Statement-based MCQ
NEET27-CHEM-1463,14,Organic fundamentals,Medium,Statement-based MCQ
NEET27-CHEM-1464,14,Heterolytic Fission,Easy,Statement-based MCQ
NEET27-CHEM-1465,14,Position Isomerism,Easy,Statement-based MCQ
NEET27-CHEM-1466,14,Resonance Effect,Easy,Direct recall MCQ
NEET27-CHEM-1467,14,Hyperconjugation,Difficult,Statement-based MCQ
NEET27-CHEM-1468,14,Organic nomenclature,Easy,Direct recall MCQ
NEET27-CHEM-1469,14,Reaction reagents,Easy,Reaction/reagent MCQ
NEET27-CHEM-1470,14,Carbocation Stability,Medium,Conceptual/application MCQ
NEET27-CHEM-1471,14,Catenation,Difficult,Sequence/match MCQ
NEET27-CHEM-1472,14,Reaction intermediates,Medium,Reaction/reagent MCQ
NEET27-CHEM-1473,14,Organic reaction types,Easy,Reaction/reagent MCQ
NEET27-CHEM-1474,14,Catenation,Easy,Statement-based MCQ
NEET27-CHEM-1475,14,Functional Isomerism,Easy,Direct recall MCQ
NEET27-CHEM-1476,14,Resonance Effect,Difficult,Sequence/match MCQ
NEET27-CHEM-1477,14,Reaction intermediates,Medium,Reaction/reagent MCQ
NEET27-CHEM-1478,14,Reaction reagents,Easy,Reaction/reagent MCQ
NEET27-CHEM-1479,14,Reaction intermediates,Medium,Structure/diagram MCQ
NEET27-CHEM-1480,14,Inductive Effect,Easy,Direct recall MCQ
NEET27-CHEM-1481,14,Functional Group,Difficult,Sequence/match MCQ
NEET27-CHEM-1482,14,Reaction reagents,Difficult,Statement-based MCQ
NEET27-CHEM-1483,14,Electronic effects,Easy,Direct recall MCQ
NEET27-CHEM-1484,14,Heterolytic Fission,Easy,Direct recall MCQ
NEET27-CHEM-1485,14,Organic nomenclature,Easy,Direct recall MCQ
NEET27-CHEM-1486,14,Reaction reagents,Easy,Reaction/reagent MCQ
NEET27-CHEM-1487,14,Position Isomerism,Difficult,Statement-based MCQ
NEET27-CHEM-1488,14,Reaction intermediates,Difficult,Statement-based MCQ
NEET27-CHEM-1489,14,Homologous Series,Difficult,Statement-based MCQ
NEET27-CHEM-1490,14,Functional Group,Easy,Direct recall MCQ
NEET27-CHEM-1491,14,Organic nomenclature,Easy,Direct recall MCQ
NEET27-CHEM-1492,14,Chain Isomerism,Easy,Statement-based MCQ
NEET27-CHEM-1493,14,Carbanion Stability,Difficult,Sequence/match MCQ
NEET27-CHEM-1494,14,Nucleophile,Difficult,Sequence/match MCQ
NEET27-CHEM-1495,14,Inductive Effect,Difficult,Sequence/match MCQ
NEET27-CHEM-1496,14,Electrophile,Easy,Direct recall MCQ
NEET27-CHEM-1497,14,Electronic effects,Easy,Direct recall MCQ
NEET27-CHEM-1498,14,Nucleophile,Easy,Statement-based MCQ
NEET27-CHEM-1499,14,Electrophile,Difficult,Sequence/match MCQ
NEET27-CHEM-1500,14,Electronic effects,Difficult,Statement-based MCQ
NEET27-CHEM-1501,14,Iupac Parent Chain,Difficult,Sequence/match MCQ
NEET27-CHEM-1502,14,Reaction reagents,Easy,Reaction/reagent MCQ
NEET27-CHEM-1503,14,Carbocation Stability,Difficult,Statement-based MCQ
NEET27-CHEM-1504,14,Reaction intermediates,Difficult,Structure/diagram MCQ
NEET27-CHEM-1505,14,Reaction reagents,Easy,Reaction/reagent MCQ
NEET27-CHEM-1506,14,Position Isomerism,Difficult,Sequence/match MCQ
NEET27-CHEM-1507,14,Functional Isomerism,Difficult,Sequence/match MCQ
NEET27-CHEM-1508,14,Hyperconjugation,Difficult,Sequence/match MCQ
NEET27-CHEM-1509,14,Homolytic Fission,Easy,Direct recall MCQ
NEET27-CHEM-1510,14,Hyperconjugation,Easy,Direct recall MCQ
NEET27-CHEM-1511,14,Electronic effects,Medium,Conceptual/application MCQ
NEET27-CHEM-1512,14,Carbocation Stability,Easy,Statement-based MCQ
NEET27-CHEM-1513,14,Organic reaction types,Easy,Reaction/reagent MCQ
NEET27-CHEM-1514,14,Functional Isomerism,Difficult,Statement-based MCQ
NEET27-CHEM-1515,14,Reaction intermediates,Difficult,Statement-based MCQ
NEET27-CHEM-1516,14,Reaction intermediates,Medium,Structure/diagram MCQ
NEET27-CHEM-1517,14,Isomerism,Medium,Conceptual/application MCQ
NEET27-CHEM-1518,14,Electronic effects,Difficult,Statement-based MCQ
NEET27-CHEM-1519,14,Homolytic Fission,Difficult,Statement-based MCQ
NEET27-CHEM-1520,14,Homolytic Fission,Easy,Statement-based MCQ
NEET27-CHEM-1521,14,Electronic effects,Medium,Conceptual/application MCQ
NEET27-CHEM-1522,14,Iupac Parent Chain,Easy,Statement-based MCQ
NEET27-CHEM-1523,14,Catenation,Difficult,Statement-based MCQ
NEET27-CHEM-1524,14,Resonance Effect,Easy,Statement-based MCQ
NEET27-CHEM-1525,14,Inductive Effect,Difficult,Statement-based MCQ
NEET27-CHEM-1526,14,Heterolytic Fission,Difficult,Sequence/match MCQ
NEET27-CHEM-1527,14,Hyperconjugation,Easy,Statement-based MCQ
NEET27-CHEM-1528,14,Electronic effects,Difficult,Statement-based MCQ
NEET27-CHEM-1529,14,Homologous Series,Easy,Direct recall MCQ
NEET27-CHEM-1530,14,Heterolytic Fission,Difficult,Statement-based MCQ
NEET27-CHEM-1531,15,Unsaturated hydrocarbons,Difficult,Statement-based MCQ
NEET27-CHEM-1532,15,Unsaturated hydrocarbons,Medium,Reaction/reagent MCQ
NEET27-CHEM-1533,15,Benzene Aromaticity,Easy,Statement-based MCQ
NEET27-CHEM-1534,15,Alkyne,Easy,Direct recall MCQ
NEET27-CHEM-1535,15,Alkane,Difficult,Sequence/match MCQ
NEET27-CHEM-1536,15,Alkane,Difficult,Statement-based MCQ
NEET27-CHEM-1537,15,Wurtz Reaction,Difficult,Statement-based MCQ
NEET27-CHEM-1538,15,Markovnikov Rule,Difficult,Sequence/match MCQ
NEET27-CHEM-1539,15,Unsaturated hydrocarbons,Medium,Reaction/reagent MCQ
NEET27-CHEM-1540,15,Friedel-Crafts Alkylation,Medium,Conceptual/application MCQ
NEET27-CHEM-1541,15,Benzene Aromaticity,Difficult,Sequence/match MCQ
NEET27-CHEM-1542,15,Preparation of hydrocarbons,Medium,Reaction/reagent MCQ
NEET27-CHEM-1543,15,Alkynes,Medium,Conceptual/application MCQ
NEET27-CHEM-1544,15,Nitration Of Benzene,Difficult,Sequence/match MCQ
NEET27-CHEM-1545,15,Acetylide Ion,Difficult,Sequence/match MCQ
NEET27-CHEM-1546,15,Alkane,Easy,Statement-based MCQ
NEET27-CHEM-1547,15,Aromatic hydrocarbons,Medium,Reaction/reagent MCQ
NEET27-CHEM-1548,15,Hydrocarbon properties,Medium,Statement-based MCQ
NEET27-CHEM-1549,15,Hydrocarbon properties,Medium,Statement-based MCQ
NEET27-CHEM-1550,15,Nitration Of Benzene,Difficult,Statement-based MCQ
NEET27-CHEM-1551,15,Unsaturated hydrocarbons,Difficult,Statement-based MCQ
NEET27-CHEM-1552,15,Halogenation Of Benzene,Easy,Statement-based MCQ
NEET27-CHEM-1553,15,Peroxide Effect,Difficult,Statement-based MCQ
NEET27-CHEM-1554,15,Hydrocarbon combustion,Medium,One-step numerical MCQ
NEET27-CHEM-1555,15,Alkene,Easy,Statement-based MCQ
NEET27-CHEM-1556,15,Unsaturated hydrocarbons,Medium,Reaction/reagent MCQ
NEET27-CHEM-1557,15,Alkenes,Medium,Reaction/reagent MCQ
NEET27-CHEM-1558,15,Acetylide Ion,Easy,Direct recall MCQ
NEET27-CHEM-1559,15,Alkenes,Medium,Reaction/reagent MCQ
NEET27-CHEM-1560,15,Friedel-Crafts Acylation,Difficult,Statement-based MCQ
NEET27-CHEM-1561,15,Alkene,Easy,Direct recall MCQ
NEET27-CHEM-1562,15,Unsaturated hydrocarbons,Difficult,Statement-based MCQ
NEET27-CHEM-1563,15,Acetylide Ion,Difficult,Statement-based MCQ
NEET27-CHEM-1564,15,Alkenes,Easy,Reaction/reagent MCQ
NEET27-CHEM-1565,15,Ozonolysis,Difficult,Statement-based MCQ
NEET27-CHEM-1566,15,Friedel-Crafts Alkylation,Difficult,Statement-based MCQ
NEET27-CHEM-1567,15,Alkene,Difficult,Sequence/match MCQ
NEET27-CHEM-1568,15,Peroxide Effect,Easy,Statement-based MCQ
NEET27-CHEM-1569,15,Aromatic hydrocarbons,Medium,Reaction/reagent MCQ
NEET27-CHEM-1570,15,Alkene,Difficult,Statement-based MCQ
NEET27-CHEM-1571,15,Alkenes,Easy,Reaction/reagent MCQ
NEET27-CHEM-1572,15,Hydrocarbon combustion,Medium,One-step numerical MCQ
NEET27-CHEM-1573,15,Unsaturated hydrocarbons,Difficult,Statement-based MCQ
NEET27-CHEM-1574,15,Preparation of hydrocarbons,Medium,Reaction/reagent MCQ
NEET27-CHEM-1575,15,Halogenation Of Benzene,Medium,Conceptual/application MCQ
NEET27-CHEM-1576,15,Alkenes,Medium,Reaction/reagent MCQ
NEET27-CHEM-1577,15,Ozonolysis,Difficult,Sequence/match MCQ
NEET27-CHEM-1578,15,Halogenation Of Benzene,Difficult,Sequence/match MCQ
NEET27-CHEM-1579,15,Markovnikov Rule,Difficult,Statement-based MCQ
NEET27-CHEM-1580,15,Hydrocarbon combustion,Medium,One-step numerical MCQ
NEET27-CHEM-1581,15,Geometrical Isomerism In Alkenes,Medium,Conceptual/application MCQ
NEET27-CHEM-1582,15,Acetylide Ion,Easy,Statement-based MCQ
NEET27-CHEM-1583,15,Wurtz Reaction,Easy,Reaction/reagent MCQ
NEET27-CHEM-1584,15,Ozonolysis,Easy,Statement-based MCQ
NEET27-CHEM-1585,15,Unsaturated hydrocarbons,Medium,Reaction/reagent MCQ
NEET27-CHEM-1586,15,Unsaturated hydrocarbons,Medium,Reaction/reagent MCQ
NEET27-CHEM-1587,15,Wurtz Reaction,Difficult,Sequence/match MCQ
NEET27-CHEM-1588,15,Unsaturated hydrocarbons,Difficult,Statement-based MCQ
NEET27-CHEM-1589,15,Aromatic hydrocarbons,Medium,Reaction/reagent MCQ
NEET27-CHEM-1590,15,Preparation of hydrocarbons,Medium,Reaction/reagent MCQ
NEET27-CHEM-1591,15,Hydrocarbon combustion,Medium,One-step numerical MCQ
NEET27-CHEM-1592,15,Nitration Of Benzene,Easy,Statement-based MCQ
NEET27-CHEM-1593,15,Friedel-Crafts Alkylation,Difficult,Sequence/match MCQ
NEET27-CHEM-1594,15,Geometrical Isomerism In Alkenes,Difficult,Sequence/match MCQ
NEET27-CHEM-1595,15,Alkanes,Medium,Structure/diagram MCQ
NEET27-CHEM-1596,15,Alkenes,Easy,Reaction/reagent MCQ
NEET27-CHEM-1597,15,Aromatic hydrocarbons,Medium,Reaction/reagent MCQ
NEET27-CHEM-1598,15,Geometrical Isomerism In Alkenes,Difficult,Statement-based MCQ
NEET27-CHEM-1599,15,Friedel-Crafts Acylation,Difficult,Sequence/match MCQ
NEET27-CHEM-1600,15,Alkyne,Difficult,Statement-based MCQ
NEET27-CHEM-1601,15,Friedel-Crafts Alkylation,Easy,Statement-based MCQ
NEET27-CHEM-1602,15,Alkynes,Medium,Conceptual/application MCQ
NEET27-CHEM-1603,15,Unsaturated hydrocarbons,Medium,Reaction/reagent MCQ
NEET27-CHEM-1604,15,Alkane,Easy,Direct recall MCQ
NEET27-CHEM-1605,15,Wurtz Reaction,Easy,Statement-based MCQ
NEET27-CHEM-1606,15,Aromatic hydrocarbons,Medium,Reaction/reagent MCQ
NEET27-CHEM-1607,15,Alkenes,Medium,Reaction/reagent MCQ
NEET27-CHEM-1608,15,Alkyne,Difficult,Sequence/match MCQ
NEET27-CHEM-1609,15,Ozonolysis,Easy,Reaction/reagent MCQ
NEET27-CHEM-1610,15,Unsaturated hydrocarbons,Medium,Reaction/reagent MCQ
NEET27-CHEM-1611,15,Markovnikov Rule,Medium,Conceptual/application MCQ
NEET27-CHEM-1612,15,Hydrocarbon properties,Medium,Statement-based MCQ
NEET27-CHEM-1613,15,Unsaturated hydrocarbons,Medium,Reaction/reagent MCQ
NEET27-CHEM-1614,15,Nitration Of Benzene,Medium,Conceptual/application MCQ
NEET27-CHEM-1615,15,Friedel-Crafts Acylation,Easy,Statement-based MCQ
NEET27-CHEM-1616,15,Halogenation Of Benzene,Difficult,Statement-based MCQ
NEET27-CHEM-1617,15,Alkenes,Medium,Reaction/reagent MCQ
NEET27-CHEM-1618,15,Preparation of hydrocarbons,Medium,Reaction/reagent MCQ
NEET27-CHEM-1619,15,Alkyne,Easy,Statement-based MCQ
NEET27-CHEM-1620,15,Benzene Aromaticity,Difficult,Statement-based MCQ
NEET27-CHEM-1621,15,Friedel-Crafts Acylation,Medium,Conceptual/application MCQ
NEET27-CHEM-1622,15,Peroxide Effect,Difficult,Sequence/match MCQ
NEET27-CHEM-1623,15,Alkenes,Easy,Reaction/reagent MCQ
NEET27-CHEM-1624,15,Alkanes,Medium,Structure/diagram MCQ
NEET27-CHEM-1625,15,Alkanes,Medium,Structure/diagram MCQ
NEET27-CHEM-1626,15,Geometrical Isomerism In Alkenes,Easy,Statement-based MCQ
NEET27-CHEM-1627,15,Unsaturated hydrocarbons,Difficult,Statement-based MCQ
NEET27-CHEM-1628,15,Hydrocarbon properties,Medium,Statement-based MCQ
NEET27-CHEM-1629,15,Hydrocarbon combustion,Medium,One-step numerical MCQ
NEET27-CHEM-1630,15,Unsaturated hydrocarbons,Difficult,Statement-based MCQ
NEET27-CHEM-1631,15,Peroxide Effect,Medium,Conceptual/application MCQ
NEET27-CHEM-1632,15,Unsaturated hydrocarbons,Difficult,Statement-based MCQ
NEET27-CHEM-1633,15,Alkenes,Difficult,Statement-based MCQ
NEET27-CHEM-1634,15,Preparation of hydrocarbons,Medium,Reaction/reagent MCQ
NEET27-CHEM-1635,15,Benzene Aromaticity,Medium,Conceptual/application MCQ
NEET27-CHEM-1636,15,Markovnikov Rule,Easy,Statement-based MCQ
NEET27-CHEM-1637,15,Alkanes,Medium,Structure/diagram MCQ
NEET27-CHEM-1638,15,Alkynes,Medium,Conceptual/application MCQ
NEET27-CHEM-1639,16,Finkelstein Reaction,Easy,Statement-based MCQ
NEET27-CHEM-1640,16,Geminal Dihalide,Easy,Statement-based MCQ
NEET27-CHEM-1641,16,Benzylic Halide,Easy,Statement-based MCQ
NEET27-CHEM-1642,16,Haloarene,Easy,Direct recall MCQ
NEET27-CHEM-1643,16,Aryl Diazonium Replacement,Difficult,Statement-based MCQ
NEET27-CHEM-1644,16,S_N1 Reaction,Medium,Sequence/match MCQ
NEET27-CHEM-1645,16,Chlorobenzene Resistance,Difficult,Statement-based MCQ
NEET27-CHEM-1646,16,Swarts Reaction,Difficult,Statement-based MCQ
NEET27-CHEM-1647,16,S_N1 Reaction,Easy,Statement-based MCQ
NEET27-CHEM-1648,16,Geminal Dihalide,Difficult,Statement-based MCQ
NEET27-CHEM-1649,16,Alcoholic Hydroxide Reaction,Medium,Sequence/match MCQ
NEET27-CHEM-1650,16,S_N2 Stereochemistry,Difficult,Statement-based MCQ
NEET27-CHEM-1651,16,S_N2 Reaction,Easy,Reaction/reagent MCQ
NEET27-CHEM-1652,16,Swarts Reaction,Difficult,Statement-based MCQ
NEET27-CHEM-1653,16,DDT,Easy,Statement-based MCQ
NEET27-CHEM-1654,16,Haloalkane,Difficult,Statement-based MCQ
NEET27-CHEM-1655,16,Wurtz Reaction,Difficult,Statement-based MCQ
NEET27-CHEM-1656,16,S_N1 Reaction,Easy,Reaction/reagent MCQ
NEET27-CHEM-1657,16,S_N2 Substrate Trend,Medium,Sequence/match MCQ
NEET27-CHEM-1658,16,Aqueous Hydroxide Reaction,Difficult,Statement-based MCQ
NEET27-CHEM-1659,16,Swarts Reaction,Medium,Sequence/match MCQ
NEET27-CHEM-1660,16,S_N2 Reaction,Medium,Statement-based MCQ
NEET27-CHEM-1661,16,Geminal Dihalide,Medium,Statement-based MCQ
NEET27-CHEM-1662,16,Haloarene,Difficult,Statement-based MCQ
NEET27-CHEM-1663,16,Allylic Halide,Easy,Statement-based MCQ
NEET27-CHEM-1664,16,S_N2 Stereochemistry,Easy,Direct recall MCQ
NEET27-CHEM-1665,16,Chlorobenzene Resistance,Difficult,Statement-based MCQ
NEET27-CHEM-1666,16,Dow Process,Difficult,Sequence/match MCQ
NEET27-CHEM-1667,16,S_N2 Reaction,Easy,Statement-based MCQ
NEET27-CHEM-1668,16,Wurtz Reaction,Difficult,Sequence/match MCQ
NEET27-CHEM-1669,16,Benzylic Halide,Difficult,Sequence/match MCQ
NEET27-CHEM-1670,16,Swarts Reaction,Easy,Statement-based MCQ
NEET27-CHEM-1671,16,Finkelstein Reaction,Difficult,Statement-based MCQ
NEET27-CHEM-1672,16,S_N1 Reaction,Easy,Statement-based MCQ
NEET27-CHEM-1673,16,Benzylic Halide,Easy,Direct recall MCQ
NEET27-CHEM-1674,16,Grignard Reagent,Medium,Sequence/match MCQ
NEET27-CHEM-1675,16,Vicinal Dihalide,Easy,Direct recall MCQ
NEET27-CHEM-1676,16,Haloarene,Easy,Statement-based MCQ
NEET27-CHEM-1677,16,Geminal Dihalide,Easy,Direct recall MCQ
NEET27-CHEM-1678,16,Chlorobenzene Resistance,Medium,Conceptual/application MCQ
NEET27-CHEM-1679,16,Benzylic Halide,Easy,Statement-based MCQ
NEET27-CHEM-1680,16,S_N2 Stereochemistry,Easy,Statement-based MCQ
NEET27-CHEM-1681,16,Alcoholic Hydroxide Reaction,Difficult,Statement-based MCQ
NEET27-CHEM-1682,16,S_N2 Substrate Trend,Easy,Statement-based MCQ
NEET27-CHEM-1683,16,Allylic Halide,Difficult,Statement-based MCQ
NEET27-CHEM-1684,16,Finkelstein Reaction,Difficult,Sequence/match MCQ
NEET27-CHEM-1685,16,Aqueous Hydroxide Reaction,Difficult,Sequence/match MCQ
NEET27-CHEM-1686,16,Benzylic Halide,Difficult,Sequence/match MCQ
NEET27-CHEM-1687,16,S_N1 Substrate Trend,Easy,Statement-based MCQ
NEET27-CHEM-1688,16,S_N2 Stereochemistry,Easy,Statement-based MCQ
NEET27-CHEM-1689,16,Grignard Reagent,Easy,Statement-based MCQ
NEET27-CHEM-1690,16,DDT,Difficult,Statement-based MCQ
NEET27-CHEM-1691,16,DDT,Difficult,Sequence/match MCQ
NEET27-CHEM-1692,16,Aqueous Hydroxide Reaction,Medium,Reaction/reagent MCQ
NEET27-CHEM-1693,16,Alcoholic Hydroxide Reaction,Easy,Statement-based MCQ
NEET27-CHEM-1694,16,Chloroform Oxidation,Medium,Sequence/match MCQ
NEET27-CHEM-1695,16,S_N2 Reaction,Easy,Statement-based MCQ
NEET27-CHEM-1696,16,S_N1 Stereochemistry,Easy,Statement-based MCQ
NEET27-CHEM-1697,16,Optical Activity,Difficult,Statement-based MCQ
NEET27-CHEM-1698,16,Aryl Diazonium Replacement,Difficult,Statement-based MCQ
NEET27-CHEM-1699,16,Swarts Reaction,Easy,Reaction/reagent MCQ
NEET27-CHEM-1700,16,Finkelstein Reaction,Difficult,Sequence/match MCQ
NEET27-CHEM-1701,16,Haloalkane,Easy,Statement-based MCQ
NEET27-CHEM-1702,16,Allylic Halide,Easy,Statement-based MCQ
NEET27-CHEM-1703,16,Geminal Dihalide,Medium,Sequence/match MCQ
NEET27-CHEM-1704,16,Haloarene,Easy,Statement-based MCQ
NEET27-CHEM-1705,16,Vicinal Dihalide,Difficult,Statement-based MCQ
NEET27-CHEM-1706,16,Geminal Dihalide,Easy,Statement-based MCQ
NEET27-CHEM-1707,16,Dow Process,Easy,Direct recall MCQ
NEET27-CHEM-1708,16,Wurtz Reaction,Easy,Reaction/reagent MCQ
NEET27-CHEM-1709,16,Dehydrohalogenation Orientation,Difficult,Statement-based MCQ
NEET27-CHEM-1710,16,S_N2 Stereochemistry,Difficult,Sequence/match MCQ
NEET27-CHEM-1711,16,S_N1 Reaction,Difficult,Sequence/match MCQ
NEET27-CHEM-1712,16,Wurtz Reaction,Medium,Sequence/match MCQ
NEET27-CHEM-1713,16,S_N1 Stereochemistry,Easy,Statement-based MCQ
NEET27-CHEM-1714,16,Grignard Reagent,Easy,Reaction/reagent MCQ
NEET27-CHEM-1715,16,Vicinal Dihalide,Medium,Sequence/match MCQ
NEET27-CHEM-1716,16,Alcoholic Hydroxide Reaction,Difficult,Sequence/match MCQ
NEET27-CHEM-1717,16,Benzylic Halide,Difficult,Statement-based MCQ
NEET27-CHEM-1718,16,Dehydrohalogenation Orientation,Medium,Sequence/match MCQ
NEET27-CHEM-1719,16,Haloarene,Medium,Sequence/match MCQ
NEET27-CHEM-1720,16,Allylic Halide,Easy,Direct recall MCQ
NEET27-CHEM-1721,16,Grignard Reagent,Easy,Statement-based MCQ
NEET27-CHEM-1722,16,Dehydrohalogenation Orientation,Easy,Statement-based MCQ
NEET27-CHEM-1723,16,Chloroform Oxidation,Difficult,Statement-based MCQ
NEET27-CHEM-1724,16,Dow Process,Difficult,Statement-based MCQ
NEET27-CHEM-1725,16,Optical Activity,Difficult,Sequence/match MCQ
NEET27-CHEM-1726,16,Optical Activity,Easy,Statement-based MCQ
NEET27-CHEM-1727,16,Optical Activity,Easy,Direct recall MCQ
NEET27-CHEM-1728,16,Optical Activity,Difficult,Statement-based MCQ
NEET27-CHEM-1729,17,Aldehyde,Easy,Statement-based MCQ
NEET27-CHEM-1730,17,Sodium Bisulfite Addition,Medium,Sequence/match MCQ
NEET27-CHEM-1731,17,Phenoxide Formation,Difficult,Statement-based MCQ
NEET27-CHEM-1732,17,Phenol,Easy,Direct recall MCQ
NEET27-CHEM-1733,17,Clemmensen Reduction,Medium,Reaction/reagent MCQ
NEET27-CHEM-1734,17,Carboxylic Acid Acidity,Easy,Statement-based MCQ
NEET27-CHEM-1735,17,Carboxylic Acid,Medium,Sequence/match MCQ
NEET27-CHEM-1736,17,Oxime Formation,Medium,Sequence/match MCQ
NEET27-CHEM-1737,17,Alcohol,Easy,Direct recall MCQ
NEET27-CHEM-1738,17,Carboxylic Acid,Difficult,Statement-based MCQ
NEET27-CHEM-1739,17,Carboxylic Acid Acidity,Medium,Conceptual/application MCQ
NEET27-CHEM-1740,17,Wolff-Kishner Reduction,Difficult,Statement-based MCQ
NEET27-CHEM-1741,17,Oxidation Of Primary Alcohol,Easy,Statement-based MCQ
NEET27-CHEM-1742,17,Ether Cleavage,Difficult,Statement-based MCQ
NEET27-CHEM-1743,17,Sodium Bisulfite Addition,Easy,Statement-based MCQ
NEET27-CHEM-1744,17,Nucleophilic Addition,Medium,Sequence/match MCQ
NEET27-CHEM-1745,17,Aldehyde Reactivity,Easy,Statement-based MCQ
NEET27-CHEM-1746,17,Phenol,Easy,Statement-based MCQ
NEET27-CHEM-1747,17,Esterification,Easy,Direct recall MCQ
NEET27-CHEM-1748,17,Bromination Of Phenol,Easy,Statement-based MCQ
NEET27-CHEM-1749,17,Aldol Condensation,Medium,Sequence/match MCQ
NEET27-CHEM-1750,17,Tertiary Alcohol Oxidation,Difficult,Sequence/match MCQ
NEET27-CHEM-1751,17,Wolff-Kishner Reduction,Difficult,Statement-based MCQ
NEET27-CHEM-1752,17,Phenol Acidity,Medium,Statement-based MCQ
NEET27-CHEM-1753,17,Phenol Acidity,Difficult,Statement-based MCQ
NEET27-CHEM-1754,17,Bromination Of Phenol,Easy,Statement-based MCQ
NEET27-CHEM-1755,17,Reduction Of Carbonyl,Medium,Sequence/match MCQ
NEET27-CHEM-1756,17,Phenol Acidity,Difficult,Statement-based MCQ
NEET27-CHEM-1757,17,Anisole Electrophilic Substitution,Difficult,Sequence/match MCQ
NEET27-CHEM-1758,17,Grignard Addition To Carbonyl,Difficult,Statement-based MCQ
NEET27-CHEM-1759,17,Acidic Dehydration Temperature,Medium,Conceptual/application MCQ
NEET27-CHEM-1760,17,Grignard Addition To Carbonyl,Medium,Reaction/reagent MCQ
NEET27-CHEM-1761,17,Aldol Condensation,Easy,Statement-based MCQ
NEET27-CHEM-1762,17,Cannizzaro Reaction,Difficult,Statement-based MCQ
NEET27-CHEM-1763,17,Clemmensen Reduction,Difficult,Sequence/match MCQ
NEET27-CHEM-1764,17,Clemmensen Reduction,Easy,Statement-based MCQ
NEET27-CHEM-1765,17,Oxidation Of Aldehyde,Difficult,Statement-based MCQ
NEET27-CHEM-1766,17,Acidic Dehydration Temperature,Easy,Statement-based MCQ
NEET27-CHEM-1767,17,Sodium Bisulfite Addition,Easy,Statement-based MCQ
NEET27-CHEM-1768,17,Ether,Easy,Direct recall MCQ
NEET27-CHEM-1769,17,Dehydration Of Alcohol,Medium,Sequence/match MCQ
NEET27-CHEM-1770,17,Alcohol,Difficult,Statement-based MCQ
NEET27-CHEM-1771,17,Carboxylic Acid Acidity,Difficult,Statement-based MCQ
NEET27-CHEM-1772,17,Carboxylic Acid Acidity,Easy,Statement-based MCQ
NEET27-CHEM-1773,17,Ether Cleavage,Easy,Statement-based MCQ
NEET27-CHEM-1774,17,Wolff-Kishner Reduction,Medium,Sequence/match MCQ
NEET27-CHEM-1775,17,Ketone,Easy,Statement-based MCQ
NEET27-CHEM-1776,17,Alcohol,Difficult,Statement-based MCQ
NEET27-CHEM-1777,17,Tertiary Alcohol Oxidation,Difficult,Statement-based MCQ
NEET27-CHEM-1778,17,Reduction Of Carbonyl,Easy,Statement-based MCQ
NEET27-CHEM-1779,17,Phenoxide Formation,Easy,Statement-based MCQ
NEET27-CHEM-1780,17,Nitration Of Phenol,Easy,Direct recall MCQ
NEET27-CHEM-1781,17,Tertiary Alcohol Oxidation,Difficult,Statement-based MCQ
NEET27-CHEM-1782,17,Nitration Of Phenol,Difficult,Statement-based MCQ
NEET27-CHEM-1783,17,Oxime Formation,Easy,Statement-based MCQ
NEET27-CHEM-1784,17,Grignard Addition To Carbonyl,Easy,Statement-based MCQ
NEET27-CHEM-1785,17,Carboxylic Acid,Easy,Statement-based MCQ
NEET27-CHEM-1786,17,Hydrogen Bonding In Alcohols,Difficult,Statement-based MCQ
NEET27-CHEM-1787,17,Nucleophilic Addition,Difficult,Statement-based MCQ
NEET27-CHEM-1788,17,Phenol Acidity,Difficult,Sequence/match MCQ
NEET27-CHEM-1789,17,Sodium Bisulfite Addition,Difficult,Statement-based MCQ
NEET27-CHEM-1790,17,Phenol,Medium,Sequence/match MCQ
NEET27-CHEM-1791,17,Grignard Addition To Carbonyl,Difficult,Sequence/match MCQ
NEET27-CHEM-1792,17,Cannizzaro Reaction,Difficult,Sequence/match MCQ
NEET27-CHEM-1793,17,Reimer-Tiemann Reaction,Difficult,Statement-based MCQ
NEET27-CHEM-1794,17,Nucleophilic Addition,Difficult,Sequence/match MCQ
NEET27-CHEM-1795,17,Aldehyde,Medium,Sequence/match MCQ
NEET27-CHEM-1796,17,Dehydration Of Alcohol,Easy,Direct recall MCQ
NEET27-CHEM-1797,17,Ketone,Medium,Statement-based MCQ
NEET27-CHEM-1798,17,Phenoxide Formation,Easy,Statement-based MCQ
NEET27-CHEM-1799,17,Reimer-Tiemann Reaction,Easy,Reaction/reagent MCQ
NEET27-CHEM-1800,17,Oxidation Of Secondary Alcohol,Difficult,Statement-based MCQ
NEET27-CHEM-1801,17,Ketone,Easy,Statement-based MCQ
NEET27-CHEM-1802,17,Oxidation Of Aldehyde,Difficult,Statement-based MCQ
NEET27-CHEM-1803,17,Reimer-Tiemann Reaction,Easy,Statement-based MCQ
NEET27-CHEM-1804,17,Aldol Condensation,Difficult,Statement-based MCQ
NEET27-CHEM-1805,17,Oxime Formation,Difficult,Sequence/match MCQ
NEET27-CHEM-1806,17,Esterification,Easy,Statement-based MCQ
NEET27-CHEM-1807,17,Bromination Of Phenol,Difficult,Statement-based MCQ
NEET27-CHEM-1808,17,Dehydration Of Alcohol,Difficult,Sequence/match MCQ
NEET27-CHEM-1809,17,Oxidation Of Primary Alcohol,Medium,Reaction/reagent MCQ
NEET27-CHEM-1810,17,Phenol,Difficult,Statement-based MCQ
NEET27-CHEM-1811,17,Oxidation Of Aldehyde,Easy,Reaction/reagent MCQ
NEET27-CHEM-1812,17,Sodium Bisulfite Addition,Medium,Reaction/reagent MCQ
NEET27-CHEM-1813,17,Solubility Of Lower Alcohols,Difficult,Sequence/match MCQ
NEET27-CHEM-1814,17,Cannizzaro Reaction,Medium,Reaction/reagent MCQ
NEET27-CHEM-1815,17,Aldol Condensation,Easy,Statement-based MCQ
NEET27-CHEM-1816,17,Cannizzaro Reaction,Easy,Statement-based MCQ
NEET27-CHEM-1817,17,Aldehyde Reactivity,Difficult,Sequence/match MCQ
NEET27-CHEM-1818,17,Hcn Addition,Medium,Statement-based MCQ
NEET27-CHEM-1819,17,Acidic Dehydration Temperature,Difficult,Statement-based MCQ
NEET27-CHEM-1820,17,Oxidation Of Primary Alcohol,Difficult,Sequence/match MCQ
NEET27-CHEM-1821,17,Bromination Of Phenol,Easy,Direct recall MCQ
NEET27-CHEM-1822,17,Oxidation Of Secondary Alcohol,Medium,Sequence/match MCQ
NEET27-CHEM-1823,17,Nitration Of Phenol,Easy,Statement-based MCQ
NEET27-CHEM-1824,17,Anisole Electrophilic Substitution,Easy,Statement-based MCQ
NEET27-CHEM-1825,17,Ether,Medium,Statement-based MCQ
NEET27-CHEM-1826,17,Wolff-Kishner Reduction,Medium,Reaction/reagent MCQ
NEET27-CHEM-1827,17,Solubility Of Lower Alcohols,Easy,Statement-based MCQ
NEET27-CHEM-1828,17,Oxidation Of Secondary Alcohol,Easy,Statement-based MCQ
NEET27-CHEM-1829,17,Oxidation Of Primary Alcohol,Difficult,Sequence/match MCQ
NEET27-CHEM-1830,17,Reimer-Tiemann Reaction,Difficult,Statement-based MCQ
NEET27-CHEM-1831,17,Carboxylic Acid Acidity,Medium,Sequence/match MCQ
NEET27-CHEM-1832,17,Aldehyde Reactivity,Medium,Conceptual/application MCQ
NEET27-CHEM-1833,17,Dehydration Of Alcohol,Easy,Statement-based MCQ
NEET27-CHEM-1834,17,Reduction Of Carbonyl,Difficult,Sequence/match MCQ
NEET27-CHEM-1835,17,Ketone,Difficult,Statement-based MCQ
NEET27-CHEM-1836,17,Oxidation Of Aldehyde,Difficult,Sequence/match MCQ
NEET27-CHEM-1837,17,Solubility Of Lower Alcohols,Medium,Conceptual/application MCQ
NEET27-CHEM-1838,17,Reduction Of Carbonyl,Difficult,Statement-based MCQ
NEET27-CHEM-1839,17,Aldol Condensation,Difficult,Sequence/match MCQ
NEET27-CHEM-1840,17,Cannizzaro Reaction,Medium,Statement-based MCQ
NEET27-CHEM-1841,17,Anisole Electrophilic Substitution,Difficult,Sequence/match MCQ
NEET27-CHEM-1842,17,Nitration Of Phenol,Medium,Sequence/match MCQ
NEET27-CHEM-1843,17,Hydrogen Bonding In Alcohols,Difficult,Statement-based MCQ
NEET27-CHEM-1844,17,Hcn Addition,Easy,Statement-based MCQ
NEET27-CHEM-1845,17,Hydrogen Bonding In Alcohols,Easy,Statement-based MCQ
NEET27-CHEM-1846,17,Clemmensen Reduction,Easy,Statement-based MCQ
NEET27-CHEM-1847,17,Cannizzaro Reaction,Difficult,Statement-based MCQ
NEET27-CHEM-1848,17,Acidic Dehydration Temperature,Difficult,Sequence/match MCQ
NEET27-CHEM-1849,17,Grignard Addition To Carbonyl,Difficult,Sequence/match MCQ
NEET27-CHEM-1850,17,Aldol Condensation,Medium,Conceptual/application MCQ
NEET27-CHEM-1851,17,Esterification,Difficult,Statement-based MCQ
NEET27-CHEM-1852,17,Grignard Addition To Carbonyl,Easy,Statement-based MCQ
NEET27-CHEM-1853,17,Carboxylic Acid,Easy,Direct recall MCQ
NEET27-CHEM-1854,17,Williamson Ether Synthesis,Difficult,Sequence/match MCQ
NEET27-CHEM-1855,18,Secondary Amine,Easy,Statement-based MCQ
NEET27-CHEM-1856,18,Reduction Of Nitro Compound,Medium,Sequence/match MCQ
NEET27-CHEM-1857,18,Aniline Basicity,Difficult,Statement-based MCQ
NEET27-CHEM-1858,18,Quaternary Ammonium Salt,Medium,Statement-based MCQ
NEET27-CHEM-1859,18,Nitrous Acid With Primary Aliphatic Amine,Medium,Conceptual/application MCQ
NEET27-CHEM-1860,18,Nitrous Acid With Primary Aliphatic Amine,Easy,Statement-based MCQ
NEET27-CHEM-1861,18,Amine,Easy,Direct recall MCQ
NEET27-CHEM-1862,18,Ethylamine Versus Aniline,Difficult,Statement-based MCQ
NEET27-CHEM-1863,18,Acylation Of Aniline,Easy,Statement-based MCQ
NEET27-CHEM-1864,18,Gabriel Synthesis,Difficult,Statement-based MCQ
NEET27-CHEM-1865,18,Benzene Diazonium Chloride,Easy,Statement-based MCQ
NEET27-CHEM-1866,18,Aniline Bromination,Medium,Sequence/match MCQ
NEET27-CHEM-1867,18,Diazotization,Difficult,Statement-based MCQ
NEET27-CHEM-1868,18,Ammonolysis Of Haloalkane,Easy,Statement-based MCQ
NEET27-CHEM-1869,18,Gabriel Synthesis,Easy,Statement-based MCQ
NEET27-CHEM-1870,18,Amide Basicity,Difficult,Sequence/match MCQ
NEET27-CHEM-1871,18,Azo Coupling,Difficult,Statement-based MCQ
NEET27-CHEM-1872,18,Secondary Amine,Easy,Statement-based MCQ
NEET27-CHEM-1873,18,Gattermann Reaction,Easy,Statement-based MCQ
NEET27-CHEM-1874,18,Nitrous Acid With Primary Aromatic Amine,Medium,Conceptual/application MCQ
NEET27-CHEM-1875,18,Acylation Of Aniline,Medium,Statement-based MCQ
NEET27-CHEM-1876,18,Nitrous Acid With Primary Aliphatic Amine,Difficult,Statement-based MCQ
NEET27-CHEM-1877,18,Secondary Amine,Difficult,Sequence/match MCQ
NEET27-CHEM-1878,18,Basicity Of Amines,Medium,Sequence/match MCQ
NEET27-CHEM-1879,18,Aniline Bromination,Easy,Statement-based MCQ
NEET27-CHEM-1880,18,Diazotization,Easy,Statement-based MCQ
NEET27-CHEM-1881,18,Primary Amine,Easy,Statement-based MCQ
NEET27-CHEM-1882,18,Tertiary Amine,Medium,Statement-based MCQ
NEET27-CHEM-1883,18,Primary Amine,Difficult,Sequence/match MCQ
NEET27-CHEM-1884,18,Balz-Schiemann Reaction,Easy,Statement-based MCQ
NEET27-CHEM-1885,18,Benzene Diazonium Chloride,Medium,Statement-based MCQ
NEET27-CHEM-1886,18,Gattermann Reaction,Easy,Statement-based MCQ
NEET27-CHEM-1887,18,Reduction Of Nitro Compound,Medium,Reaction/reagent MCQ
NEET27-CHEM-1888,18,Balz-Schiemann Reaction,Medium,Reaction/reagent MCQ
NEET27-CHEM-1889,18,Basicity Of Amines,Easy,Statement-based MCQ
NEET27-CHEM-1890,18,Ethylamine Versus Aniline,Medium,Conceptual/application MCQ
NEET27-CHEM-1891,18,Tertiary Amine,Easy,Statement-based MCQ
NEET27-CHEM-1892,18,Ammonolysis Of Haloalkane,Difficult,Statement-based MCQ
NEET27-CHEM-1893,18,Sandmeyer Reaction,Easy,Reaction/reagent MCQ
NEET27-CHEM-1894,18,Hofmann Bromamide Reaction,Difficult,Sequence/match MCQ
NEET27-CHEM-1895,18,Diazotization,Difficult,Sequence/match MCQ
NEET27-CHEM-1896,18,Ethylamine Versus Aniline,Difficult,Sequence/match MCQ
NEET27-CHEM-1897,18,Reduction Of Nitro Compound,Easy,Statement-based MCQ
NEET27-CHEM-1898,18,Secondary Amine,Difficult,Statement-based MCQ
NEET27-CHEM-1899,18,Hofmann Bromamide Reaction,Medium,Sequence/match MCQ
NEET27-CHEM-1900,18,Benzene Diazonium Chloride,Difficult,Sequence/match MCQ
NEET27-CHEM-1901,18,Basicity Of Amines,Difficult,Statement-based MCQ
NEET27-CHEM-1902,18,Secondary Amine,Medium,Sequence/match MCQ
NEET27-CHEM-1903,18,Gattermann Reaction,Difficult,Sequence/match MCQ
NEET27-CHEM-1904,18,Primary Amine,Difficult,Statement-based MCQ
NEET27-CHEM-1905,18,Acylation Of Aniline,Easy,Statement-based MCQ
NEET27-CHEM-1906,18,Azo Coupling,Medium,Sequence/match MCQ
NEET27-CHEM-1907,18,Sandmeyer Reaction,Difficult,Statement-based MCQ
NEET27-CHEM-1908,18,Nitrous Acid With Primary Aliphatic Amine,Medium,Statement-based MCQ
NEET27-CHEM-1909,18,Gattermann Reaction,Easy,Reaction/reagent MCQ
NEET27-CHEM-1910,18,Quaternary Ammonium Salt,Difficult,Statement-based MCQ
NEET27-CHEM-1911,18,Benzene Diazonium Chloride,Difficult,Statement-based MCQ
NEET27-CHEM-1912,18,Aniline Bromination,Difficult,Sequence/match MCQ
NEET27-CHEM-1913,18,Tertiary Amine,Medium,Sequence/match MCQ
NEET27-CHEM-1914,18,Secondary Amine,Easy,Direct recall MCQ
NEET27-CHEM-1915,18,Ethylamine Versus Aniline,Easy,Statement-based MCQ
NEET27-CHEM-1916,18,Nitrous Acid With Primary Aromatic Amine,Difficult,Statement-based MCQ
NEET27-CHEM-1917,18,Ammonolysis Of Haloalkane,Difficult,Sequence/match MCQ
NEET27-CHEM-1918,18,Reduction Of Nitro Compound,Difficult,Statement-based MCQ
NEET27-CHEM-1919,18,Amine,Difficult,Statement-based MCQ
NEET27-CHEM-1920,18,Gabriel Synthesis,Difficult,Statement-based MCQ
NEET27-CHEM-1921,18,Azo Coupling,Difficult,Sequence/match MCQ
NEET27-CHEM-1922,18,Nitrous Acid With Primary Aromatic Amine,Easy,Statement-based MCQ
NEET27-CHEM-1923,18,Quaternary Ammonium Salt,Medium,Conceptual/application MCQ
NEET27-CHEM-1924,18,Gabriel Synthesis,Difficult,Sequence/match MCQ
NEET27-CHEM-1925,18,Primary Amine,Medium,Sequence/match MCQ
NEET27-CHEM-1926,18,Ammonolysis Of Haloalkane,Difficult,Sequence/match MCQ
NEET27-CHEM-1927,18,Ethylamine Versus Aniline,Difficult,Statement-based MCQ
NEET27-CHEM-1928,18,Aniline Bromination,Difficult,Statement-based MCQ
NEET27-CHEM-1929,18,Azo Coupling,Easy,Statement-based MCQ
NEET27-CHEM-1930,18,Primary Amine,Difficult,Statement-based MCQ
NEET27-CHEM-1931,18,Hofmann Bromamide Reaction,Easy,Statement-based MCQ
NEET27-CHEM-1932,18,Aniline Basicity,Medium,Conceptual/application MCQ
NEET27-CHEM-1933,18,Reduction Of Nitro Compound,Difficult,Statement-based MCQ
NEET27-CHEM-1934,18,Sandmeyer Reaction,Medium,Statement-based MCQ
NEET27-CHEM-1935,18,Aniline Basicity,Difficult,Sequence/match MCQ
NEET27-CHEM-1936,18,Aniline Basicity,Easy,Statement-based MCQ
NEET27-CHEM-1937,18,Amine,Easy,Statement-based MCQ
NEET27-CHEM-1938,18,Nitrous Acid With Primary Aliphatic Amine,Difficult,Sequence/match MCQ
NEET27-CHEM-1939,18,Nitrous Acid With Primary Aromatic Amine,Difficult,Sequence/match MCQ
NEET27-CHEM-1940,18,Azo Coupling,Easy,Statement-based MCQ
NEET27-CHEM-1941,18,Amide Basicity,Difficult,Statement-based MCQ
NEET27-CHEM-1942,18,Amide Basicity,Medium,Sequence/match MCQ
NEET27-CHEM-1943,18,Amide Basicity,Easy,Direct recall MCQ
NEET27-CHEM-1944,18,Amide Basicity,Easy,Statement-based MCQ
NEET27-CHEM-1945,19,RNA,Easy,Statement-based MCQ
NEET27-CHEM-1946,19,Enzyme,Easy,Statement-based MCQ
NEET27-CHEM-1947,19,Denaturation,Easy,Statement-based MCQ
NEET27-CHEM-1948,19,Monosaccharide,Difficult,Statement-based MCQ
NEET27-CHEM-1949,19,Protein Tertiary Structure,Easy,Statement-based MCQ
NEET27-CHEM-1950,19,Carbohydrate,Difficult,Statement-based MCQ
NEET27-CHEM-1951,19,Sucrose,Easy,Direct recall MCQ
NEET27-CHEM-1952,19,Lactose,Difficult,Statement-based MCQ
NEET27-CHEM-1953,19,Protein Primary Structure,Medium,Sequence/match MCQ
NEET27-CHEM-1954,19,Vitamins,Easy,Direct recall MCQ
NEET27-CHEM-1955,19,Protein Quaternary Structure,Medium,Conceptual/application MCQ
NEET27-CHEM-1956,19,Reducing Sugar,Easy,Statement-based MCQ
NEET27-CHEM-1957,19,Hormones,Easy,Direct recall MCQ
NEET27-CHEM-1958,19,Sucrose,Easy,Statement-based MCQ
NEET27-CHEM-1959,19,Zwitterion,Easy,Statement-based MCQ
NEET27-CHEM-1960,19,Protein Tertiary Structure,Difficult,Sequence/match MCQ
NEET27-CHEM-1961,19,Vitamins,Easy,Direct recall MCQ
NEET27-CHEM-1962,19,Aldose,Medium,Sequence/match MCQ
NEET27-CHEM-1963,19,Protein Quaternary Structure,Easy,Statement-based MCQ
NEET27-CHEM-1964,19,Aldose,Easy,Statement-based MCQ
NEET27-CHEM-1965,19,Carbohydrate,Easy,Direct recall MCQ
NEET27-CHEM-1966,19,RNA,Difficult,Statement-based MCQ
NEET27-CHEM-1967,19,Sucrose,Difficult,Sequence/match MCQ
NEET27-CHEM-1968,19,Monosaccharide,Medium,Sequence/match MCQ
NEET27-CHEM-1969,19,Protein Tertiary Structure,Difficult,Statement-based MCQ
NEET27-CHEM-1970,19,Aldose,Difficult,Sequence/match MCQ
NEET27-CHEM-1971,19,Denaturation,Easy,Direct recall MCQ
NEET27-CHEM-1972,19,Amino Acid,Difficult,Sequence/match MCQ
NEET27-CHEM-1973,19,DNA,Medium,Sequence/match MCQ
NEET27-CHEM-1974,19,Peptide Bond,Easy,Statement-based MCQ
NEET27-CHEM-1975,19,Sucrose,Difficult,Statement-based MCQ
NEET27-CHEM-1976,19,Lactose,Medium,Sequence/match MCQ
NEET27-CHEM-1977,19,Zwitterion,Difficult,Sequence/match MCQ
NEET27-CHEM-1978,19,Hormones,Easy,Direct recall MCQ
NEET27-CHEM-1979,19,Protein Secondary Structure,Easy,Statement-based MCQ
NEET27-CHEM-1980,19,Protein Primary Structure,Difficult,Sequence/match MCQ
NEET27-CHEM-1981,19,Peptide Bond,Medium,Statement-based MCQ
NEET27-CHEM-1982,19,DNA,Easy,Direct recall MCQ
NEET27-CHEM-1983,19,DNA,Difficult,Statement-based MCQ
NEET27-CHEM-1984,19,Protein Secondary Structure,Difficult,Sequence/match MCQ
NEET27-CHEM-1985,19,Denaturation,Difficult,Sequence/match MCQ
NEET27-CHEM-1986,19,Zwitterion,Easy,Direct recall MCQ
NEET27-CHEM-1987,19,Amino Acid,Easy,Statement-based MCQ
NEET27-CHEM-1988,19,Reducing Sugar,Difficult,Sequence/match MCQ
NEET27-CHEM-1989,19,Enzyme,Difficult,Statement-based MCQ
NEET27-CHEM-1990,19,Protein Primary Structure,Medium,Sequence/match MCQ
NEET27-CHEM-1991,19,Protein Tertiary Structure,Medium,Conceptual/application MCQ
NEET27-CHEM-1992,19,Denaturation,Easy,Statement-based MCQ
NEET27-CHEM-1993,19,Reducing Sugar,Difficult,Statement-based MCQ
NEET27-CHEM-1994,19,Denaturation,Medium,Sequence/match MCQ
NEET27-CHEM-1995,19,Protein Secondary Structure,Medium,Sequence/match MCQ
NEET27-CHEM-1996,19,Protein Primary Structure,Medium,Statement-based MCQ
NEET27-CHEM-1997,19,Ketose,Medium,Sequence/match MCQ
NEET27-CHEM-1998,19,Protein Primary Structure,Easy,Statement-based MCQ
NEET27-CHEM-1999,19,Protein Tertiary Structure,Difficult,Statement-based MCQ
NEET27-CHEM-2000,19,Sucrose,Easy,Statement-based MCQ
NEET27-CHEM-2001,19,Protein Primary Structure,Medium,Conceptual/application MCQ
NEET27-CHEM-2002,19,Zwitterion,Easy,Statement-based MCQ
NEET27-CHEM-2003,19,Maltose,Easy,Direct recall MCQ
NEET27-CHEM-2004,19,Ketose,Easy,Statement-based MCQ
NEET27-CHEM-2005,19,Maltose,Easy,Statement-based MCQ
NEET27-CHEM-2006,19,Maltose,Easy,Statement-based MCQ
NEET27-CHEM-2007,19,Peptide Bond,Difficult,Statement-based MCQ
NEET27-CHEM-2008,19,Monosaccharide,Difficult,Statement-based MCQ
NEET27-CHEM-2009,19,Maltose,Medium,Statement-based MCQ
NEET27-CHEM-2010,19,Hormones,Easy,Direct recall MCQ
NEET27-CHEM-2011,19,Protein Tertiary Structure,Medium,Statement-based MCQ
NEET27-CHEM-2012,19,Peptide Bond,Easy,Direct recall MCQ
NEET27-CHEM-2013,19,Amino Acid,Easy,Direct recall MCQ
NEET27-CHEM-2014,19,Enzyme,Medium,Sequence/match MCQ
NEET27-CHEM-2015,19,Maltose,Difficult,Statement-based MCQ
NEET27-CHEM-2016,19,Zwitterion,Difficult,Statement-based MCQ
NEET27-CHEM-2017,19,Monosaccharide,Easy,Direct recall MCQ
NEET27-CHEM-2018,19,Carbohydrate,Difficult,Sequence/match MCQ
NEET27-CHEM-2019,19,Vitamins,Easy,Direct recall MCQ
NEET27-CHEM-2020,19,Reducing Sugar,Easy,Statement-based MCQ
NEET27-CHEM-2021,19,Reducing Sugar,Medium,Sequence/match MCQ
NEET27-CHEM-2022,19,Peptide Bond,Medium,Sequence/match MCQ
NEET27-CHEM-2023,19,Vitamins,Easy,Direct recall MCQ
NEET27-CHEM-2024,19,Protein Quaternary Structure,Difficult,Sequence/match MCQ
NEET27-CHEM-2025,19,Lactose,Easy,Statement-based MCQ
NEET27-CHEM-2026,19,Vitamins,Easy,Direct recall MCQ
NEET27-CHEM-2027,19,Protein Quaternary Structure,Difficult,Statement-based MCQ
NEET27-CHEM-2028,19,Lactose,Difficult,Sequence/match MCQ
NEET27-CHEM-2029,19,DNA,Difficult,Statement-based MCQ
NEET27-CHEM-2030,19,Ketose,Difficult,Sequence/match MCQ
NEET27-CHEM-2031,19,Aldose,Difficult,Statement-based MCQ
NEET27-CHEM-2032,19,Amino Acid,Difficult,Statement-based MCQ
NEET27-CHEM-2033,19,Amino Acid,Difficult,Statement-based MCQ
NEET27-CHEM-2034,19,Ketose,Easy,Direct recall MCQ
NEET27-CHEM-2035,19,Zwitterion,Medium,Sequence/match MCQ
NEET27-CHEM-2036,19,Protein Secondary Structure,Difficult,Statement-based MCQ
NEET27-CHEM-2037,19,Lactose,Easy,Statement-based MCQ
NEET27-CHEM-2038,19,RNA,Medium,Sequence/match MCQ
NEET27-CHEM-2039,19,Peptide Bond,Easy,Statement-based MCQ
NEET27-CHEM-2040,19,Reducing Sugar,Easy,Direct recall MCQ
NEET27-CHEM-2041,19,Amino Acid,Medium,Sequence/match MCQ
NEET27-CHEM-2042,19,Enzyme,Difficult,Statement-based MCQ
NEET27-CHEM-2043,19,Enzyme,Easy,Statement-based MCQ
NEET27-CHEM-2044,19,DNA,Difficult,Sequence/match MCQ
NEET27-CHEM-2045,19,Aldose,Difficult,Statement-based MCQ
NEET27-CHEM-2046,19,Protein Secondary Structure,Easy,Statement-based MCQ
NEET27-CHEM-2047,19,RNA,Difficult,Sequence/match MCQ
NEET27-CHEM-2048,19,RNA,Easy,Statement-based MCQ
NEET27-CHEM-2049,19,Hormones,Easy,Direct recall MCQ
NEET27-CHEM-2050,19,Vitamins,Easy,Direct recall MCQ
NEET27-CHEM-2051,19,Hormones,Easy,Direct recall MCQ
NEET27-CHEM-2052,19,Vitamins,Easy,Direct recall MCQ
NEET27-CHEM-2053,20,Volumetric analysis,Medium,Practical/laboratory MCQ
NEET27-CHEM-2054,20,Lyophilic Sol,Easy,Practical/laboratory MCQ
NEET27-CHEM-2055,20,Qualitative salt analysis,Medium,Practical/laboratory MCQ
NEET27-CHEM-2056,20,Ceric Ammonium Nitrate Test,Difficult,Practical/laboratory MCQ
NEET27-CHEM-2057,20,Lyophilic Sol,Easy,Practical/laboratory MCQ
NEET27-CHEM-2058,20,Tollens Test,Difficult,Practical/laboratory MCQ
NEET27-CHEM-2059,20,Volumetric analysis,Medium,Practical/laboratory MCQ
NEET27-CHEM-2060,20,Prescribed experiments,Medium,Practical/laboratory MCQ
NEET27-CHEM-2061,20,Lucas Test,Difficult,Practical/laboratory MCQ
NEET27-CHEM-2062,20,Iodoform Test,Medium,Practical/laboratory MCQ
NEET27-CHEM-2063,20,Carbylamine Test,Difficult,Practical/laboratory MCQ
NEET27-CHEM-2064,20,Qualitative salt analysis,Medium,Practical/laboratory MCQ
NEET27-CHEM-2065,20,"2,4-Dnp Test",Difficult,Practical/laboratory MCQ
NEET27-CHEM-2066,20,Qualitative salt analysis,Medium,Practical/laboratory MCQ
NEET27-CHEM-2067,20,Prescribed preparations,Medium,Practical/laboratory MCQ
NEET27-CHEM-2068,20,Functional-group detection,Easy,Practical/laboratory MCQ
NEET27-CHEM-2069,20,Qualitative salt analysis,Medium,Practical/laboratory MCQ
NEET27-CHEM-2070,20,Fehling Test,Difficult,Practical/laboratory MCQ
NEET27-CHEM-2071,20,Volumetric analysis,Difficult,Practical/laboratory MCQ
NEET27-CHEM-2072,20,Qualitative salt analysis,Medium,Practical/laboratory MCQ
NEET27-CHEM-2073,20,Prescribed preparations,Medium,Practical/laboratory MCQ
NEET27-CHEM-2074,20,Lyophilic Sol,Difficult,Practical/laboratory MCQ
NEET27-CHEM-2075,20,Hinsberg Test,Difficult,Practical/laboratory MCQ
NEET27-CHEM-2076,20,Lyophobic Sol,Difficult,Practical/laboratory MCQ
NEET27-CHEM-2077,20,Qualitative salt analysis,Medium,Practical/laboratory MCQ
NEET27-CHEM-2078,20,Iodoform Test,Easy,Practical/laboratory MCQ
NEET27-CHEM-2079,20,Lyophobic Sol,Easy,Practical/laboratory MCQ
NEET27-CHEM-2080,20,Prescribed preparations,Medium,Practical/laboratory MCQ
NEET27-CHEM-2081,20,Tollens Test,Easy,Practical/laboratory MCQ
NEET27-CHEM-2082,20,Carbylamine Test,Medium,Practical/laboratory MCQ
NEET27-CHEM-2083,20,Qualitative salt analysis,Medium,Practical/laboratory MCQ
NEET27-CHEM-2084,20,Functional-group detection,Easy,Practical/laboratory MCQ
NEET27-CHEM-2085,20,Experimental principles,Medium,Practical/laboratory MCQ
NEET27-CHEM-2086,20,Functional-group detection,Easy,Practical/laboratory MCQ
NEET27-CHEM-2087,20,Ceric Ammonium Nitrate Test,Medium,Practical/laboratory MCQ
NEET27-CHEM-2088,20,"2,4-Dnp Test",Easy,Practical/laboratory MCQ
NEET27-CHEM-2089,20,Qualitative salt analysis,Medium,Practical/laboratory MCQ
NEET27-CHEM-2090,20,Lucas Test,Medium,Practical/laboratory MCQ
NEET27-CHEM-2091,20,Carbylamine Test,Medium,Practical/laboratory MCQ
NEET27-CHEM-2092,20,Qualitative salt analysis,Medium,Practical/laboratory MCQ
NEET27-CHEM-2093,20,Qualitative salt analysis,Medium,Practical/laboratory MCQ
NEET27-CHEM-2094,20,Hinsberg Test,Medium,Practical/laboratory MCQ
NEET27-CHEM-2095,20,Fehling Test,Difficult,Practical/laboratory MCQ
NEET27-CHEM-2096,20,Carbylamine Test,Difficult,Practical/laboratory MCQ
NEET27-CHEM-2097,20,"2,4-Dnp Test",Medium,Practical/laboratory MCQ
NEET27-CHEM-2098,20,Lucas Test,Easy,Practical/laboratory MCQ
NEET27-CHEM-2099,20,Lyophilic Sol,Difficult,Practical/laboratory MCQ
NEET27-CHEM-2100,20,Qualitative salt analysis,Medium,Practical/laboratory MCQ
NEET27-CHEM-2101,20,Permanganate titration,Medium,Practical/laboratory MCQ
NEET27-CHEM-2102,20,"2,4-Dnp Test",Easy,Practical/laboratory MCQ
NEET27-CHEM-2103,20,Hinsberg Test,Easy,Practical/laboratory MCQ
NEET27-CHEM-2104,20,Qualitative salt analysis,Medium,Practical/laboratory MCQ
NEET27-CHEM-2105,20,Functional-group detection,Easy,Practical/laboratory MCQ
NEET27-CHEM-2106,20,Hinsberg Test,Easy,Practical/laboratory MCQ
NEET27-CHEM-2107,20,Qualitative salt analysis,Medium,Practical/laboratory MCQ
NEET27-CHEM-2108,20,Iodoform Test,Easy,Practical/laboratory MCQ
NEET27-CHEM-2109,20,Volumetric analysis,Easy,Practical/laboratory MCQ
NEET27-CHEM-2110,20,Fehling Test,Easy,Practical/laboratory MCQ
NEET27-CHEM-2111,20,Tollens Test,Medium,Practical/laboratory MCQ
NEET27-CHEM-2112,20,Qualitative salt analysis,Medium,Practical/laboratory MCQ
NEET27-CHEM-2113,20,Tollens Test,Difficult,Practical/laboratory MCQ
NEET27-CHEM-2114,20,Iodoform Test,Difficult,Practical/laboratory MCQ
NEET27-CHEM-2115,20,Iodoform Test,Easy,Practical/laboratory MCQ
NEET27-CHEM-2116,20,Fehling Test,Easy,Practical/laboratory MCQ
NEET27-CHEM-2117,20,"2,4-Dnp Test",Difficult,Practical/laboratory MCQ
NEET27-CHEM-2118,20,Tollens Test,Difficult,Practical/laboratory MCQ
NEET27-CHEM-2119,20,Tollens Test,Easy,Practical/laboratory MCQ
NEET27-CHEM-2120,20,Iodoform Test,Difficult,Practical/laboratory MCQ
NEET27-CHEM-2121,20,Prescribed preparations,Medium,Practical/laboratory MCQ
NEET27-CHEM-2122,20,"2,4-Dnp Test",Difficult,Practical/laboratory MCQ
NEET27-CHEM-2123,20,Qualitative salt analysis,Medium,Practical/laboratory MCQ
NEET27-CHEM-2124,20,Prescribed preparations,Medium,Practical/laboratory MCQ
NEET27-CHEM-2125,20,Lucas Test,Difficult,Practical/laboratory MCQ
NEET27-CHEM-2126,20,Experimental principles,Medium,Practical/laboratory MCQ
NEET27-CHEM-2127,20,Prescribed preparations,Medium,Practical/laboratory MCQ
NEET27-CHEM-2128,20,Prescribed preparations,Medium,Practical/laboratory MCQ
NEET27-CHEM-2129,20,Qualitative salt analysis,Medium,Practical/laboratory MCQ
NEET27-CHEM-2130,20,Prescribed experiments,Medium,Practical/laboratory MCQ
NEET27-CHEM-2131,20,Calorimetry,Medium,Practical/laboratory MCQ
NEET27-CHEM-2132,20,Lyophobic Sol,Difficult,Practical/laboratory MCQ
NEET27-CHEM-2133,20,Carbylamine Test,Easy,Practical/laboratory MCQ
NEET27-CHEM-2134,20,Lyophobic Sol,Easy,Practical/laboratory MCQ
NEET27-CHEM-2135,20,Prescribed experiments,Medium,Practical/laboratory MCQ
NEET27-CHEM-2136,20,Functional-group detection,Easy,Practical/laboratory MCQ
NEET27-CHEM-2137,20,Qualitative salt analysis,Medium,Practical/laboratory MCQ
NEET27-CHEM-2138,20,Fehling Test,Easy,Practical/laboratory MCQ
NEET27-CHEM-2139,20,Qualitative salt analysis,Medium,Practical/laboratory MCQ
NEET27-CHEM-2140,20,Volumetric analysis,Easy,Practical/laboratory MCQ
NEET27-CHEM-2141,20,Qualitative salt analysis,Medium,Practical/laboratory MCQ
NEET27-CHEM-2142,20,Lucas Test,Easy,Practical/laboratory MCQ
NEET27-CHEM-2143,20,Experimental principles,Medium,Practical/laboratory MCQ
NEET27-CHEM-2144,20,Permanganate titration,Medium,Practical/laboratory MCQ
NEET27-CHEM-2145,20,Qualitative salt analysis,Medium,Practical/laboratory MCQ
NEET27-CHEM-2146,20,Functional-group detection,Easy,Practical/laboratory MCQ
NEET27-CHEM-2147,20,Qualitative salt analysis,Medium,Practical/laboratory MCQ
NEET27-CHEM-2148,20,Ceric Ammonium Nitrate Test,Easy,Practical/laboratory MCQ
NEET27-CHEM-2149,20,Hinsberg Test,Easy,Practical/laboratory MCQ
NEET27-CHEM-2150,20,Carbylamine Test,Easy,Practical/laboratory MCQ
NEET27-CHEM-2151,20,Volumetric analysis,Easy,Practical/laboratory MCQ
NEET27-CHEM-2152,20,Experimental principles,Medium,Practical/laboratory MCQ
NEET27-CHEM-2153,20,Hinsberg Test,Difficult,Practical/laboratory MCQ
NEET27-CHEM-2154,20,Lucas Test,Easy,Practical/laboratory MCQ
NEET27-CHEM-2155,20,Ceric Ammonium Nitrate Test,Medium,Practical/laboratory MCQ
NEET27-CHEM-2156,20,Qualitative salt analysis,Medium,Practical/laboratory MCQ
NEET27-CHEM-2157,20,Volumetric analysis,Medium,Practical/laboratory MCQ
NEET27-CHEM-2158,20,Fehling Test,Medium,Practical/laboratory MCQ
NEET27-CHEM-2159,20,Ceric Ammonium Nitrate Test,Easy,Practical/laboratory MCQ
NEET27-CHEM-2160,20,Experimental principles,Medium,Practical/laboratory MCQ
