id,source_class,discipline,unit,chapter,topic,subtopic,question_type,difficulty,correct_option,figure_required,figures,generator_eligible,validation_status
NEET27-BIO-0001,XII,Botany,Unit 10: Ecology and Environment,Biodiversity and Conservation,Biodiversity and Conservation,Habitat loss with Alien species,Applied statement comparison,Medium,A,False,,True,PASS
NEET27-BIO-0002,XII,Botany,Unit 10: Ecology and Environment,Biodiversity and Conservation,Biodiversity and Conservation,Co-extinction,Direct NCERT-based,Easy,D,False,,True,PASS
NEET27-BIO-0003,XI,Botany,Unit 1: Diversity in Living World,Biological Classification,Biological Classification,Heterocysts,Direct NCERT-based,Easy,A,False,,True,PASS
NEET27-BIO-0004,XII,Botany,Unit 8: Biology and Human Welfare,Microbes in Human Welfare,Microbes in Human Welfare,Industrial microbes,Reverse Association,Easy,B,False,,True,PASS
NEET27-BIO-0005,XI,Zoology,Unit 1: Diversity in Living World,Animal Kingdom,Animal Kingdom,Integrated chapter reasoning,Higher-order multi-statement,Difficult,C,False,,True,PASS
NEET27-BIO-0006,XI,Botany,Unit 4: Plant Physiology,Plant Growth and Development,Plant Growth and Development,Integrated chapter reasoning,Multi-statement,Difficult,B,False,,True,PASS
NEET27-BIO-0007,XII,Botany,Unit 10: Ecology and Environment,Organisms and Populations,Organisms and Populations,Integrated chapter reasoning,Multi-statement,Difficult,A,False,,True,PASS
NEET27-BIO-0008,XII,Botany,Unit 7: Genetics and Evolution,Principles of Inheritance and Variation,Principles of Inheritance and Variation,Sex-linked inheritance,Statement Completion,Easy,C,False,,True,PASS
NEET27-BIO-0009,XII,Zoology,Unit 8: Biology and Human Welfare,Human Health and Disease,Human Health and Disease,Prevention and public health,Reverse Association,Easy,B,False,,True,PASS
NEET27-BIO-0010,XI,Botany,Unit 2: Structural Organisation in Animals and Plants,Morphology of Flowering Plants,Morphology of Flowering Plants,Stem tendrils and thorns,Direct NCERT-based,Easy,C,False,,True,PASS
NEET27-BIO-0011,XI,Botany,Unit 4: Plant Physiology,Plant Growth and Development,Plant Growth and Development,Integrated chapter reasoning,Higher-order multi-statement,Difficult,D,False,,True,PASS
NEET27-BIO-0012,XI,Zoology,Unit 5: Human Physiology,Body Fluids and Circulation,Body Fluids and Circulation,Blood cells,Multi-statement analysis,Difficult,C,False,,True,PASS
NEET27-BIO-0013,XI,Botany,Unit 4: Plant Physiology,Plant Growth and Development,Plant Growth and Development,Phases and curves,Case Analysis,Difficult,B,False,,True,PASS
NEET27-BIO-0014,XII,Botany,Unit 7: Genetics and Evolution,Molecular Basis of Inheritance,Molecular Basis of Inheritance,DNA structure,Statement Completion,Easy,A,False,,True,PASS
NEET27-BIO-0015,XI,Botany,Unit 4: Plant Physiology,Plant Growth and Development,Plant Growth and Development,Integrated chapter reasoning,Multi-statement,Difficult,D,False,,True,PASS
NEET27-BIO-0016,XII,Botany,Unit 10: Ecology and Environment,Ecosystem,Ecosystem,Integrated chapter reasoning,Multi-statement,Difficult,A,False,,True,PASS
NEET27-BIO-0017,XI,Botany,Unit 3: Cell Structure and Function,Cell: The Unit of Life,Cell: The Unit of Life,Centrioles with Chromatin,Applied statement comparison,Medium,B,False,,True,PASS
NEET27-BIO-0018,XI,Botany,Unit 1: Diversity in Living World,Plant Kingdom,Plant Kingdom,Gymnosperm ovules,Direct NCERT-based,Easy,D,False,,True,PASS
NEET27-BIO-0019,XI,Botany,Unit 4: Plant Physiology,Respiration in Plants,Respiration in Plants,Split of the Krebs contribution by mechanism,Multi-Step Numerical,Difficult,C,False,,True,PASS
NEET27-BIO-0020,XI,Botany,Unit 2: Structural Organisation in Animals and Plants,Anatomy of Flowering Plants,Anatomy of Flowering Plants,Phloem with Dicot root,Applied statement comparison,Medium,D,False,,True,PASS
NEET27-BIO-0021,XI,Botany,Unit 3: Cell Structure and Function,Biomolecules,Biomolecules,Glycosidic bond,Numerical,Medium,C,False,,True,PASS
NEET27-BIO-0022,XII,Botany,Unit 10: Ecology and Environment,Organisms and Populations,Organisms and Populations,Stable population,Direct NCERT-based,Easy,B,False,,True,PASS
NEET27-BIO-0023,XI,Botany,Unit 1: Diversity in Living World,Plant Kingdom,Plant Kingdom,Integrated chapter reasoning,Higher-order multi-statement,Difficult,D,False,,True,PASS
NEET27-BIO-0024,XII,Zoology,Unit 6: Reproduction,Human Reproduction,Human Reproduction,Female reproductive system,Applied Classification,Medium,C,False,,True,PASS
NEET27-BIO-0025,XII,Botany,Unit 8: Biology and Human Welfare,Microbes in Human Welfare,Microbes in Human Welfare,Flocs and BOD,Direct NCERT-based,Easy,C,False,,True,PASS
NEET27-BIO-0026,XII,Botany,Unit 8: Biology and Human Welfare,Microbes in Human Welfare,Microbes in Human Welfare,Integrated chapter reasoning,Higher-order multi-statement,Difficult,A,False,,True,PASS
NEET27-BIO-0027,XI,Botany,Unit 1: Diversity in Living World,Biological Classification,Biological Classification,Euglenoids and Slime moulds,Statement I and Statement II,Medium,B,False,,True,PASS
NEET27-BIO-0028,XI,Botany,Unit 2: Structural Organisation in Animals and Plants,Morphology of Flowering Plants,Morphology of Flowering Plants,Pneumatophores,Direct NCERT-based,Easy,D,False,,True,PASS
NEET27-BIO-0029,XI,Botany,Unit 4: Plant Physiology,Respiration in Plants,Respiration in Plants,Lactic acid fermentation,Direct Concept,Easy,A,False,,True,PASS
NEET27-BIO-0030,XI,Botany,Unit 4: Plant Physiology,Respiration in Plants,Respiration in Plants,Consequence of a non-carbohydrate substrate,Application Based,Medium,A,False,,True,PASS
NEET27-BIO-0031,XII,Botany,Unit 7: Genetics and Evolution,Evolution,Evolution,Speciation and adaptation,Reverse Association,Easy,C,False,,True,PASS
NEET27-BIO-0032,XI,Zoology,Unit 5: Human Physiology,Neural Control and Coordination,Neural Control and Coordination,Neuron structure,Direct Concept,Easy,B,False,,True,PASS
NEET27-BIO-0033,XII,Botany,Unit 9: Biotechnology and Its Applications,Biotechnology: Principles and Processes,Biotechnology: Principles and Processes,Core principles,Match the Pair,Medium,D,False,,True,PASS
NEET27-BIO-0034,XII,Botany,Unit 7: Genetics and Evolution,Principles of Inheritance and Variation,Principles of Inheritance and Variation,Sex determination,Applied Classification,Medium,A,False,,True,PASS
NEET27-BIO-0035,XI,Zoology,Unit 5: Human Physiology,Locomotion and Movement,Locomotion and Movement,Calcium regulation,Direct NCERT-based,Easy,A,False,,True,PASS
NEET27-BIO-0036,XI,Botany,Unit 4: Plant Physiology,Respiration in Plants,Respiration in Plants,ATP from reduced coenzymes,Multi-Step Numerical,Difficult,B,False,,True,PASS
NEET27-BIO-0037,XI,Botany,Unit 3: Cell Structure and Function,Biomolecules,Biomolecules,Properties of enzymes,Numerical,Medium,C,False,,True,PASS
NEET27-BIO-0038,XI,Botany,Unit 4: Plant Physiology,Respiration in Plants,Respiration in Plants,Comparison of the two fermentations,Comparison Based,Easy,D,False,,True,PASS
NEET27-BIO-0039,XI,Zoology,Unit 5: Human Physiology,Chemical Coordination and Integration,Chemical Coordination and Integration,Neuron structure,Case Analysis,Difficult,C,False,,True,PASS
NEET27-BIO-0040,XI,Zoology,Unit 5: Human Physiology,Breathing and Exchange of Gases,Breathing and Exchange of Gases,Human respiratory tract,Applied Classification,Medium,B,False,,True,PASS
NEET27-BIO-0041,XII,Zoology,Unit 8: Biology and Human Welfare,Human Health and Disease,Human Health and Disease,Prevention and public health,Direct Concept,Easy,C,False,,True,PASS
NEET27-BIO-0042,XI,Botany,Unit 3: Cell Structure and Function,Biomolecules,Biomolecules,DNA base pairing,Multi-Step Numerical,Difficult,B,False,,True,PASS
NEET27-BIO-0043,XII,Botany,Unit 8: Biology and Human Welfare,Microbes in Human Welfare,Microbes in Human Welfare,Toddy,Direct NCERT-based,Easy,B,False,,True,PASS
NEET27-BIO-0044,XI,Botany,Unit 4: Plant Physiology,Respiration in Plants,Respiration in Plants,Enzymes of glycolysis,Comparison Based,Easy,A,False,,True,PASS
NEET27-BIO-0045,XI,Zoology,Unit 5: Human Physiology,Excretory Products and Their Elimination,Excretory Products and Their Elimination,Osmoregulation,Direct Concept,Easy,D,False,,True,PASS
NEET27-BIO-0046,XI,Botany,Unit 1: Diversity in Living World,Plant Kingdom,Plant Kingdom,Prothallus and Heterospory,Statement I and Statement II,Medium,D,False,,True,PASS
NEET27-BIO-0047,XII,Botany,Unit 10: Ecology and Environment,Ecosystem,Ecosystem,Energy flow and Ten-percent law,Statement I and Statement II,Medium,C,False,,True,PASS
NEET27-BIO-0048,XII,Botany,Unit 7: Genetics and Evolution,Principles of Inheritance and Variation,Principles of Inheritance and Variation,Chromosomes linkage and crossing over,Match the Pair,Medium,A,False,,True,PASS
NEET27-BIO-0049,XI,Botany,Unit 4: Plant Physiology,Plant Growth and Development,Plant Growth and Development,Conditions of growth,Direct NCERT-based,Easy,A,False,,True,PASS
NEET27-BIO-0050,XII,Botany,Unit 10: Ecology and Environment,Biodiversity and Conservation,Biodiversity and Conservation,Integrated chapter reasoning,Multi-statement,Difficult,D,False,,True,PASS
NEET27-BIO-0051,XI,Zoology,Unit 5: Human Physiology,Body Fluids and Circulation,Body Fluids and Circulation,Heart anatomy,Multi-statement analysis,Difficult,A,False,,True,PASS
NEET27-BIO-0052,XII,Botany,Unit 6: Reproduction,Sexual Reproduction in Flowering Plants,Sexual Reproduction in Flowering Plants,Microsporogenesis and pollen,Integrated Association Analysis,Medium,D,False,,True,PASS
NEET27-BIO-0053,XII,Botany,Unit 7: Genetics and Evolution,Molecular Basis of Inheritance,Molecular Basis of Inheritance,Gene regulation and genomics,Direct Concept,Easy,B,False,,True,PASS
NEET27-BIO-0054,XII,Botany,Unit 9: Biotechnology and Its Applications,Biotechnology: Principles and Processes,Biotechnology: Principles and Processes,rDNA methodology,Multi-statement analysis,Difficult,B,False,,True,PASS
NEET27-BIO-0055,XII,Botany,Unit 9: Biotechnology and Its Applications,Biotechnology: Principles and Processes,Biotechnology: Principles and Processes,PCR and analysis,Statement Completion,Easy,C,False,,True,PASS
NEET27-BIO-0056,XI,Zoology,Unit 1: Diversity in Living World,Animal Kingdom,Animal Kingdom,Echinodermata and Hemichordata,Statement I and Statement II,Medium,B,False,,True,PASS
NEET27-BIO-0057,XII,Botany,Unit 7: Genetics and Evolution,Molecular Basis of Inheritance,Molecular Basis of Inheritance,Evidence for genetic material,Direct Concept,Easy,D,False,,True,PASS
NEET27-BIO-0058,XI,Botany,Unit 2: Structural Organisation in Animals and Plants,Anatomy of Flowering Plants,Anatomy of Flowering Plants,Phloem and Tissue systems,Statement I and Statement II,Medium,A,False,,True,PASS
NEET27-BIO-0059,XII,Botany,Unit 10: Ecology and Environment,Biodiversity and Conservation,Biodiversity and Conservation,Latitudinal gradient with Log species-area form,Applied statement comparison,Medium,D,False,,True,PASS
NEET27-BIO-0060,XII,Botany,Unit 8: Biology and Human Welfare,Microbes in Human Welfare,Microbes in Human Welfare,Fermented dough,Direct NCERT-based,Easy,A,False,,True,PASS
NEET27-BIO-0061,XI,Zoology,Unit 2: Structural Organisation in Animals and Plants,Structural Organisation in Animals,Structural Organisation in Animals,Integrated chapter reasoning,Multi-statement,Difficult,D,False,,True,PASS
NEET27-BIO-0062,XII,Botany,Unit 9: Biotechnology and Its Applications,Biotechnology and Its Applications,Biotechnology and Its Applications,Agricultural applications,Applied Classification,Medium,B,False,,True,PASS
NEET27-BIO-0063,XI,Botany,Unit 2: Structural Organisation in Animals and Plants,Morphology of Flowering Plants,Morphology of Flowering Plants,Root regions,Direct NCERT-based,Easy,D,False,,True,PASS
NEET27-BIO-0064,XI,Zoology,Unit 5: Human Physiology,Neural Control and Coordination,Neural Control and Coordination,Neuron structure,Statement Completion,Easy,B,False,,True,PASS
NEET27-BIO-0065,XI,Botany,Unit 1: Diversity in Living World,Plant Kingdom,Plant Kingdom,Integrated chapter reasoning,Multi-statement,Difficult,C,False,,True,PASS
NEET27-BIO-0066,XII,Botany,Unit 9: Biotechnology and Its Applications,Biotechnology: Principles and Processes,Biotechnology: Principles and Processes,Restriction and joining enzymes,Direct Concept,Easy,C,False,,True,PASS
NEET27-BIO-0067,XI,Botany,Unit 2: Structural Organisation in Animals and Plants,Anatomy of Flowering Plants,Anatomy of Flowering Plants,Integrated chapter reasoning,Multi-statement,Difficult,A,False,,True,PASS
NEET27-BIO-0068,XI,Botany,Unit 4: Plant Physiology,Photosynthesis in Higher Plants,Photosynthesis in Higher Plants,Integrated chapter reasoning,Multi-statement,Difficult,B,False,,True,PASS
NEET27-BIO-0069,XI,Zoology,Unit 1: Diversity in Living World,Animal Kingdom,Animal Kingdom,Integrated chapter reasoning,Higher-order multi-statement,Difficult,A,False,,True,PASS
NEET27-BIO-0070,XII,Botany,Unit 7: Genetics and Evolution,Molecular Basis of Inheritance,Molecular Basis of Inheritance,Genetic code and translation,Match the Pair,Medium,C,False,,True,PASS
NEET27-BIO-0071,XII,Botany,Unit 9: Biotechnology and Its Applications,Biotechnology and Its Applications,Biotechnology and Its Applications,Medical applications,Reverse Association,Easy,C,False,,True,PASS
NEET27-BIO-0072,XI,Zoology,Unit 2: Structural Organisation in Animals and Plants,Structural Organisation in Animals,Structural Organisation in Animals,Integrated chapter reasoning,Multi-statement,Difficult,D,False,,True,PASS
NEET27-BIO-0073,XI,Botany,Unit 4: Plant Physiology,Plant Growth and Development,Plant Growth and Development,Ethylene and ABA and Seed germination,Statement I and Statement II,Medium,C,False,,True,PASS
NEET27-BIO-0074,XI,Zoology,Unit 2: Structural Organisation in Animals and Plants,Structural Organisation in Animals,Structural Organisation in Animals,Integrated chapter reasoning,Multi-statement,Difficult,C,False,,True,PASS
NEET27-BIO-0075,XII,Botany,Unit 8: Biology and Human Welfare,Microbes in Human Welfare,Microbes in Human Welfare,Statins and Sewage treatment,Statement I and Statement II,Medium,B,False,,True,PASS
NEET27-BIO-0076,XI,Zoology,Unit 5: Human Physiology,Chemical Coordination and Integration,Chemical Coordination and Integration,Endocrine disorders,Direct Concept,Easy,B,False,,True,PASS
NEET27-BIO-0077,XII,Botany,Unit 10: Ecology and Environment,Ecosystem,Ecosystem,Food chains and energy,Applied Classification,Medium,A,False,,True,PASS
NEET27-BIO-0078,XII,Botany,Unit 6: Reproduction,Sexual Reproduction in Flowering Plants,Sexual Reproduction in Flowering Plants,Pollination,Reverse Association,Easy,D,False,,True,PASS
NEET27-BIO-0079,XI,Botany,Unit 4: Plant Physiology,Photosynthesis in Higher Plants,Photosynthesis in Higher Plants,Integrated chapter reasoning,Multi-statement,Difficult,D,False,,True,PASS
NEET27-BIO-0080,XII,Botany,Unit 6: Reproduction,Sexual Reproduction in Flowering Plants,Sexual Reproduction in Flowering Plants,Pollination,Applied Classification,Medium,A,False,,True,PASS
NEET27-BIO-0081,XI,Zoology,Unit 5: Human Physiology,Locomotion and Movement,Locomotion and Movement,Integrated chapter reasoning,Higher-order multi-statement,Difficult,B,False,,True,PASS
NEET27-BIO-0082,XI,Botany,Unit 1: Diversity in Living World,The Living World,The Living World,Integrated chapter reasoning,Multi-statement,Difficult,C,False,,True,PASS
NEET27-BIO-0083,XI,Botany,Unit 1: Diversity in Living World,Plant Kingdom,Plant Kingdom,Gymnosperm heterospory and Gymnosperm nutritive tissue,Statement I and Statement II,Medium,D,False,,True,PASS
NEET27-BIO-0084,XII,Botany,Unit 10: Ecology and Environment,Organisms and Populations,Organisms and Populations,Integrated chapter reasoning,Higher-order multi-statement,Difficult,A,False,,True,PASS
NEET27-BIO-0085,XI,Botany,Unit 4: Plant Physiology,Photosynthesis in Higher Plants,Photosynthesis in Higher Plants,Spatial separation in C4 plants,Direct NCERT-based,Easy,A,False,,True,PASS
NEET27-BIO-0086,XI,Botany,Unit 1: Diversity in Living World,Biological Classification,Biological Classification,Integrated chapter reasoning,Higher-order multi-statement,Difficult,D,False,,True,PASS
NEET27-BIO-0087,XI,Zoology,Unit 5: Human Physiology,Body Fluids and Circulation,Body Fluids and Circulation,Blood cells,Match the Pair,Medium,C,False,,True,PASS
NEET27-BIO-0088,XI,Zoology,Unit 5: Human Physiology,Body Fluids and Circulation,Body Fluids and Circulation,Vessels pressure and lymph,Direct Concept,Easy,B,False,,True,PASS
NEET27-BIO-0089,XI,Zoology,Unit 2: Structural Organisation in Animals and Plants,Structural Organisation in Animals,Structural Organisation in Animals,Integrated chapter reasoning,Higher-order multi-statement,Difficult,A,False,,True,PASS
NEET27-BIO-0090,XII,Botany,Unit 8: Biology and Human Welfare,Microbes in Human Welfare,Microbes in Human Welfare,Integrated chapter reasoning,Multi-statement,Difficult,C,False,,True,PASS
NEET27-BIO-0091,XI,Zoology,Unit 5: Human Physiology,Excretory Products and Their Elimination,Excretory Products and Their Elimination,Renin angiotensin aldosterone system,Direct Concept,Easy,D,False,,True,PASS
NEET27-BIO-0092,XI,Botany,Unit 3: Cell Structure and Function,Cell Cycle and Cell Division,Cell Cycle and Cell Division,Meiosis I,Direct NCERT-based,Easy,A,False,,True,PASS
NEET27-BIO-0093,XII,Botany,Unit 10: Ecology and Environment,Ecosystem,Ecosystem,Integrated chapter reasoning,Multi-statement,Difficult,B,False,,True,PASS
NEET27-BIO-0094,XI,Botany,Unit 1: Diversity in Living World,Biological Classification,Biological Classification,Slime moulds and Protozoans,Statement I and Statement II,Medium,B,False,,True,PASS
NEET27-BIO-0095,XII,Botany,Unit 10: Ecology and Environment,Organisms and Populations,Organisms and Populations,Mortality,Direct NCERT-based,Easy,C,False,,True,PASS
NEET27-BIO-0096,XII,Botany,Unit 9: Biotechnology and Its Applications,Biotechnology: Principles and Processes,Biotechnology: Principles and Processes,Restriction and joining enzymes,Match the Pair,Medium,D,False,,True,PASS
NEET27-BIO-0097,XII,Botany,Unit 10: Ecology and Environment,Ecosystem,Ecosystem,Energy flow,Direct NCERT-based,Easy,D,False,,True,PASS
NEET27-BIO-0098,XII,Botany,Unit 7: Genetics and Evolution,Evolution,Evolution,Population genetics,Applied Classification,Medium,A,False,,True,PASS
NEET27-BIO-0099,XII,Botany,Unit 7: Genetics and Evolution,Molecular Basis of Inheritance,Molecular Basis of Inheritance,DNA structure,Cross-Concept Elimination,Difficult,C,False,,True,PASS
NEET27-BIO-0100,XI,Botany,Unit 3: Cell Structure and Function,Cell: The Unit of Life,Cell: The Unit of Life,Integrated chapter reasoning,Multi-statement,Difficult,B,False,,True,PASS
NEET27-BIO-0101,XI,Zoology,Unit 5: Human Physiology,Locomotion and Movement,Locomotion and Movement,Skeletal muscle,Direct NCERT-based,Easy,C,False,,True,PASS
NEET27-BIO-0102,XI,Botany,Unit 2: Structural Organisation in Animals and Plants,Morphology of Flowering Plants,Morphology of Flowering Plants,Pneumatophores and Underground stems,Statement I and Statement II,Medium,B,False,,True,PASS
NEET27-BIO-0103,XII,Botany,Unit 8: Biology and Human Welfare,Microbes in Human Welfare,Microbes in Human Welfare,Integrated chapter reasoning,Higher-order multi-statement,Difficult,D,False,,True,PASS
NEET27-BIO-0104,XI,Botany,Unit 4: Plant Physiology,Photosynthesis in Higher Plants,Photosynthesis in Higher Plants,Calvin-cycle energy with Kranz anatomy,Applied statement comparison,Medium,D,False,,True,PASS
NEET27-BIO-0105,XII,Zoology,Unit 6: Reproduction,Human Reproduction,Human Reproduction,Male reproductive system,Match the Pair,Medium,C,False,,True,PASS
NEET27-BIO-0106,XI,Zoology,Unit 2: Structural Organisation in Animals and Plants,Structural Organisation in Animals,Structural Organisation in Animals,Muscle tissues,Direct NCERT-based,Easy,B,False,,True,PASS
NEET27-BIO-0107,XII,Botany,Unit 6: Reproduction,Sexual Reproduction in Flowering Plants,Sexual Reproduction in Flowering Plants,Pollination,Statement Completion,Easy,A,False,,True,PASS
NEET27-BIO-0108,XI,Botany,Unit 1: Diversity in Living World,Plant Kingdom,Plant Kingdom,Liverwort reproduction,Direct NCERT-based,Easy,D,False,,True,PASS
NEET27-BIO-0109,XII,Botany,Unit 7: Genetics and Evolution,Principles of Inheritance and Variation,Principles of Inheritance and Variation,Sex-linked inheritance,Reverse Association,Easy,C,False,,True,PASS
NEET27-BIO-0110,XI,Zoology,Unit 5: Human Physiology,Neural Control and Coordination,Neural Control and Coordination,Impulse and synapse,Statement Completion,Easy,A,False,,True,PASS
NEET27-BIO-0111,XII,Botany,Unit 9: Biotechnology and Its Applications,Biotechnology and Its Applications,Biotechnology and Its Applications,Agricultural applications,Integrated Association Analysis,Medium,B,False,,True,PASS
NEET27-BIO-0112,XII,Botany,Unit 10: Ecology and Environment,Biodiversity and Conservation,Biodiversity and Conservation,Latitudinal gradient and Species-area relationship,Statement I and Statement II,Medium,C,False,,True,PASS
NEET27-BIO-0113,XII,Zoology,Unit 8: Biology and Human Welfare,Human Health and Disease,Human Health and Disease,Immunity,Integrated Association Analysis,Medium,A,False,,True,PASS
NEET27-BIO-0114,XI,Botany,Unit 3: Cell Structure and Function,Cell: The Unit of Life,Cell: The Unit of Life,Integrated chapter reasoning,Multi-statement,Difficult,A,False,,True,PASS
NEET27-BIO-0115,XI,Zoology,Unit 1: Diversity in Living World,Animal Kingdom,Animal Kingdom,Integrated chapter reasoning,Higher-order multi-statement,Difficult,B,False,,True,PASS
NEET27-BIO-0116,XII,Botany,Unit 6: Reproduction,Sexual Reproduction in Flowering Plants,Sexual Reproduction in Flowering Plants,Fertilization,Reverse Association,Easy,B,False,,True,PASS
NEET27-BIO-0117,XII,Botany,Unit 6: Reproduction,Sexual Reproduction in Flowering Plants,Sexual Reproduction in Flowering Plants,Pollination,Multi-statement analysis,Difficult,C,False,,True,PASS
NEET27-BIO-0118,XII,Botany,Unit 7: Genetics and Evolution,Principles of Inheritance and Variation,Principles of Inheritance and Variation,Genetic terminology,Applied Classification,Medium,D,False,,True,PASS
NEET27-BIO-0119,XI,Botany,Unit 4: Plant Physiology,Photosynthesis in Higher Plants,Photosynthesis in Higher Plants,C4 initial fixation,Direct NCERT-based,Easy,B,False,,True,PASS
NEET27-BIO-0120,XII,Botany,Unit 7: Genetics and Evolution,Molecular Basis of Inheritance,Molecular Basis of Inheritance,Genetic code and translation,Integrated Association Analysis,Medium,C,False,,True,PASS
NEET27-BIO-0121,XII,Botany,Unit 10: Ecology and Environment,Organisms and Populations,Organisms and Populations,Mutualism and Competition,Statement I and Statement II,Medium,B,False,,True,PASS
NEET27-BIO-0122,XI,Botany,Unit 1: Diversity in Living World,The Living World,The Living World,Taxonomic hierarchy,Direct NCERT-based,Easy,D,False,,True,PASS
NEET27-BIO-0123,XI,Botany,Unit 2: Structural Organisation in Animals and Plants,Anatomy of Flowering Plants,Anatomy of Flowering Plants,Stomatal apparatus and Meristems,Statement I and Statement II,Medium,A,False,,True,PASS
NEET27-BIO-0124,XII,Botany,Unit 7: Genetics and Evolution,Molecular Basis of Inheritance,Molecular Basis of Inheritance,DNA structure,Direct Concept,Easy,C,False,,True,PASS
NEET27-BIO-0125,XII,Botany,Unit 7: Genetics and Evolution,Evolution,Evolution,Origin of life,Applied Classification,Medium,D,False,,True,PASS
NEET27-BIO-0126,XI,Botany,Unit 4: Plant Physiology,Photosynthesis in Higher Plants,Photosynthesis in Higher Plants,Chemiosmosis and Calvin-cycle carboxylation,Statement I and Statement II,Medium,C,False,,True,PASS
NEET27-BIO-0127,XI,Botany,Unit 1: Diversity in Living World,Biological Classification,Biological Classification,Kingdom Protista,Direct NCERT-based,Easy,A,False,,True,PASS
NEET27-BIO-0128,XII,Botany,Unit 7: Genetics and Evolution,Molecular Basis of Inheritance,Molecular Basis of Inheritance,DNA structure,Match the Pair,Medium,A,False,,True,PASS
NEET27-BIO-0129,XII,Botany,Unit 9: Biotechnology and Its Applications,Biotechnology and Its Applications,Biotechnology and Its Applications,Bioethics and ownership,Direct Concept,Easy,B,False,,True,PASS
NEET27-BIO-0130,XI,Zoology,Unit 1: Diversity in Living World,Animal Kingdom,Animal Kingdom,Integrated chapter reasoning,Higher-order multi-statement,Difficult,A,False,,True,PASS
NEET27-BIO-0131,XII,Botany,Unit 8: Biology and Human Welfare,Microbes in Human Welfare,Microbes in Human Welfare,Integrated chapter reasoning,Multi-statement,Difficult,D,False,,True,PASS
NEET27-BIO-0132,XI,Botany,Unit 1: Diversity in Living World,Biological Classification,Biological Classification,Integrated chapter reasoning,Higher-order multi-statement,Difficult,C,False,,True,PASS
NEET27-BIO-0133,XI,Zoology,Unit 5: Human Physiology,Excretory Products and Their Elimination,Excretory Products and Their Elimination,Habitat and excretory product,Application Based,Medium,D,False,,True,PASS
NEET27-BIO-0134,XII,Botany,Unit 9: Biotechnology and Its Applications,Biotechnology: Principles and Processes,Biotechnology: Principles and Processes,Core principles,Reverse Association,Easy,A,False,,True,PASS
NEET27-BIO-0135,XI,Botany,Unit 4: Plant Physiology,Plant Growth and Development,Plant Growth and Development,Sigmoid growth curve,Direct NCERT-based,Easy,C,False,,True,PASS
NEET27-BIO-0136,XI,Zoology,Unit 2: Structural Organisation in Animals and Plants,Structural Organisation in Animals,Structural Organisation in Animals,Integrated chapter reasoning,Multi-statement,Difficult,B,False,,True,PASS
NEET27-BIO-0137,XII,Zoology,Unit 6: Reproduction,Human Reproduction,Human Reproduction,Gametogenesis,Statement Completion,Easy,D,False,,True,PASS
NEET27-BIO-0138,XI,Zoology,Unit 5: Human Physiology,Breathing and Exchange of Gases,Breathing and Exchange of Gases,Mechanics of breathing,Applied Classification,Medium,B,False,,True,PASS
NEET27-BIO-0139,XII,Botany,Unit 7: Genetics and Evolution,Principles of Inheritance and Variation,Principles of Inheritance and Variation,Mendelian inheritance,Reverse Association,Easy,A,False,,True,PASS
NEET27-BIO-0140,XI,Botany,Unit 3: Cell Structure and Function,Cell Cycle and Cell Division,Cell Cycle and Cell Division,Integrated chapter reasoning,Higher-order multi-statement,Difficult,D,False,,True,PASS
NEET27-BIO-0141,XI,Zoology,Unit 5: Human Physiology,Locomotion and Movement,Locomotion and Movement,Integrated chapter reasoning,Multi-statement,Difficult,A,False,,True,PASS
NEET27-BIO-0142,XI,Zoology,Unit 1: Diversity in Living World,Animal Kingdom,Animal Kingdom,Amphibia with Mammalia,Applied statement comparison,Medium,C,False,,True,PASS
NEET27-BIO-0143,XI,Botany,Unit 3: Cell Structure and Function,Cell: The Unit of Life,Cell: The Unit of Life,Integrated chapter reasoning,Higher-order multi-statement,Difficult,C,False,,True,PASS
NEET27-BIO-0144,XI,Zoology,Unit 5: Human Physiology,Locomotion and Movement,Locomotion and Movement,Integrated chapter reasoning,Higher-order multi-statement,Difficult,D,False,,True,PASS
NEET27-BIO-0145,XI,Botany,Unit 4: Plant Physiology,Photosynthesis in Higher Plants,Photosynthesis in Higher Plants,Calvin-cycle energy and C4 initial fixation,Statement I and Statement II,Medium,B,False,,True,PASS
NEET27-BIO-0146,XII,Botany,Unit 6: Reproduction,Sexual Reproduction in Flowering Plants,Sexual Reproduction in Flowering Plants,Microsporogenesis and pollen,Applied Classification,Medium,A,False,,True,PASS
NEET27-BIO-0147,XI,Botany,Unit 1: Diversity in Living World,Plant Kingdom,Plant Kingdom,Integrated chapter reasoning,Multi-statement,Difficult,A,False,,True,PASS
NEET27-BIO-0148,XII,Botany,Unit 6: Reproduction,Sexual Reproduction in Flowering Plants,Sexual Reproduction in Flowering Plants,Microsporogenesis and pollen,Direct Concept,Easy,D,False,,True,PASS
NEET27-BIO-0149,XI,Botany,Unit 2: Structural Organisation in Animals and Plants,Anatomy of Flowering Plants,Anatomy of Flowering Plants,Stomatal apparatus,Direct NCERT-based,Easy,C,False,,True,PASS
NEET27-BIO-0150,XI,Botany,Unit 3: Cell Structure and Function,Cell: The Unit of Life,Cell: The Unit of Life,Endomembrane system and Rough and smooth ER,Statement I and Statement II,Medium,D,False,,True,PASS
NEET27-BIO-0151,XI,Botany,Unit 1: Diversity in Living World,The Living World,The Living World,Biodiversity,Direct NCERT-based,Easy,B,False,,True,PASS
NEET27-BIO-0152,XI,Botany,Unit 1: Diversity in Living World,Plant Kingdom,Plant Kingdom,Integrated chapter reasoning,Higher-order multi-statement,Difficult,B,False,,True,PASS
NEET27-BIO-0153,XI,Botany,Unit 2: Structural Organisation in Animals and Plants,Anatomy of Flowering Plants,Anatomy of Flowering Plants,Integrated chapter reasoning,Multi-statement,Difficult,C,False,,True,PASS
NEET27-BIO-0154,XI,Zoology,Unit 5: Human Physiology,Locomotion and Movement,Locomotion and Movement,Integrated chapter reasoning,Multi-statement,Difficult,D,False,,True,PASS
NEET27-BIO-0155,XI,Zoology,Unit 1: Diversity in Living World,Animal Kingdom,Animal Kingdom,Integrated chapter reasoning,Higher-order multi-statement,Difficult,B,False,,True,PASS
NEET27-BIO-0156,XI,Zoology,Unit 5: Human Physiology,Neural Control and Coordination,Neural Control and Coordination,Nervous organization,Cross-Concept Elimination,Difficult,A,False,,True,PASS
NEET27-BIO-0157,XI,Botany,Unit 2: Structural Organisation in Animals and Plants,Morphology of Flowering Plants,Morphology of Flowering Plants,Leaf modifications,Direct NCERT-based,Easy,B,False,,True,PASS
NEET27-BIO-0158,XI,Botany,Unit 1: Diversity in Living World,The Living World,The Living World,Taxon with Identification,Applied statement comparison,Medium,A,False,,True,PASS
NEET27-BIO-0159,XII,Botany,Unit 7: Genetics and Evolution,Principles of Inheritance and Variation,Principles of Inheritance and Variation,Genetic terminology,Direct Concept,Easy,D,False,,True,PASS
NEET27-BIO-0160,XI,Botany,Unit 4: Plant Physiology,Photosynthesis in Higher Plants,Photosynthesis in Higher Plants,Integrated chapter reasoning,Multi-statement,Difficult,B,False,,True,PASS
NEET27-BIO-0161,XII,Zoology,Unit 6: Reproduction,Human Reproduction,Human Reproduction,Female reproductive system,Reverse Association,Easy,C,False,,True,PASS
NEET27-BIO-0162,XI,Botany,Unit 3: Cell Structure and Function,Cell Cycle and Cell Division,Cell Cycle and Cell Division,Integrated chapter reasoning,Multi-statement,Difficult,C,False,,True,PASS
NEET27-BIO-0163,XII,Botany,Unit 7: Genetics and Evolution,Principles of Inheritance and Variation,Principles of Inheritance and Variation,Non-Mendelian patterns,Direct Concept,Easy,A,False,,True,PASS
NEET27-BIO-0164,XI,Zoology,Unit 1: Diversity in Living World,Animal Kingdom,Animal Kingdom,Integrated chapter reasoning,Multi-statement,Difficult,A,False,,True,PASS
NEET27-BIO-0165,XI,Zoology,Unit 5: Human Physiology,Neural Control and Coordination,Neural Control and Coordination,Nervous organization,Match the Pair,Medium,D,False,,True,PASS
NEET27-BIO-0166,XII,Botany,Unit 10: Ecology and Environment,Ecosystem,Ecosystem,Decomposers and Ecosystem components,Statement I and Statement II,Medium,B,False,,True,PASS
NEET27-BIO-0167,XII,Botany,Unit 10: Ecology and Environment,Biodiversity and Conservation,Biodiversity and Conservation,Integrated chapter reasoning,Multi-statement,Difficult,D,False,,True,PASS
NEET27-BIO-0168,XII,Zoology,Unit 6: Reproduction,Reproductive Health,Reproductive Health,Birth control and reproductive health,Statement Completion,Easy,A,False,,True,PASS
NEET27-BIO-0169,XII,Botany,Unit 7: Genetics and Evolution,Principles of Inheritance and Variation,Principles of Inheritance and Variation,Sex determination,Statement Completion,Easy,D,False,,True,PASS
NEET27-BIO-0170,XII,Botany,Unit 8: Biology and Human Welfare,Microbes in Human Welfare,Microbes in Human Welfare,Biocontrol with Curd formation,Applied statement comparison,Medium,C,False,,True,PASS
NEET27-BIO-0171,XI,Botany,Unit 4: Plant Physiology,Plant Growth and Development,Plant Growth and Development,Geometric growth,Direct NCERT-based,Easy,C,False,,True,PASS
NEET27-BIO-0172,XI,Botany,Unit 3: Cell Structure and Function,Cell: The Unit of Life,Cell: The Unit of Life,Integrated chapter reasoning,Multi-statement,Difficult,A,False,,True,PASS
NEET27-BIO-0173,XII,Botany,Unit 10: Ecology and Environment,Biodiversity and Conservation,Biodiversity and Conservation,Ex situ conservation,Direct NCERT-based,Easy,B,False,,True,PASS
NEET27-BIO-0174,XI,Botany,Unit 2: Structural Organisation in Animals and Plants,Anatomy of Flowering Plants,Anatomy of Flowering Plants,Integrated chapter reasoning,Higher-order multi-statement,Difficult,C,False,,True,PASS
NEET27-BIO-0175,XI,Zoology,Unit 5: Human Physiology,Breathing and Exchange of Gases,Breathing and Exchange of Gases,Mechanics of breathing,Integrated Association Analysis,Medium,A,False,,True,PASS
NEET27-BIO-0176,XII,Botany,Unit 6: Reproduction,Sexual Reproduction in Flowering Plants,Sexual Reproduction in Flowering Plants,Fertilization,Evidence Integration,Difficult,B,False,,True,PASS
NEET27-BIO-0177,XII,Botany,Unit 10: Ecology and Environment,Biodiversity and Conservation,Biodiversity and Conservation,Protected areas,Direct NCERT-based,Easy,D,False,,True,PASS
NEET27-BIO-0178,XI,Botany,Unit 1: Diversity in Living World,Plant Kingdom,Plant Kingdom,Integrated chapter reasoning,Higher-order multi-statement,Difficult,D,False,,True,PASS
NEET27-BIO-0179,XII,Botany,Unit 10: Ecology and Environment,Organisms and Populations,Organisms and Populations,Carrying capacity with Competition,Applied statement comparison,Medium,B,False,,True,PASS
NEET27-BIO-0180,XI,Botany,Unit 4: Plant Physiology,Photosynthesis in Higher Plants,Photosynthesis in Higher Plants,Photolysis,Direct NCERT-based,Easy,A,False,,True,PASS
NEET27-BIO-0181,XII,Botany,Unit 10: Ecology and Environment,Biodiversity and Conservation,Biodiversity and Conservation,Ex situ conservation and Protected areas,Statement I and Statement II,Medium,D,False,,True,PASS
NEET27-BIO-0182,XII,Botany,Unit 6: Reproduction,Sexual Reproduction in Flowering Plants,Sexual Reproduction in Flowering Plants,Post-fertilization development,Statement Completion,Easy,B,False,,True,PASS
NEET27-BIO-0183,XII,Botany,Unit 7: Genetics and Evolution,Molecular Basis of Inheritance,Molecular Basis of Inheritance,DNA structure,Case Analysis,Difficult,A,False,,True,PASS
NEET27-BIO-0184,XI,Botany,Unit 2: Structural Organisation in Animals and Plants,Morphology of Flowering Plants,Morphology of Flowering Plants,Leaf modifications and Inflorescence,Statement I and Statement II,Medium,C,False,,True,PASS
NEET27-BIO-0185,XII,Botany,Unit 9: Biotechnology and Its Applications,Biotechnology and Its Applications,Biotechnology and Its Applications,Medical applications,Reverse Association,Easy,C,False,,True,PASS
NEET27-BIO-0186,XI,Botany,Unit 1: Diversity in Living World,Plant Kingdom,Plant Kingdom,Integrated chapter reasoning,Higher-order multi-statement,Difficult,B,False,,True,PASS
NEET27-BIO-0187,XII,Botany,Unit 9: Biotechnology and Its Applications,Biotechnology and Its Applications,Biotechnology and Its Applications,Medical applications,Direct Concept,Easy,B,False,,True,PASS
NEET27-BIO-0188,XII,Botany,Unit 7: Genetics and Evolution,Evolution,Evolution,Evidence of evolution,Statement Completion,Easy,C,False,,True,PASS
NEET27-BIO-0189,XI,Zoology,Unit 5: Human Physiology,Breathing and Exchange of Gases,Breathing and Exchange of Gases,Human respiratory tract,Applied Classification,Medium,A,False,,True,PASS
NEET27-BIO-0190,XII,Botany,Unit 8: Biology and Human Welfare,Microbes in Human Welfare,Microbes in Human Welfare,Bioactive molecules,Direct NCERT-based,Easy,D,False,,True,PASS
NEET27-BIO-0191,XII,Botany,Unit 9: Biotechnology and Its Applications,Biotechnology: Principles and Processes,Biotechnology: Principles and Processes,PCR and analysis,Evidence Integration,Difficult,C,False,,True,PASS
NEET27-BIO-0192,XI,Botany,Unit 2: Structural Organisation in Animals and Plants,Morphology of Flowering Plants,Morphology of Flowering Plants,Integrated chapter reasoning,Multi-statement,Difficult,D,False,,True,PASS
NEET27-BIO-0193,XII,Botany,Unit 7: Genetics and Evolution,Evolution,Evolution,Population genetics,Statement Completion,Easy,A,False,,True,PASS
NEET27-BIO-0194,XI,Zoology,Unit 5: Human Physiology,Excretory Products and Their Elimination,Excretory Products and Their Elimination,Nitrogenous waste products,Direct Concept,Easy,B,False,,True,PASS
NEET27-BIO-0195,XI,Botany,Unit 4: Plant Physiology,Plant Growth and Development,Plant Growth and Development,Auxin and Gibberellins,Statement I and Statement II,Medium,B,False,,True,PASS
NEET27-BIO-0196,XII,Botany,Unit 7: Genetics and Evolution,Molecular Basis of Inheritance,Molecular Basis of Inheritance,Gene regulation and genomics,Cross-Concept Elimination,Difficult,C,False,,True,PASS
NEET27-BIO-0197,XI,Botany,Unit 2: Structural Organisation in Animals and Plants,Morphology of Flowering Plants,Morphology of Flowering Plants,Fruits,Direct NCERT-based,Easy,C,False,,True,PASS
NEET27-BIO-0198,XII,Zoology,Unit 8: Biology and Human Welfare,Human Health and Disease,Human Health and Disease,Antibody structure,Cross-Concept Elimination,Difficult,A,False,,True,PASS
NEET27-BIO-0199,XI,Botany,Unit 1: Diversity in Living World,Biological Classification,Biological Classification,Red tides and Euglenoids,Statement I and Statement II,Medium,C,False,,True,PASS
NEET27-BIO-0200,XI,Zoology,Unit 5: Human Physiology,Excretory Products and Their Elimination,Excretory Products and Their Elimination,Relative toxicity of nitrogenous wastes,Comparison Based,Easy,A,False,,True,PASS
NEET27-BIO-0201,XI,Botany,Unit 1: Diversity in Living World,Plant Kingdom,Plant Kingdom,Prothallus,Direct NCERT-based,Easy,D,False,,True,PASS
NEET27-BIO-0202,XI,Botany,Unit 2: Structural Organisation in Animals and Plants,Anatomy of Flowering Plants,Anatomy of Flowering Plants,Integrated chapter reasoning,Multi-statement,Difficult,B,False,,True,PASS
NEET27-BIO-0203,XI,Zoology,Unit 2: Structural Organisation in Animals and Plants,Structural Organisation in Animals,Structural Organisation in Animals,Frog excretion and Frog nervous system,Statement I and Statement II,Medium,D,False,,True,PASS
NEET27-BIO-0204,XI,Botany,Unit 1: Diversity in Living World,Biological Classification,Biological Classification,Diatoms,Direct NCERT-based,Easy,B,False,,True,PASS
NEET27-BIO-0205,XII,Botany,Unit 10: Ecology and Environment,Organisms and Populations,Organisms and Populations,Population change,Direct NCERT-based,Easy,D,False,,True,PASS
NEET27-BIO-0206,XII,Botany,Unit 9: Biotechnology and Its Applications,Biotechnology: Principles and Processes,Biotechnology: Principles and Processes,PCR and analysis,Integrated Association Analysis,Medium,D,False,,True,PASS
NEET27-BIO-0207,XI,Zoology,Unit 5: Human Physiology,Breathing and Exchange of Gases,Breathing and Exchange of Gases,Mechanics of breathing,Direct Concept,Easy,A,False,,True,PASS
NEET27-BIO-0208,XI,Botany,Unit 4: Plant Physiology,Photosynthesis in Higher Plants,Photosynthesis in Higher Plants,Calvin-cycle phases and Calvin-cycle energy,Statement I and Statement II,Medium,A,False,,True,PASS
NEET27-BIO-0209,XI,Botany,Unit 4: Plant Physiology,Photosynthesis in Higher Plants,Photosynthesis in Higher Plants,Photosynthetic pigments and Photosystems,Statement I and Statement II,Medium,C,False,,True,PASS
NEET27-BIO-0210,XI,Zoology,Unit 2: Structural Organisation in Animals and Plants,Structural Organisation in Animals,Structural Organisation in Animals,Integrated chapter reasoning,Higher-order multi-statement,Difficult,D,False,,True,PASS
NEET27-BIO-0211,XI,Zoology,Unit 1: Diversity in Living World,Animal Kingdom,Animal Kingdom,Porifera and Cnidaria,Statement I and Statement II,Medium,B,False,,True,PASS
NEET27-BIO-0212,XII,Botany,Unit 10: Ecology and Environment,Biodiversity and Conservation,Biodiversity and Conservation,Extinction risk and Levels of biodiversity,Statement I and Statement II,Medium,A,False,,True,PASS
NEET27-BIO-0213,XII,Botany,Unit 8: Biology and Human Welfare,Microbes in Human Welfare,Microbes in Human Welfare,Integrated chapter reasoning,Higher-order multi-statement,Difficult,B,False,,True,PASS
NEET27-BIO-0214,XI,Botany,Unit 4: Plant Physiology,Respiration in Plants,Respiration in Plants,Utility of stepwise oxidation,Direct Concept,Easy,C,False,,True,PASS
NEET27-BIO-0215,XI,Botany,Unit 3: Cell Structure and Function,Cell: The Unit of Life,Cell: The Unit of Life,Mitochondria and Chloroplast,Statement I and Statement II,Medium,D,False,,True,PASS
NEET27-BIO-0216,XI,Zoology,Unit 5: Human Physiology,Body Fluids and Circulation,Body Fluids and Circulation,Heart anatomy,Cross-Concept Elimination,Difficult,A,False,,True,PASS
NEET27-BIO-0217,XI,Zoology,Unit 5: Human Physiology,Excretory Products and Their Elimination,Excretory Products and Their Elimination,Path of blood through the kidney,Statement Based,Medium,B,False,,True,PASS
NEET27-BIO-0218,XII,Zoology,Unit 6: Reproduction,Reproductive Health,Reproductive Health,Birth control and reproductive health,Applied Classification,Medium,C,False,,True,PASS
NEET27-BIO-0219,XI,Botany,Unit 4: Plant Physiology,Plant Growth and Development,Plant Growth and Development,Phases and curves,Statement Completion,Easy,A,False,,True,PASS
NEET27-BIO-0220,XI,Botany,Unit 3: Cell Structure and Function,Cell Cycle and Cell Division,Cell Cycle and Cell Division,Integrated chapter reasoning,Multi-statement,Difficult,D,False,,True,PASS
NEET27-BIO-0221,XII,Botany,Unit 9: Biotechnology and Its Applications,Biotechnology: Principles and Processes,Biotechnology: Principles and Processes,PCR and analysis,Reverse Association,Easy,B,False,,True,PASS
NEET27-BIO-0222,XI,Botany,Unit 3: Cell Structure and Function,Cell: The Unit of Life,Cell: The Unit of Life,Integrated chapter reasoning,Multi-statement,Difficult,C,False,,True,PASS
NEET27-BIO-0223,XII,Botany,Unit 7: Genetics and Evolution,Evolution,Evolution,Evidence of evolution,Statement Completion,Easy,C,False,,True,PASS
NEET27-BIO-0224,XI,Botany,Unit 2: Structural Organisation in Animals and Plants,Morphology of Flowering Plants,Morphology of Flowering Plants,Ovary position,Direct NCERT-based,Easy,D,False,,True,PASS
NEET27-BIO-0225,XI,Botany,Unit 1: Diversity in Living World,Biological Classification,Biological Classification,Integrated chapter reasoning,Higher-order multi-statement,Difficult,C,False,,True,PASS
NEET27-BIO-0226,XII,Botany,Unit 7: Genetics and Evolution,Principles of Inheritance and Variation,Principles of Inheritance and Variation,Non-Mendelian patterns,Integrated Association Analysis,Medium,D,False,,True,PASS
NEET27-BIO-0227,XI,Zoology,Unit 5: Human Physiology,Body Fluids and Circulation,Body Fluids and Circulation,Heart anatomy,Statement Completion,Easy,D,False,,True,PASS
NEET27-BIO-0228,XI,Botany,Unit 3: Cell Structure and Function,Cell: The Unit of Life,Cell: The Unit of Life,Chromatin and Plant and animal cells,Statement I and Statement II,Medium,B,False,,True,PASS
NEET27-BIO-0229,XI,Botany,Unit 1: Diversity in Living World,Plant Kingdom,Plant Kingdom,Bryophyte life cycle and Bryophyte habitat,Statement I and Statement II,Medium,A,False,,True,PASS
NEET27-BIO-0230,XI,Botany,Unit 4: Plant Physiology,Photosynthesis in Higher Plants,Photosynthesis in Higher Plants,Integrated chapter reasoning,Higher-order multi-statement,Difficult,A,False,,True,PASS
NEET27-BIO-0231,XI,Zoology,Unit 5: Human Physiology,Body Fluids and Circulation,Body Fluids and Circulation,Cardiac cycle and ECG,Match the Pair,Medium,C,False,,True,PASS
NEET27-BIO-0232,XII,Botany,Unit 10: Ecology and Environment,Biodiversity and Conservation,Biodiversity and Conservation,Sacred groves,Direct NCERT-based,Easy,C,False,,True,PASS
NEET27-BIO-0233,XI,Botany,Unit 1: Diversity in Living World,The Living World,The Living World,Identification,Direct NCERT-based,Easy,A,False,,True,PASS
NEET27-BIO-0234,XII,Botany,Unit 9: Biotechnology and Its Applications,Biotechnology and Its Applications,Biotechnology and Its Applications,Agricultural applications,Direct Concept,Easy,B,False,,True,PASS
NEET27-BIO-0235,XI,Botany,Unit 1: Diversity in Living World,The Living World,The Living World,Reproduction and Metabolism,Statement I and Statement II,Medium,A,False,,True,PASS
NEET27-BIO-0236,XII,Botany,Unit 7: Genetics and Evolution,Molecular Basis of Inheritance,Molecular Basis of Inheritance,Evidence for genetic material,Cross-Concept Elimination,Difficult,B,False,,True,PASS
NEET27-BIO-0237,XI,Botany,Unit 3: Cell Structure and Function,Biomolecules,Biomolecules,Forms of RNA in viruses,Conceptual Trap,Easy,A,False,,True,PASS
NEET27-BIO-0238,XI,Botany,Unit 4: Plant Physiology,Plant Growth and Development,Plant Growth and Development,Seed germination,Direct NCERT-based,Easy,D,False,,True,PASS
NEET27-BIO-0239,XII,Botany,Unit 8: Biology and Human Welfare,Microbes in Human Welfare,Microbes in Human Welfare,Industrial fermentation and Ethanol production,Statement I and Statement II,Medium,B,False,,True,PASS
NEET27-BIO-0240,XI,Botany,Unit 1: Diversity in Living World,The Living World,The Living World,Integrated chapter reasoning,Multi-statement,Difficult,D,False,,True,PASS
NEET27-BIO-0241,XI,Zoology,Unit 5: Human Physiology,Breathing and Exchange of Gases,Breathing and Exchange of Gases,Human respiratory tract,Applied Classification,Medium,D,False,,True,PASS
NEET27-BIO-0242,XII,Zoology,Unit 8: Biology and Human Welfare,Human Health and Disease,Human Health and Disease,Bacterial and protozoan diseases,Statement Completion,Easy,B,False,,True,PASS
NEET27-BIO-0243,XII,Botany,Unit 6: Reproduction,Sexual Reproduction in Flowering Plants,Sexual Reproduction in Flowering Plants,Fertilization,Statement Completion,Easy,C,False,,True,PASS
NEET27-BIO-0244,XII,Botany,Unit 7: Genetics and Evolution,Molecular Basis of Inheritance,Molecular Basis of Inheritance,Gene regulation and genomics,Cross-Concept Elimination,Difficult,C,False,,True,PASS
NEET27-BIO-0245,XII,Botany,Unit 7: Genetics and Evolution,Principles of Inheritance and Variation,Principles of Inheritance and Variation,Sex-linked inheritance,Integrated Association Analysis,Medium,D,False,,True,PASS
NEET27-BIO-0246,XII,Botany,Unit 7: Genetics and Evolution,Molecular Basis of Inheritance,Molecular Basis of Inheritance,Events at a DNA replication fork,Diagram Interpretation,Easy,B,True,figures/NEET27-BIO-XII-CH05-FIG01.png,True,PASS
NEET27-BIO-0247,XI,Botany,Unit 3: Cell Structure and Function,Cell Cycle and Cell Division,Cell Cycle and Cell Division,Integrated chapter reasoning,Multi-statement,Difficult,B,False,,True,PASS
NEET27-BIO-0248,XII,Botany,Unit 9: Biotechnology and Its Applications,Biotechnology: Principles and Processes,Biotechnology: Principles and Processes,Cloning vectors,Cross-Concept Elimination,Difficult,A,False,,True,PASS
NEET27-BIO-0249,XI,Botany,Unit 1: Diversity in Living World,Plant Kingdom,Plant Kingdom,Pyrenoids with Brown-algal reserve food,Applied statement comparison,Medium,C,False,,True,PASS
NEET27-BIO-0250,XII,Botany,Unit 7: Genetics and Evolution,Principles of Inheritance and Variation,Principles of Inheritance and Variation,Crosses,Match the Pair,Medium,C,False,,True,PASS
NEET27-BIO-0251,XI,Botany,Unit 4: Plant Physiology,Respiration in Plants,Respiration in Plants,RQ from measured gas volumes,Numerical,Medium,B,False,,True,PASS
NEET27-BIO-0252,XI,Zoology,Unit 2: Structural Organisation in Animals and Plants,Structural Organisation in Animals,Structural Organisation in Animals,Frog skin and habitat with Frog respiration,Applied statement comparison,Medium,A,False,,True,PASS
NEET27-BIO-0253,XII,Botany,Unit 10: Ecology and Environment,Biodiversity and Conservation,Biodiversity and Conservation,Sacred groves and Extinction risk,Statement I and Statement II,Medium,A,False,,True,PASS
NEET27-BIO-0254,XII,Botany,Unit 10: Ecology and Environment,Biodiversity and Conservation,Biodiversity and Conservation,In situ conservation and Biodiversity hotspots,Statement I and Statement II,Medium,B,False,,True,PASS
NEET27-BIO-0255,XI,Zoology,Unit 1: Diversity in Living World,Animal Kingdom,Animal Kingdom,Hemichordata with Urochordata and Cephalochordata,Applied statement comparison,Medium,D,False,,True,PASS
NEET27-BIO-0256,XI,Zoology,Unit 1: Diversity in Living World,Animal Kingdom,Animal Kingdom,Levels of organisation and Symmetry,Statement I and Statement II,Medium,C,False,,True,PASS
NEET27-BIO-0257,XI,Botany,Unit 3: Cell Structure and Function,Cell Cycle and Cell Division,Cell Cycle and Cell Division,Telophase and Cytokinesis,Statement I and Statement II,Medium,D,False,,True,PASS
NEET27-BIO-0258,XI,Zoology,Unit 5: Human Physiology,Excretory Products and Their Elimination,Excretory Products and Their Elimination,Vasa recta and nephron type,Conceptual Trap,Difficult,D,False,,True,PASS
NEET27-BIO-0259,XII,Botany,Unit 7: Genetics and Evolution,Evolution,Evolution,Speciation and adaptation,Statement Completion,Medium,B,False,,True,PASS
NEET27-BIO-0260,XII,Botany,Unit 7: Genetics and Evolution,Molecular Basis of Inheritance,Molecular Basis of Inheritance,DNA packaging,Applied Classification,Medium,A,False,,True,PASS
NEET27-BIO-0261,XI,Zoology,Unit 1: Diversity in Living World,Animal Kingdom,Animal Kingdom,Integrated chapter reasoning,Multi-statement,Difficult,C,False,,True,PASS
NEET27-BIO-0262,XII,Zoology,Unit 6: Reproduction,Human Reproduction,Human Reproduction,Male reproductive system,Evidence Integration,Difficult,D,False,,True,PASS
NEET27-BIO-0263,XII,Botany,Unit 9: Biotechnology and Its Applications,Biotechnology: Principles and Processes,Biotechnology: Principles and Processes,Simplified plasmid cloning vector,Diagram Interpretation,Easy,A,True,figures/NEET27-BIO-XII-CH09-FIG02.png,True,PASS
NEET27-BIO-0264,XI,Botany,Unit 1: Diversity in Living World,Plant Kingdom,Plant Kingdom,Integrated chapter reasoning,Multi-statement,Difficult,B,False,,True,PASS
NEET27-BIO-0265,XI,Botany,Unit 3: Cell Structure and Function,Biomolecules,Biomolecules,Proteins and their functions,Comparison Based,Difficult,A,False,,True,PASS
NEET27-BIO-0266,XII,Botany,Unit 7: Genetics and Evolution,Molecular Basis of Inheritance,Molecular Basis of Inheritance,Gene regulation and genomics,Statement Completion,Medium,C,False,,True,PASS
NEET27-BIO-0267,XII,Botany,Unit 10: Ecology and Environment,Ecosystem,Ecosystem,Ecological pyramids,Multi-statement analysis,Difficult,D,False,,True,PASS
NEET27-BIO-0268,XI,Zoology,Unit 2: Structural Organisation in Animals and Plants,Structural Organisation in Animals,Structural Organisation in Animals,Cartilage and bone,Direct NCERT-based,Easy,D,False,,True,PASS
NEET27-BIO-0269,XI,Zoology,Unit 5: Human Physiology,Breathing and Exchange of Gases,Breathing and Exchange of Gases,Mechanics of breathing,Direct Concept,Easy,C,False,,True,PASS
NEET27-BIO-0270,XI,Botany,Unit 2: Structural Organisation in Animals and Plants,Anatomy of Flowering Plants,Anatomy of Flowering Plants,Integrated chapter reasoning,Higher-order multi-statement,Difficult,B,False,,True,PASS
NEET27-BIO-0271,XII,Botany,Unit 7: Genetics and Evolution,Principles of Inheritance and Variation,Principles of Inheritance and Variation,Crosses,Match the Pair,Medium,C,False,,True,PASS
NEET27-BIO-0272,XII,Botany,Unit 9: Biotechnology and Its Applications,Biotechnology: Principles and Processes,Biotechnology: Principles and Processes,Restriction and joining enzymes,Cross-Concept Elimination,Difficult,C,False,,True,PASS
NEET27-BIO-0273,XII,Botany,Unit 10: Ecology and Environment,Ecosystem,Ecosystem,Decomposition factors with Food web,Applied statement comparison,Medium,B,False,,True,PASS
NEET27-BIO-0274,XI,Botany,Unit 2: Structural Organisation in Animals and Plants,Morphology of Flowering Plants,Morphology of Flowering Plants,Integrated chapter reasoning,Higher-order multi-statement,Difficult,A,False,,True,PASS
NEET27-BIO-0275,XI,Botany,Unit 3: Cell Structure and Function,Cell Cycle and Cell Division,Cell Cycle and Cell Division,Anaphase,Direct NCERT-based,Easy,A,False,,True,PASS
NEET27-BIO-0276,XI,Botany,Unit 3: Cell Structure and Function,Cell Cycle and Cell Division,Cell Cycle and Cell Division,S phase with Prophase,Applied statement comparison,Medium,D,False,,True,PASS
NEET27-BIO-0277,XI,Zoology,Unit 2: Structural Organisation in Animals and Plants,Structural Organisation in Animals,Structural Organisation in Animals,Connective tissue,Direct NCERT-based,Easy,B,False,,True,PASS
NEET27-BIO-0278,XI,Botany,Unit 4: Plant Physiology,Plant Growth and Development,Plant Growth and Development,Arithmetic growth,Direct NCERT-based,Easy,C,False,,True,PASS
NEET27-BIO-0279,XI,Botany,Unit 1: Diversity in Living World,Biological Classification,Biological Classification,Integrated chapter reasoning,Higher-order multi-statement,Difficult,D,False,,True,PASS
NEET27-BIO-0280,XI,Zoology,Unit 5: Human Physiology,Breathing and Exchange of Gases,Breathing and Exchange of Gases,Mechanics of breathing,Statement Completion,Easy,D,False,,True,PASS
NEET27-BIO-0281,XI,Botany,Unit 4: Plant Physiology,Respiration in Plants,Respiration in Plants,Utility of stepwise oxidation,Statement Based,Difficult,A,False,,True,PASS
NEET27-BIO-0282,XI,Zoology,Unit 5: Human Physiology,Breathing and Exchange of Gases,Breathing and Exchange of Gases,Gas transport,Direct Concept,Easy,B,False,,True,PASS
NEET27-BIO-0283,XI,Zoology,Unit 5: Human Physiology,Excretory Products and Their Elimination,Excretory Products and Their Elimination,Loop of Henle,Comparison Based,Easy,C,False,,True,PASS
NEET27-BIO-0284,XII,Zoology,Unit 8: Biology and Human Welfare,Human Health and Disease,Human Health and Disease,Drugs and addiction,Match the Pair,Medium,A,False,,True,PASS
NEET27-BIO-0285,XI,Zoology,Unit 5: Human Physiology,Breathing and Exchange of Gases,Breathing and Exchange of Gases,Human respiratory tract,Statement Completion,Easy,A,False,,True,PASS
NEET27-BIO-0286,XI,Zoology,Unit 5: Human Physiology,Body Fluids and Circulation,Body Fluids and Circulation,Electrical events in one cardiac cycle,Graph Analysis,Easy,D,True,figures/NEET27-BIO-XI-CH15-FIG02.png,True,PASS
NEET27-BIO-0287,XI,Botany,Unit 3: Cell Structure and Function,Cell Cycle and Cell Division,Cell Cycle and Cell Division,Integrated chapter reasoning,Higher-order multi-statement,Difficult,B,False,,True,PASS
NEET27-BIO-0288,XII,Botany,Unit 7: Genetics and Evolution,Molecular Basis of Inheritance,Molecular Basis of Inheritance,DNA replication,Evidence Integration,Difficult,C,False,,True,PASS
NEET27-BIO-0289,XI,Botany,Unit 2: Structural Organisation in Animals and Plants,Morphology of Flowering Plants,Morphology of Flowering Plants,Floral whorls and Floral symmetry,Statement I and Statement II,Medium,C,False,,True,PASS
NEET27-BIO-0290,XII,Botany,Unit 10: Ecology and Environment,Organisms and Populations,Organisms and Populations,Predation,Direct NCERT-based,Easy,B,False,,True,PASS
NEET27-BIO-0291,XI,Zoology,Unit 5: Human Physiology,Chemical Coordination and Integration,Chemical Coordination and Integration,Endocrine disorders,Direct Concept,Easy,C,False,,True,PASS
NEET27-BIO-0292,XI,Botany,Unit 2: Structural Organisation in Animals and Plants,Anatomy of Flowering Plants,Anatomy of Flowering Plants,Dicot root,Direct NCERT-based,Easy,D,False,,True,PASS
NEET27-BIO-0293,XI,Botany,Unit 3: Cell Structure and Function,Cell Cycle and Cell Division,Cell Cycle and Cell Division,Integrated chapter reasoning,Higher-order multi-statement,Difficult,D,False,,True,PASS
NEET27-BIO-0294,XI,Zoology,Unit 5: Human Physiology,Locomotion and Movement,Locomotion and Movement,Integrated chapter reasoning,Multi-statement,Difficult,A,False,,True,PASS
NEET27-BIO-0295,XII,Botany,Unit 7: Genetics and Evolution,Principles of Inheritance and Variation,Principles of Inheritance and Variation,Genetic terminology,Cross-Concept Elimination,Difficult,C,False,,True,PASS
NEET27-BIO-0296,XI,Botany,Unit 2: Structural Organisation in Animals and Plants,Anatomy of Flowering Plants,Anatomy of Flowering Plants,Epidermal tissue system and Stomatal apparatus,Statement I and Statement II,Medium,D,False,,True,PASS
NEET27-BIO-0297,XI,Zoology,Unit 1: Diversity in Living World,Animal Kingdom,Animal Kingdom,Symmetry,Direct NCERT-based,Easy,A,False,,True,PASS
NEET27-BIO-0298,XI,Botany,Unit 3: Cell Structure and Function,Cell: The Unit of Life,Cell: The Unit of Life,Vacuoles,Direct NCERT-based,Easy,C,False,,True,PASS
NEET27-BIO-0299,XI,Botany,Unit 1: Diversity in Living World,Biological Classification,Biological Classification,Dinoflagellates and Red tides,Statement I and Statement II,Medium,B,False,,True,PASS
NEET27-BIO-0300,XI,Botany,Unit 3: Cell Structure and Function,Biomolecules,Biomolecules,General formula of carbohydrates,Numerical,Medium,A,False,,True,PASS
NEET27-BIO-0301,XII,Botany,Unit 7: Genetics and Evolution,Principles of Inheritance and Variation,Principles of Inheritance and Variation,Sex determination,Cross-Concept Elimination,Difficult,B,False,,True,PASS
NEET27-BIO-0302,XII,Botany,Unit 9: Biotechnology and Its Applications,Biotechnology and Its Applications,Biotechnology and Its Applications,Agricultural applications,Cross-Concept Elimination,Difficult,A,False,,True,PASS
NEET27-BIO-0303,XI,Botany,Unit 1: Diversity in Living World,Biological Classification,Biological Classification,Integrated chapter reasoning,Multi-statement,Difficult,B,False,,True,PASS
NEET27-BIO-0304,XI,Zoology,Unit 5: Human Physiology,Locomotion and Movement,Locomotion and Movement,Skeletal divisions,Direct NCERT-based,Easy,B,False,,True,PASS
NEET27-BIO-0305,XI,Botany,Unit 3: Cell Structure and Function,Cell: The Unit of Life,Cell: The Unit of Life,Integrated chapter reasoning,Multi-statement,Difficult,D,False,,True,PASS
NEET27-BIO-0306,XI,Botany,Unit 4: Plant Physiology,Plant Growth and Development,Plant Growth and Development,Arithmetic growth with Phases of growth,Applied statement comparison,Medium,A,False,,True,PASS
NEET27-BIO-0307,XI,Botany,Unit 3: Cell Structure and Function,Cell Cycle and Cell Division,Cell Cycle and Cell Division,Prophase and Metaphase,Statement I and Statement II,Medium,C,False,,True,PASS
NEET27-BIO-0308,XII,Botany,Unit 7: Genetics and Evolution,Molecular Basis of Inheritance,Molecular Basis of Inheritance,DNA packaging,Cross-Concept Elimination,Difficult,C,False,,True,PASS
NEET27-BIO-0309,XI,Botany,Unit 3: Cell Structure and Function,Biomolecules,Biomolecules,Exceptions to base equality,Conceptual Trap,Difficult,D,False,,True,PASS
NEET27-BIO-0310,XI,Botany,Unit 2: Structural Organisation in Animals and Plants,Morphology of Flowering Plants,Morphology of Flowering Plants,Integrated chapter reasoning,Multi-statement,Difficult,C,False,,True,PASS
NEET27-BIO-0311,XI,Botany,Unit 1: Diversity in Living World,The Living World,The Living World,Species,Direct NCERT-based,Easy,D,False,,True,PASS
NEET27-BIO-0312,XI,Zoology,Unit 5: Human Physiology,Breathing and Exchange of Gases,Breathing and Exchange of Gases,Gas transport,Reverse Association,Easy,A,False,,True,PASS
NEET27-BIO-0313,XI,Botany,Unit 2: Structural Organisation in Animals and Plants,Anatomy of Flowering Plants,Anatomy of Flowering Plants,Dorsiventral leaf and Isobilateral leaf,Statement I and Statement II,Medium,B,False,,True,PASS
NEET27-BIO-0314,XI,Botany,Unit 2: Structural Organisation in Animals and Plants,Morphology of Flowering Plants,Morphology of Flowering Plants,Phyllotaxy,Direct NCERT-based,Easy,A,False,,True,PASS
NEET27-BIO-0315,XII,Zoology,Unit 8: Biology and Human Welfare,Human Health and Disease,Human Health and Disease,Viral and helminth diseases,Reverse Association,Easy,D,False,,True,PASS
NEET27-BIO-0316,XII,Botany,Unit 7: Genetics and Evolution,Principles of Inheritance and Variation,Principles of Inheritance and Variation,Sex-linked inheritance,Statement Completion,Easy,B,False,,True,PASS
NEET27-BIO-0317,XI,Zoology,Unit 1: Diversity in Living World,Animal Kingdom,Animal Kingdom,Urochordata and Cephalochordata with Amphibia,Applied statement comparison,Medium,D,False,,True,PASS
NEET27-BIO-0318,XII,Botany,Unit 7: Genetics and Evolution,Principles of Inheritance and Variation,Principles of Inheritance and Variation,Mendelian inheritance,Integrated Association Analysis,Medium,B,False,,True,PASS
NEET27-BIO-0319,XI,Botany,Unit 3: Cell Structure and Function,Cell Cycle and Cell Division,Cell Cycle and Cell Division,Integrated chapter reasoning,Higher-order multi-statement,Difficult,A,False,,True,PASS
NEET27-BIO-0320,XI,Zoology,Unit 1: Diversity in Living World,Animal Kingdom,Animal Kingdom,Urochordata and Cephalochordata,Direct NCERT-based,Easy,C,False,,True,PASS
NEET27-BIO-0321,XII,Botany,Unit 10: Ecology and Environment,Biodiversity and Conservation,Biodiversity and Conservation,Integrated chapter reasoning,Higher-order multi-statement,Difficult,B,False,,True,PASS
NEET27-BIO-0322,XII,Zoology,Unit 8: Biology and Human Welfare,Human Health and Disease,Human Health and Disease,Immunity,Reverse Association,Easy,D,False,,True,PASS
NEET27-BIO-0323,XII,Botany,Unit 10: Ecology and Environment,Organisms and Populations,Organisms and Populations,Stable population with Exponential growth,Applied statement comparison,Medium,D,False,,True,PASS
NEET27-BIO-0324,XII,Botany,Unit 7: Genetics and Evolution,Principles of Inheritance and Variation,Principles of Inheritance and Variation,Sex-linked inheritance,Reverse Association,Easy,A,False,,True,PASS
NEET27-BIO-0325,XI,Botany,Unit 3: Cell Structure and Function,Cell Cycle and Cell Division,Cell Cycle and Cell Division,Meiosis I with Crossing over,Applied statement comparison,Medium,C,False,,True,PASS
NEET27-BIO-0326,XII,Botany,Unit 10: Ecology and Environment,Organisms and Populations,Organisms and Populations,Integrated chapter reasoning,Higher-order multi-statement,Difficult,A,False,,True,PASS
NEET27-BIO-0327,XI,Botany,Unit 1: Diversity in Living World,Biological Classification,Biological Classification,Integrated chapter reasoning,Higher-order multi-statement,Difficult,C,False,,True,PASS
NEET27-BIO-0328,XII,Botany,Unit 8: Biology and Human Welfare,Microbes in Human Welfare,Microbes in Human Welfare,Biocontrol,Direct NCERT-based,Easy,B,False,,True,PASS
NEET27-BIO-0329,XI,Zoology,Unit 5: Human Physiology,Breathing and Exchange of Gases,Breathing and Exchange of Gases,Mechanics of breathing,Applied Classification,Medium,A,False,,True,PASS
NEET27-BIO-0330,XI,Zoology,Unit 5: Human Physiology,Body Fluids and Circulation,Body Fluids and Circulation,Cardiac cycle and ECG,Applied Classification,Medium,B,False,,True,PASS
NEET27-BIO-0331,XI,Botany,Unit 1: Diversity in Living World,The Living World,The Living World,Biodiversity and Identification,Statement I and Statement II,Medium,C,False,,True,PASS
NEET27-BIO-0332,XI,Botany,Unit 3: Cell Structure and Function,Cell: The Unit of Life,Cell: The Unit of Life,Microbodies,Direct NCERT-based,Easy,C,False,,True,PASS
NEET27-BIO-0333,XII,Botany,Unit 10: Ecology and Environment,Ecosystem,Ecosystem,Ecosystem organization,Match the Pair,Medium,D,False,,True,PASS
NEET27-BIO-0334,XI,Botany,Unit 2: Structural Organisation in Animals and Plants,Morphology of Flowering Plants,Morphology of Flowering Plants,Integrated chapter reasoning,Multi-statement,Difficult,B,False,,True,PASS
NEET27-BIO-0335,XII,Zoology,Unit 8: Biology and Human Welfare,Human Health and Disease,Human Health and Disease,Bacterial and protozoan diseases,Multi-Statement Reasoning,Difficult,D,False,,True,PASS
NEET27-BIO-0336,XII,Botany,Unit 9: Biotechnology and Its Applications,Biotechnology: Principles and Processes,Biotechnology: Principles and Processes,Polymerase chain reaction,Diagram Interpretation,Easy,B,True,figures/NEET27-BIO-XII-CH09-FIG01.png,True,PASS
NEET27-BIO-0337,XI,Botany,Unit 1: Diversity in Living World,Biological Classification,Biological Classification,Kingdom Protista and Diatoms,Statement I and Statement II,Medium,A,False,,True,PASS
NEET27-BIO-0338,XI,Zoology,Unit 2: Structural Organisation in Animals and Plants,Structural Organisation in Animals,Structural Organisation in Animals,Integrated chapter reasoning,Multi-statement,Difficult,B,False,,True,PASS
NEET27-BIO-0339,XI,Zoology,Unit 5: Human Physiology,Excretory Products and Their Elimination,Excretory Products and Their Elimination,Malpighian body,Verbal Diagram Reasoning,Easy,D,True,figures/NEET27-BIO-XI-CH16-0054.png,True,PASS
NEET27-BIO-0340,XII,Botany,Unit 10: Ecology and Environment,Biodiversity and Conservation,Biodiversity and Conservation,Integrated chapter reasoning,Higher-order multi-statement,Difficult,D,False,,True,PASS
NEET27-BIO-0341,XII,Botany,Unit 9: Biotechnology and Its Applications,Biotechnology: Principles and Processes,Biotechnology: Principles and Processes,Core principles,Cross-Concept Elimination,Difficult,C,False,,True,PASS
NEET27-BIO-0342,XI,Botany,Unit 3: Cell Structure and Function,Cell Cycle and Cell Division,Cell Cycle and Cell Division,Integrated chapter reasoning,Multi-statement,Difficult,A,False,,True,PASS
NEET27-BIO-0343,XI,Botany,Unit 3: Cell Structure and Function,Cell Cycle and Cell Division,Cell Cycle and Cell Division,Integrated chapter reasoning,Multi-statement,Difficult,A,False,,True,PASS
NEET27-BIO-0344,XI,Botany,Unit 2: Structural Organisation in Animals and Plants,Anatomy of Flowering Plants,Anatomy of Flowering Plants,Dicot root with Dicot stem,Applied statement comparison,Medium,C,False,,True,PASS
NEET27-BIO-0345,XII,Botany,Unit 9: Biotechnology and Its Applications,Biotechnology and Its Applications,Biotechnology and Its Applications,Bioethics and ownership,Statement Completion,Medium,D,False,,True,PASS
NEET27-BIO-0346,XII,Botany,Unit 7: Genetics and Evolution,Principles of Inheritance and Variation,Principles of Inheritance and Variation,Mendelian inheritance,Direct Concept,Easy,C,False,,True,PASS
NEET27-BIO-0347,XII,Botany,Unit 7: Genetics and Evolution,Principles of Inheritance and Variation,Principles of Inheritance and Variation,Non-Mendelian patterns,Applied Classification,Medium,A,False,,True,PASS
NEET27-BIO-0348,XI,Botany,Unit 4: Plant Physiology,Photosynthesis in Higher Plants,Photosynthesis in Higher Plants,C4 initial fixation and Kranz anatomy,Statement I and Statement II,Medium,B,False,,True,PASS
NEET27-BIO-0349,XII,Zoology,Unit 8: Biology and Human Welfare,Human Health and Disease,Human Health and Disease,Cancer and immunity disorders,Reverse Association,Easy,A,False,,True,PASS
NEET27-BIO-0350,XI,Botany,Unit 4: Plant Physiology,Respiration in Plants,Respiration in Plants,ATP accounting for the Krebs cycle,Multi-Step Numerical,Difficult,C,False,,True,PASS
NEET27-BIO-0351,XI,Zoology,Unit 5: Human Physiology,Chemical Coordination and Integration,Chemical Coordination and Integration,Pituitary and thyroid,Reverse Association,Easy,D,False,,True,PASS
NEET27-BIO-0352,XII,Botany,Unit 6: Reproduction,Sexual Reproduction in Flowering Plants,Sexual Reproduction in Flowering Plants,Fertilization,Direct Concept,Easy,B,False,,True,PASS
NEET27-BIO-0353,XI,Botany,Unit 3: Cell Structure and Function,Cell Cycle and Cell Division,Cell Cycle and Cell Division,Integrated chapter reasoning,Multi-statement,Difficult,D,False,,True,PASS
NEET27-BIO-0354,XII,Botany,Unit 7: Genetics and Evolution,Evolution,Evolution,Evolutionary theories,Integrated Association Analysis,Medium,C,False,,True,PASS
NEET27-BIO-0355,XII,Botany,Unit 7: Genetics and Evolution,Evolution,Evolution,Origin of life,Statement Completion,Easy,A,False,,True,PASS
NEET27-BIO-0356,XI,Zoology,Unit 5: Human Physiology,Body Fluids and Circulation,Body Fluids and Circulation,Cardiac cycle and ECG,Cross-Concept Elimination,Difficult,B,False,,True,PASS
NEET27-BIO-0357,XI,Zoology,Unit 5: Human Physiology,Locomotion and Movement,Locomotion and Movement,Gout and osteoporosis,Direct NCERT-based,Easy,C,False,,True,PASS
NEET27-BIO-0358,XI,Botany,Unit 4: Plant Physiology,Respiration in Plants,Respiration in Plants,Enzyme and coenzymes of the link reaction,Direct Concept,Easy,B,False,,True,PASS
NEET27-BIO-0359,XI,Botany,Unit 4: Plant Physiology,Respiration in Plants,Respiration in Plants,Net gain of glycolysis,Multi-Step Numerical,Difficult,D,False,,True,PASS
NEET27-BIO-0360,XII,Botany,Unit 7: Genetics and Evolution,Molecular Basis of Inheritance,Molecular Basis of Inheritance,Evidence for genetic material,Statement Completion,Easy,D,False,,True,PASS
NEET27-BIO-0361,XII,Botany,Unit 6: Reproduction,Sexual Reproduction in Flowering Plants,Sexual Reproduction in Flowering Plants,Microsporogenesis and pollen,Reverse Association,Easy,A,False,,True,PASS
NEET27-BIO-0362,XII,Botany,Unit 6: Reproduction,Sexual Reproduction in Flowering Plants,Sexual Reproduction in Flowering Plants,Fertilization,Applied Classification,Medium,A,False,,True,PASS
NEET27-BIO-0363,XII,Botany,Unit 7: Genetics and Evolution,Principles of Inheritance and Variation,Principles of Inheritance and Variation,Sex determination,Applied Classification,Medium,B,False,,True,PASS
NEET27-BIO-0364,XI,Zoology,Unit 5: Human Physiology,Locomotion and Movement,Locomotion and Movement,Integrated chapter reasoning,Multi-statement,Difficult,B,False,,True,PASS
NEET27-BIO-0365,XI,Zoology,Unit 5: Human Physiology,Breathing and Exchange of Gases,Breathing and Exchange of Gases,Respiratory organs,Cross-Concept Elimination,Difficult,C,False,,True,PASS
NEET27-BIO-0366,XII,Botany,Unit 10: Ecology and Environment,Organisms and Populations,Organisms and Populations,Population attributes,Multi-Statement Reasoning,Difficult,A,False,,True,PASS
NEET27-BIO-0367,XI,Zoology,Unit 5: Human Physiology,Breathing and Exchange of Gases,Breathing and Exchange of Gases,Gas transport,Match the Pair,Medium,D,False,,True,PASS
NEET27-BIO-0368,XI,Zoology,Unit 2: Structural Organisation in Animals and Plants,Structural Organisation in Animals,Structural Organisation in Animals,Frog digestive system and Frog respiration,Statement I and Statement II,Medium,D,False,,True,PASS
NEET27-BIO-0369,XI,Zoology,Unit 1: Diversity in Living World,Animal Kingdom,Animal Kingdom,Arthropoda,Direct NCERT-based,Easy,C,False,,True,PASS
NEET27-BIO-0370,XII,Botany,Unit 7: Genetics and Evolution,Principles of Inheritance and Variation,Principles of Inheritance and Variation,Crosses,Direct Concept,Easy,A,False,,True,PASS
NEET27-BIO-0371,XI,Botany,Unit 1: Diversity in Living World,Plant Kingdom,Plant Kingdom,Integrated chapter reasoning,Higher-order multi-statement,Difficult,D,False,,True,PASS
NEET27-BIO-0372,XI,Botany,Unit 1: Diversity in Living World,Biological Classification,Biological Classification,Integrated chapter reasoning,Multi-statement,Difficult,C,False,,True,PASS
NEET27-BIO-0373,XI,Botany,Unit 4: Plant Physiology,Plant Growth and Development,Plant Growth and Development,Ethylene and ABA with Arithmetic growth,Applied statement comparison,Medium,C,False,,True,PASS
NEET27-BIO-0374,XI,Botany,Unit 3: Cell Structure and Function,Cell: The Unit of Life,Cell: The Unit of Life,Cilia and flagella and Centrioles,Statement I and Statement II,Medium,A,False,,True,PASS
NEET27-BIO-0375,XI,Botany,Unit 3: Cell Structure and Function,Cell Cycle and Cell Division,Cell Cycle and Cell Division,Interphase,Direct NCERT-based,Easy,D,False,,True,PASS
NEET27-BIO-0376,XII,Botany,Unit 6: Reproduction,Sexual Reproduction in Flowering Plants,Sexual Reproduction in Flowering Plants,Microsporogenesis and pollen,Multi-statement analysis,Difficult,A,False,,True,PASS
NEET27-BIO-0377,XI,Zoology,Unit 1: Diversity in Living World,Animal Kingdom,Animal Kingdom,Aschelminthes and Annelida,Statement I and Statement II,Medium,B,False,,True,PASS
NEET27-BIO-0378,XII,Botany,Unit 7: Genetics and Evolution,Evolution,Evolution,Population genetics,Match the Pair,Medium,D,False,,True,PASS
NEET27-BIO-0379,XII,Zoology,Unit 6: Reproduction,Human Reproduction,Human Reproduction,Menstrual cycle,Cross-Concept Elimination,Difficult,B,False,,True,PASS
NEET27-BIO-0380,XII,Botany,Unit 7: Genetics and Evolution,Molecular Basis of Inheritance,Molecular Basis of Inheritance,Gene regulation and genomics,Multi-Statement Reasoning,Difficult,A,False,,True,PASS
NEET27-BIO-0381,XII,Botany,Unit 7: Genetics and Evolution,Molecular Basis of Inheritance,Molecular Basis of Inheritance,DNA packaging,Applied Classification,Medium,B,False,,True,PASS
NEET27-BIO-0382,XI,Zoology,Unit 5: Human Physiology,Breathing and Exchange of Gases,Breathing and Exchange of Gases,Mechanics of breathing,Reverse Association,Easy,B,False,,True,PASS
NEET27-BIO-0383,XII,Botany,Unit 7: Genetics and Evolution,Principles of Inheritance and Variation,Principles of Inheritance and Variation,Genetic terminology,Applied Classification,Medium,C,False,,True,PASS
NEET27-BIO-0384,XI,Zoology,Unit 5: Human Physiology,Locomotion and Movement,Locomotion and Movement,Thin filaments,Direct NCERT-based,Easy,C,False,,True,PASS
NEET27-BIO-0385,XI,Zoology,Unit 5: Human Physiology,Breathing and Exchange of Gases,Breathing and Exchange of Gases,Respiratory organs,Statement Completion,Easy,B,False,,True,PASS
NEET27-BIO-0386,XII,Botany,Unit 7: Genetics and Evolution,Molecular Basis of Inheritance,Molecular Basis of Inheritance,Genetic code and translation,Direct Concept,Easy,A,False,,True,PASS
NEET27-BIO-0387,XI,Zoology,Unit 5: Human Physiology,Excretory Products and Their Elimination,Excretory Products and Their Elimination,Nitrogenous waste products,Mixed Concept,Difficult,B,False,,True,PASS
NEET27-BIO-0388,XI,Botany,Unit 2: Structural Organisation in Animals and Plants,Morphology of Flowering Plants,Morphology of Flowering Plants,Integrated chapter reasoning,Higher-order multi-statement,Difficult,D,False,,True,PASS
NEET27-BIO-0389,XII,Botany,Unit 10: Ecology and Environment,Organisms and Populations,Organisms and Populations,Integrated chapter reasoning,Multi-statement,Difficult,C,False,,True,PASS
NEET27-BIO-0390,XI,Botany,Unit 3: Cell Structure and Function,Cell: The Unit of Life,Cell: The Unit of Life,Prokaryotic cells and Plasma membrane,Statement I and Statement II,Medium,A,False,,True,PASS
NEET27-BIO-0391,XI,Botany,Unit 3: Cell Structure and Function,Cell: The Unit of Life,Cell: The Unit of Life,Endomembrane system with Golgi apparatus,Applied statement comparison,Medium,B,False,,True,PASS
NEET27-BIO-0392,XII,Botany,Unit 6: Reproduction,Sexual Reproduction in Flowering Plants,Sexual Reproduction in Flowering Plants,Fertilization,Reverse Association,Easy,D,False,,True,PASS
NEET27-BIO-0393,XI,Botany,Unit 1: Diversity in Living World,Biological Classification,Biological Classification,Archaebacteria,Direct NCERT-based,Easy,C,False,,True,PASS
NEET27-BIO-0394,XI,Botany,Unit 3: Cell Structure and Function,Cell Cycle and Cell Division,Cell Cycle and Cell Division,Significance of meiosis and Interphase,Statement I and Statement II,Medium,A,False,,True,PASS
NEET27-BIO-0395,XII,Botany,Unit 10: Ecology and Environment,Ecosystem,Ecosystem,Ten-percent law,Direct NCERT-based,Easy,C,False,,True,PASS
NEET27-BIO-0396,XII,Zoology,Unit 8: Biology and Human Welfare,Human Health and Disease,Human Health and Disease,Drugs and addiction,Reverse Association,Easy,B,False,,True,PASS
NEET27-BIO-0397,XII,Zoology,Unit 8: Biology and Human Welfare,Human Health and Disease,Human Health and Disease,Viral and helminth diseases,Statement Completion,Easy,A,False,,True,PASS
NEET27-BIO-0398,XII,Botany,Unit 6: Reproduction,Sexual Reproduction in Flowering Plants,Sexual Reproduction in Flowering Plants,Ovule and embryo sac,Direct Concept,Easy,D,False,,True,PASS
NEET27-BIO-0399,XI,Zoology,Unit 2: Structural Organisation in Animals and Plants,Structural Organisation in Animals,Structural Organisation in Animals,Integrated chapter reasoning,Higher-order multi-statement,Difficult,D,False,,True,PASS
NEET27-BIO-0400,XI,Zoology,Unit 5: Human Physiology,Excretory Products and Their Elimination,Excretory Products and Their Elimination,The three steps of urine formation,Direct Concept,Easy,B,False,,True,PASS
NEET27-BIO-0401,XI,Botany,Unit 1: Diversity in Living World,Plant Kingdom,Plant Kingdom,Gymnosperm nutritive tissue with Pyrenoids,Applied statement comparison,Medium,D,False,,True,PASS
NEET27-BIO-0402,XI,Botany,Unit 3: Cell Structure and Function,Cell: The Unit of Life,Cell: The Unit of Life,Integrated chapter reasoning,Multi-statement,Difficult,B,False,,True,PASS
NEET27-BIO-0403,XII,Botany,Unit 10: Ecology and Environment,Organisms and Populations,Organisms and Populations,Population density with Mortality,Applied statement comparison,Medium,C,False,,True,PASS
NEET27-BIO-0404,XII,Botany,Unit 7: Genetics and Evolution,Evolution,Evolution,Human evolution,Match the Pair,Medium,C,False,,True,PASS
NEET27-BIO-0405,XII,Zoology,Unit 6: Reproduction,Human Reproduction,Human Reproduction,Menstrual cycle,Applied Classification,Medium,D,False,,True,PASS
NEET27-BIO-0406,XI,Botany,Unit 4: Plant Physiology,Respiration in Plants,Respiration in Plants,Muscle fibre types,Comparison Based,Difficult,C,False,,True,PASS
NEET27-BIO-0407,XII,Botany,Unit 10: Ecology and Environment,Ecosystem,Ecosystem,Decomposition factors and Food chains,Statement I and Statement II,Medium,A,False,,True,PASS
NEET27-BIO-0408,XII,Botany,Unit 10: Ecology and Environment,Organisms and Populations,Organisms and Populations,Integrated chapter reasoning,Higher-order multi-statement,Difficult,A,False,,True,PASS
NEET27-BIO-0409,XI,Botany,Unit 3: Cell Structure and Function,Biomolecules,Biomolecules,Factors affecting enzyme activity,Graph Concept,Medium,B,True,figures/NEET27-BIO-XI-CH09-0110.png,True,PASS
NEET27-BIO-0410,XI,Botany,Unit 1: Diversity in Living World,The Living World,The Living World,Taxon,Direct NCERT-based,Easy,D,False,,True,PASS
NEET27-BIO-0411,XI,Zoology,Unit 1: Diversity in Living World,Animal Kingdom,Animal Kingdom,Mollusca and Echinodermata,Statement I and Statement II,Medium,D,False,,True,PASS
NEET27-BIO-0412,XI,Zoology,Unit 1: Diversity in Living World,Animal Kingdom,Animal Kingdom,Porifera,Direct NCERT-based,Easy,C,False,,True,PASS
NEET27-BIO-0413,XII,Zoology,Unit 6: Reproduction,Human Reproduction,Human Reproduction,Female reproductive system,Integrated Association Analysis,Medium,A,False,,True,PASS
NEET27-BIO-0414,XII,Botany,Unit 7: Genetics and Evolution,Principles of Inheritance and Variation,Principles of Inheritance and Variation,Chromosomal disorders,Applied Classification,Medium,C,False,,True,PASS
NEET27-BIO-0415,XI,Botany,Unit 3: Cell Structure and Function,Cell: The Unit of Life,Cell: The Unit of Life,Integrated chapter reasoning,Multi-statement,Difficult,D,False,,True,PASS
NEET27-BIO-0416,XI,Botany,Unit 3: Cell Structure and Function,Cell Cycle and Cell Division,Cell Cycle and Cell Division,G0 phase,Direct NCERT-based,Easy,A,False,,True,PASS
NEET27-BIO-0417,XI,Botany,Unit 1: Diversity in Living World,Plant Kingdom,Plant Kingdom,Brown-algal reserve food,Direct NCERT-based,Easy,D,False,,True,PASS
NEET27-BIO-0418,XI,Botany,Unit 3: Cell Structure and Function,Biomolecules,Biomolecules,Hydrogen bonding in DNA,Numerical,Medium,B,False,,True,PASS
NEET27-BIO-0419,XI,Zoology,Unit 5: Human Physiology,Excretory Products and Their Elimination,Excretory Products and Their Elimination,Kidney hilum,Verbal Diagram Reasoning,Easy,A,True,figures/NEET27-BIO-XI-CH16-0039.png,True,PASS
NEET27-BIO-0420,XI,Zoology,Unit 5: Human Physiology,Breathing and Exchange of Gases,Breathing and Exchange of Gases,Oxyhaemoglobin dissociation curves,Graph Analysis,Easy,C,True,figures/NEET27-BIO-XI-CH14-FIG01.png,True,PASS
NEET27-BIO-0421,XII,Botany,Unit 7: Genetics and Evolution,Molecular Basis of Inheritance,Molecular Basis of Inheritance,DNA packaging,Match the Pair,Medium,C,False,,True,PASS
NEET27-BIO-0422,XII,Botany,Unit 10: Ecology and Environment,Organisms and Populations,Organisms and Populations,Integrated chapter reasoning,Multi-statement,Difficult,A,False,,True,PASS
NEET27-BIO-0423,XI,Zoology,Unit 5: Human Physiology,Chemical Coordination and Integration,Chemical Coordination and Integration,Pancreas adrenal and gonads,Reverse Association,Easy,B,False,,True,PASS
NEET27-BIO-0424,XI,Zoology,Unit 5: Human Physiology,Excretory Products and Their Elimination,Excretory Products and Their Elimination,Structure and function of the PCT,Application Based,Medium,D,False,,True,PASS
NEET27-BIO-0425,XI,Botany,Unit 3: Cell Structure and Function,Cell Cycle and Cell Division,Cell Cycle and Cell Division,Metaphase,Direct NCERT-based,Easy,C,False,,True,PASS
NEET27-BIO-0426,XII,Botany,Unit 10: Ecology and Environment,Biodiversity and Conservation,Biodiversity and Conservation,Integrated chapter reasoning,Multi-statement,Difficult,B,False,,True,PASS
NEET27-BIO-0427,XI,Botany,Unit 3: Cell Structure and Function,Biomolecules,Biomolecules,Peptide bond,Direct Concept,Easy,D,False,,True,PASS
NEET27-BIO-0428,XII,Botany,Unit 9: Biotechnology and Its Applications,Biotechnology: Principles and Processes,Biotechnology: Principles and Processes,rDNA methodology,Statement Completion,Easy,A,False,,True,PASS
NEET27-BIO-0429,XI,Zoology,Unit 5: Human Physiology,Breathing and Exchange of Gases,Breathing and Exchange of Gases,Human respiratory tract,Direct Concept,Easy,B,False,,True,PASS
NEET27-BIO-0430,XI,Botany,Unit 1: Diversity in Living World,The Living World,The Living World,Integrated chapter reasoning,Multi-statement,Difficult,C,False,,True,PASS
NEET27-BIO-0431,XI,Botany,Unit 2: Structural Organisation in Animals and Plants,Morphology of Flowering Plants,Morphology of Flowering Plants,Brassicaceae and Asteraceae,Statement I and Statement II,Medium,A,False,,True,PASS
NEET27-BIO-0432,XI,Botany,Unit 1: Diversity in Living World,Plant Kingdom,Plant Kingdom,Integrated chapter reasoning,Multi-statement,Difficult,A,False,,True,PASS
NEET27-BIO-0433,XI,Botany,Unit 3: Cell Structure and Function,Cell: The Unit of Life,Cell: The Unit of Life,Ribosomes and Microbodies,Statement I and Statement II,Medium,B,False,,True,PASS
NEET27-BIO-0434,XII,Zoology,Unit 8: Biology and Human Welfare,Human Health and Disease,Human Health and Disease,Viral and helminth diseases,Integrated Association Analysis,Medium,B,False,,True,PASS
NEET27-BIO-0435,XII,Botany,Unit 6: Reproduction,Sexual Reproduction in Flowering Plants,Sexual Reproduction in Flowering Plants,Ovule and embryo sac,Statement Completion,Easy,C,False,,True,PASS
NEET27-BIO-0436,XII,Botany,Unit 7: Genetics and Evolution,Evolution,Evolution,Evolutionary theories,Applied Classification,Medium,D,False,,True,PASS
NEET27-BIO-0437,XI,Botany,Unit 3: Cell Structure and Function,Cell: The Unit of Life,Cell: The Unit of Life,Prokaryotic cells,Direct NCERT-based,Easy,A,False,,True,PASS
NEET27-BIO-0438,XI,Zoology,Unit 5: Human Physiology,Excretory Products and Their Elimination,Excretory Products and Their Elimination,Path of blood through the kidney,Statement Based,Difficult,B,False,,True,PASS
NEET27-BIO-0439,XI,Botany,Unit 1: Diversity in Living World,The Living World,The Living World,Integrated chapter reasoning,Higher-order multi-statement,Difficult,D,False,,True,PASS
NEET27-BIO-0440,XII,Botany,Unit 10: Ecology and Environment,Ecosystem,Ecosystem,Decomposition steps and Decomposition factors,Statement I and Statement II,Medium,A,False,,True,PASS
NEET27-BIO-0441,XII,Botany,Unit 7: Genetics and Evolution,Evolution,Evolution,Origin of life,Direct Concept,Easy,B,False,,True,PASS
NEET27-BIO-0442,XI,Botany,Unit 2: Structural Organisation in Animals and Plants,Morphology of Flowering Plants,Morphology of Flowering Plants,Prop roots with Underground stems,Applied statement comparison,Medium,C,False,,True,PASS
NEET27-BIO-0443,XII,Zoology,Unit 8: Biology and Human Welfare,Human Health and Disease,Human Health and Disease,Cancer and immunity disorders,Cross-Concept Elimination,Difficult,C,False,,True,PASS
NEET27-BIO-0444,XI,Botany,Unit 4: Plant Physiology,Photosynthesis in Higher Plants,Photosynthesis in Higher Plants,Site of photosynthesis,Direct NCERT-based,Easy,D,False,,True,PASS
NEET27-BIO-0445,XII,Botany,Unit 7: Genetics and Evolution,Molecular Basis of Inheritance,Molecular Basis of Inheritance,DNA structure,Reverse Association,Easy,C,False,,True,PASS
NEET27-BIO-0446,XII,Botany,Unit 7: Genetics and Evolution,Principles of Inheritance and Variation,Principles of Inheritance and Variation,Sex determination,Direct Concept,Easy,A,False,,True,PASS
NEET27-BIO-0447,XI,Zoology,Unit 2: Structural Organisation in Animals and Plants,Structural Organisation in Animals,Structural Organisation in Animals,Frog fertilisation,Direct NCERT-based,Easy,D,False,,True,PASS
NEET27-BIO-0448,XII,Botany,Unit 6: Reproduction,Sexual Reproduction in Flowering Plants,Sexual Reproduction in Flowering Plants,Microsporogenesis and pollen,Statement Completion,Easy,B,False,,True,PASS
NEET27-BIO-0449,XI,Botany,Unit 1: Diversity in Living World,Plant Kingdom,Plant Kingdom,Pteridophyte vascular tissue with Prothallus,Applied statement comparison,Medium,D,False,,True,PASS
NEET27-BIO-0450,XII,Botany,Unit 7: Genetics and Evolution,Principles of Inheritance and Variation,Principles of Inheritance and Variation,Non-Mendelian patterns,Statement Completion,Easy,D,False,,True,PASS
NEET27-BIO-0451,XII,Botany,Unit 7: Genetics and Evolution,Molecular Basis of Inheritance,Molecular Basis of Inheritance,Evidence for genetic material,Reverse Association,Easy,A,False,,True,PASS
NEET27-BIO-0452,XI,Botany,Unit 2: Structural Organisation in Animals and Plants,Anatomy of Flowering Plants,Anatomy of Flowering Plants,Sclerenchyma with Phloem,Applied statement comparison,Medium,B,False,,True,PASS
NEET27-BIO-0453,XI,Botany,Unit 2: Structural Organisation in Animals and Plants,Morphology of Flowering Plants,Morphology of Flowering Plants,Inflorescence,Direct NCERT-based,Easy,B,False,,True,PASS
NEET27-BIO-0454,XI,Botany,Unit 1: Diversity in Living World,Plant Kingdom,Plant Kingdom,Integrated chapter reasoning,Multi-statement,Difficult,C,False,,True,PASS
NEET27-BIO-0455,XI,Zoology,Unit 5: Human Physiology,Breathing and Exchange of Gases,Breathing and Exchange of Gases,Respiratory organs,Direct Concept,Easy,C,False,,True,PASS
NEET27-BIO-0456,XII,Botany,Unit 9: Biotechnology and Its Applications,Biotechnology: Principles and Processes,Biotechnology: Principles and Processes,Cloning vectors,Integrated Association Analysis,Medium,A,False,,True,PASS
NEET27-BIO-0457,XI,Botany,Unit 4: Plant Physiology,Respiration in Plants,Respiration in Plants,Industrial use of fermentation,Direct Concept,Easy,B,False,,True,PASS
NEET27-BIO-0458,XII,Botany,Unit 7: Genetics and Evolution,Molecular Basis of Inheritance,Molecular Basis of Inheritance,DNA packaging,Integrated Association Analysis,Medium,C,False,,True,PASS
NEET27-BIO-0459,XII,Botany,Unit 10: Ecology and Environment,Organisms and Populations,Organisms and Populations,Expanding population and Stable population,Statement I and Statement II,Medium,C,False,,True,PASS
NEET27-BIO-0460,XII,Botany,Unit 7: Genetics and Evolution,Evolution,Evolution,Origin of life,Cross-Concept Elimination,Difficult,B,False,,True,PASS
NEET27-BIO-0461,XII,Zoology,Unit 8: Biology and Human Welfare,Human Health and Disease,Human Health and Disease,Prevention and public health,Applied Classification,Medium,B,False,,True,PASS
NEET27-BIO-0462,XI,Zoology,Unit 1: Diversity in Living World,Animal Kingdom,Animal Kingdom,Annelida and Arthropoda,Statement I and Statement II,Medium,D,False,,True,PASS
NEET27-BIO-0463,XI,Botany,Unit 4: Plant Physiology,Plant Growth and Development,Plant Growth and Development,Phases and curves,Applied Classification,Medium,A,False,,True,PASS
NEET27-BIO-0464,XI,Zoology,Unit 5: Human Physiology,Body Fluids and Circulation,Body Fluids and Circulation,Cardiac cycle and ECG,Reverse Association,Easy,A,False,,True,PASS
NEET27-BIO-0465,XI,Botany,Unit 1: Diversity in Living World,Biological Classification,Biological Classification,Ascomycetes,Direct NCERT-based,Easy,D,False,,True,PASS
NEET27-BIO-0466,XII,Botany,Unit 10: Ecology and Environment,Biodiversity and Conservation,Biodiversity and Conservation,Biodiversity hotspots with Protected areas,Applied statement comparison,Medium,C,False,,True,PASS
NEET27-BIO-0467,XI,Botany,Unit 3: Cell Structure and Function,Cell: The Unit of Life,Cell: The Unit of Life,Cell wall and Plasmodesmata,Statement I and Statement II,Medium,D,False,,True,PASS
NEET27-BIO-0468,XI,Botany,Unit 2: Structural Organisation in Animals and Plants,Morphology of Flowering Plants,Morphology of Flowering Plants,Integrated chapter reasoning,Multi-statement,Difficult,D,False,,True,PASS
NEET27-BIO-0469,XI,Botany,Unit 3: Cell Structure and Function,Cell: The Unit of Life,Cell: The Unit of Life,Integrated chapter reasoning,Higher-order multi-statement,Difficult,A,False,,True,PASS
NEET27-BIO-0470,XI,Zoology,Unit 1: Diversity in Living World,Animal Kingdom,Animal Kingdom,Platyhelminthes and Aschelminthes,Statement I and Statement II,Medium,B,False,,True,PASS
NEET27-BIO-0471,XI,Botany,Unit 1: Diversity in Living World,Biological Classification,Biological Classification,Viroids,Direct NCERT-based,Easy,C,False,,True,PASS
NEET27-BIO-0472,XI,Botany,Unit 1: Diversity in Living World,Plant Kingdom,Plant Kingdom,Pyrenoids and Brown algae,Statement I and Statement II,Medium,A,False,,True,PASS
NEET27-BIO-0473,XI,Botany,Unit 4: Plant Physiology,Respiration in Plants,Respiration in Plants,Glycolysis in the ATP balance sheet,Numerical,Medium,D,False,,True,PASS
NEET27-BIO-0474,XI,Botany,Unit 4: Plant Physiology,Respiration in Plants,Respiration in Plants,Substrate-level phosphorylation,Direct Concept,Easy,B,False,,True,PASS
NEET27-BIO-0475,XII,Botany,Unit 10: Ecology and Environment,Biodiversity and Conservation,Biodiversity and Conservation,Conservation,Evidence Integration,Difficult,A,False,,True,PASS
NEET27-BIO-0476,XI,Botany,Unit 4: Plant Physiology,Respiration in Plants,Respiration in Plants,Regeneration of oxidised coenzymes,Direct Concept,Easy,C,False,,True,PASS
NEET27-BIO-0477,XII,Botany,Unit 7: Genetics and Evolution,Principles of Inheritance and Variation,Principles of Inheritance and Variation,Chromosomes linkage and crossing over,Reverse Association,Easy,A,False,,True,PASS
NEET27-BIO-0478,XII,Botany,Unit 7: Genetics and Evolution,Molecular Basis of Inheritance,Molecular Basis of Inheritance,DNA replication,Match the Pair,Medium,A,False,,True,PASS
NEET27-BIO-0479,XI,Zoology,Unit 5: Human Physiology,Excretory Products and Their Elimination,Excretory Products and Their Elimination,Juxtaglomerular apparatus,Direct Concept,Easy,D,False,,True,PASS
NEET27-BIO-0480,XI,Botany,Unit 3: Cell Structure and Function,Biomolecules,Biomolecules,Polysaccharides,Conceptual Trap,Difficult,B,False,,True,PASS
NEET27-BIO-0481,XII,Botany,Unit 7: Genetics and Evolution,Principles of Inheritance and Variation,Principles of Inheritance and Variation,Chromosomal disorders,Integrated Association Analysis,Medium,B,False,,True,PASS
NEET27-BIO-0482,XII,Botany,Unit 10: Ecology and Environment,Organisms and Populations,Organisms and Populations,Population density and Natality,Statement I and Statement II,Medium,C,False,,True,PASS
NEET27-BIO-0483,XI,Zoology,Unit 5: Human Physiology,Body Fluids and Circulation,Body Fluids and Circulation,Vessels pressure and lymph,Cross-Concept Elimination,Difficult,D,False,,True,PASS
NEET27-BIO-0484,XII,Botany,Unit 8: Biology and Human Welfare,Microbes in Human Welfare,Microbes in Human Welfare,Biofertilisers and Curd formation,Statement I and Statement II,Medium,B,False,,True,PASS
NEET27-BIO-0485,XI,Botany,Unit 3: Cell Structure and Function,Cell: The Unit of Life,Cell: The Unit of Life,Integrated chapter reasoning,Higher-order multi-statement,Difficult,C,False,,True,PASS
NEET27-BIO-0486,XI,Zoology,Unit 1: Diversity in Living World,Animal Kingdom,Animal Kingdom,Integrated chapter reasoning,Higher-order multi-statement,Difficult,A,False,,True,PASS
NEET27-BIO-0487,XI,Botany,Unit 3: Cell Structure and Function,Cell: The Unit of Life,Cell: The Unit of Life,Plant and animal cells and Cell theory,Statement I and Statement II,Medium,C,False,,True,PASS
NEET27-BIO-0488,XI,Zoology,Unit 2: Structural Organisation in Animals and Plants,Structural Organisation in Animals,Structural Organisation in Animals,Integrated chapter reasoning,Multi-statement,Difficult,D,False,,True,PASS
NEET27-BIO-0489,XI,Botany,Unit 2: Structural Organisation in Animals and Plants,Anatomy of Flowering Plants,Anatomy of Flowering Plants,Epidermal tissue system,Direct NCERT-based,Easy,C,False,,True,PASS
NEET27-BIO-0490,XI,Zoology,Unit 5: Human Physiology,Breathing and Exchange of Gases,Breathing and Exchange of Gases,Human respiratory tract,Reverse Association,Easy,A,False,,True,PASS
NEET27-BIO-0491,XI,Zoology,Unit 1: Diversity in Living World,Animal Kingdom,Animal Kingdom,Integrated chapter reasoning,Multi-statement,Difficult,B,False,,True,PASS
NEET27-BIO-0492,XI,Botany,Unit 4: Plant Physiology,Respiration in Plants,Respiration in Plants,Regeneration of oxaloacetate,Direct Concept,Easy,D,False,,True,PASS
NEET27-BIO-0493,XI,Botany,Unit 4: Plant Physiology,Photosynthesis in Higher Plants,Photosynthesis in Higher Plants,Non-cyclic photophosphorylation and Cyclic photophosphorylation,Statement I and Statement II,Medium,A,False,,True,PASS
NEET27-BIO-0494,XI,Botany,Unit 4: Plant Physiology,Plant Growth and Development,Plant Growth and Development,Integrated chapter reasoning,Higher-order multi-statement,Difficult,C,False,,True,PASS
NEET27-BIO-0495,XI,Botany,Unit 4: Plant Physiology,Respiration in Plants,Respiration in Plants,Substrate level phosphorylation across the pathway,Multi-Step Numerical,Difficult,C,False,,True,PASS
NEET27-BIO-0496,XII,Botany,Unit 7: Genetics and Evolution,Molecular Basis of Inheritance,Molecular Basis of Inheritance,Genetic code and translation,Statement Completion,Easy,B,False,,True,PASS
NEET27-BIO-0497,XI,Botany,Unit 3: Cell Structure and Function,Biomolecules,Biomolecules,Fatty acids,Direct Concept,Easy,D,False,,True,PASS
NEET27-BIO-0498,XII,Zoology,Unit 8: Biology and Human Welfare,Human Health and Disease,Human Health and Disease,Viral and helminth diseases,Reverse Association,Easy,B,False,,True,PASS
NEET27-BIO-0499,XII,Botany,Unit 7: Genetics and Evolution,Principles of Inheritance and Variation,Principles of Inheritance and Variation,Chromosomes linkage and crossing over,Applied Classification,Medium,D,False,,True,PASS
NEET27-BIO-0500,XI,Zoology,Unit 2: Structural Organisation in Animals and Plants,Structural Organisation in Animals,Structural Organisation in Animals,Frog red blood cells with Frog nervous system,Applied statement comparison,Medium,C,False,,True,PASS
NEET27-BIO-0501,XI,Zoology,Unit 2: Structural Organisation in Animals and Plants,Structural Organisation in Animals,Structural Organisation in Animals,Integrated chapter reasoning,Multi-statement,Difficult,D,False,,True,PASS
NEET27-BIO-0502,XII,Botany,Unit 7: Genetics and Evolution,Evolution,Evolution,Human evolution,Integrated Association Analysis,Medium,B,False,,True,PASS
NEET27-BIO-0503,XII,Zoology,Unit 8: Biology and Human Welfare,Human Health and Disease,Human Health and Disease,Prevention and public health,Cross-Concept Elimination,Difficult,B,False,,True,PASS
NEET27-BIO-0504,XI,Zoology,Unit 5: Human Physiology,Body Fluids and Circulation,Body Fluids and Circulation,Cardiac cycle and ECG,Statement Completion,Medium,D,False,,True,PASS
NEET27-BIO-0505,XII,Botany,Unit 7: Genetics and Evolution,Principles of Inheritance and Variation,Principles of Inheritance and Variation,Chromosomal disorders,Evidence Integration,Difficult,A,False,,True,PASS
NEET27-BIO-0506,XI,Botany,Unit 1: Diversity in Living World,Plant Kingdom,Plant Kingdom,Pyrenoids,Direct NCERT-based,Easy,C,False,,True,PASS
NEET27-BIO-0507,XII,Botany,Unit 7: Genetics and Evolution,Principles of Inheritance and Variation,Principles of Inheritance and Variation,Genetic terminology,Reverse Association,Easy,A,False,,True,PASS
NEET27-BIO-0508,XII,Botany,Unit 9: Biotechnology and Its Applications,Biotechnology and Its Applications,Biotechnology and Its Applications,Medical applications,Integrated Association Analysis,Medium,A,False,,True,PASS
NEET27-BIO-0509,XII,Botany,Unit 10: Ecology and Environment,Biodiversity and Conservation,Biodiversity and Conservation,Integrated chapter reasoning,Multi-statement,Difficult,B,False,,True,PASS
NEET27-BIO-0510,XII,Botany,Unit 10: Ecology and Environment,Ecosystem,Ecosystem,Ecological pyramids,Multi-statement analysis,Difficult,D,False,,True,PASS
NEET27-BIO-0511,XII,Zoology,Unit 8: Biology and Human Welfare,Human Health and Disease,Human Health and Disease,Viral and helminth diseases,Reverse Association,Easy,A,False,,True,PASS
NEET27-BIO-0512,XI,Botany,Unit 2: Structural Organisation in Animals and Plants,Morphology of Flowering Plants,Morphology of Flowering Plants,Poaceae,Direct NCERT-based,Easy,B,False,,True,PASS
NEET27-BIO-0513,XII,Botany,Unit 10: Ecology and Environment,Biodiversity and Conservation,Biodiversity and Conservation,Over-exploitation and Alien species,Statement I and Statement II,Medium,B,False,,True,PASS
NEET27-BIO-0514,XII,Botany,Unit 7: Genetics and Evolution,Molecular Basis of Inheritance,Molecular Basis of Inheritance,Transcription and RNA,Direct Concept,Easy,D,False,,True,PASS
NEET27-BIO-0515,XI,Zoology,Unit 2: Structural Organisation in Animals and Plants,Structural Organisation in Animals,Structural Organisation in Animals,Integrated chapter reasoning,Multi-statement,Difficult,C,False,,True,PASS
NEET27-BIO-0516,XI,Botany,Unit 4: Plant Physiology,Photosynthesis in Higher Plants,Photosynthesis in Higher Plants,Photosystems and Photolysis,Statement I and Statement II,Medium,D,False,,True,PASS
NEET27-BIO-0517,XI,Botany,Unit 3: Cell Structure and Function,Cell: The Unit of Life,Cell: The Unit of Life,Integrated chapter reasoning,Multi-statement,Difficult,A,False,,True,PASS
NEET27-BIO-0518,XII,Botany,Unit 7: Genetics and Evolution,Evolution,Evolution,Origin of life,Match the Pair,Medium,C,False,,True,PASS
NEET27-BIO-0519,XI,Botany,Unit 3: Cell Structure and Function,Cell Cycle and Cell Division,Cell Cycle and Cell Division,Integrated chapter reasoning,Multi-statement,Difficult,B,False,,True,PASS
NEET27-BIO-0520,XI,Botany,Unit 1: Diversity in Living World,Plant Kingdom,Plant Kingdom,Heterospory and Seed habit,Statement I and Statement II,Medium,A,False,,True,PASS
NEET27-BIO-0521,XII,Zoology,Unit 8: Biology and Human Welfare,Human Health and Disease,Human Health and Disease,Prevention and public health,Multi-statement analysis,Difficult,C,False,,True,PASS
NEET27-BIO-0522,XI,Botany,Unit 1: Diversity in Living World,Plant Kingdom,Plant Kingdom,Integrated chapter reasoning,Multi-statement,Difficult,A,False,,True,PASS
NEET27-BIO-0523,XI,Botany,Unit 4: Plant Physiology,Plant Growth and Development,Plant Growth and Development,Gibberellins with Ethylene and ABA,Applied statement comparison,Medium,D,False,,True,PASS
NEET27-BIO-0524,XII,Botany,Unit 7: Genetics and Evolution,Molecular Basis of Inheritance,Molecular Basis of Inheritance,Transcription and RNA,Direct Concept,Easy,C,False,,True,PASS
NEET27-BIO-0525,XI,Zoology,Unit 1: Diversity in Living World,Animal Kingdom,Animal Kingdom,Integrated chapter reasoning,Multi-statement,Difficult,D,False,,True,PASS
NEET27-BIO-0526,XII,Botany,Unit 6: Reproduction,Sexual Reproduction in Flowering Plants,Sexual Reproduction in Flowering Plants,Post-fertilization development,Reverse Association,Easy,A,False,,True,PASS
NEET27-BIO-0527,XII,Botany,Unit 6: Reproduction,Sexual Reproduction in Flowering Plants,Sexual Reproduction in Flowering Plants,Fertilization,Direct Concept,Easy,B,False,,True,PASS
NEET27-BIO-0528,XII,Zoology,Unit 6: Reproduction,Human Reproduction,Human Reproduction,Female reproductive system,Statement Completion,Easy,D,False,,True,PASS
NEET27-BIO-0529,XII,Botany,Unit 10: Ecology and Environment,Ecosystem,Ecosystem,Food web and Energy flow,Statement I and Statement II,Medium,B,False,,True,PASS
NEET27-BIO-0530,XII,Botany,Unit 10: Ecology and Environment,Biodiversity and Conservation,Biodiversity and Conservation,Threats and extinction,Direct Concept,Easy,C,False,,True,PASS
NEET27-BIO-0531,XI,Botany,Unit 1: Diversity in Living World,The Living World,The Living World,Integrated chapter reasoning,Multi-statement,Difficult,B,False,,True,PASS
NEET27-BIO-0532,XII,Botany,Unit 10: Ecology and Environment,Ecosystem,Ecosystem,Decomposition steps,Direct Concept,Easy,A,False,,True,PASS
NEET27-BIO-0533,XI,Botany,Unit 3: Cell Structure and Function,Cell Cycle and Cell Division,Cell Cycle and Cell Division,G0 phase and Prophase,Statement I and Statement II,Medium,C,False,,True,PASS
NEET27-BIO-0534,XI,Botany,Unit 3: Cell Structure and Function,Cell: The Unit of Life,Cell: The Unit of Life,Integrated chapter reasoning,Higher-order multi-statement,Difficult,A,False,,True,PASS
NEET27-BIO-0535,XII,Botany,Unit 6: Reproduction,Sexual Reproduction in Flowering Plants,Sexual Reproduction in Flowering Plants,Pollination,Direct Concept,Easy,D,False,,True,PASS
NEET27-BIO-0536,XII,Botany,Unit 10: Ecology and Environment,Organisms and Populations,Organisms and Populations,Age pyramids,Direct Concept,Easy,C,False,,True,PASS
NEET27-BIO-0537,XI,Botany,Unit 3: Cell Structure and Function,Cell: The Unit of Life,Cell: The Unit of Life,Cell theory with Plasma membrane,Applied statement comparison,Medium,A,False,,True,PASS
NEET27-BIO-0538,XI,Zoology,Unit 5: Human Physiology,Breathing and Exchange of Gases,Breathing and Exchange of Gases,Human respiratory tract,Direct Concept,Easy,B,False,,True,PASS
NEET27-BIO-0539,XII,Botany,Unit 7: Genetics and Evolution,Principles of Inheritance and Variation,Principles of Inheritance and Variation,Non-Mendelian patterns,Statement Completion,Easy,C,False,,True,PASS
NEET27-BIO-0540,XI,Botany,Unit 4: Plant Physiology,Photosynthesis in Higher Plants,Photosynthesis in Higher Plants,Integrated chapter reasoning,Higher-order multi-statement,Difficult,D,False,,True,PASS
NEET27-BIO-0541,XII,Botany,Unit 7: Genetics and Evolution,Molecular Basis of Inheritance,Molecular Basis of Inheritance,DNA packaging,Match the Pair,Medium,D,False,,True,PASS
NEET27-BIO-0542,XI,Botany,Unit 1: Diversity in Living World,Plant Kingdom,Plant Kingdom,Red-algal reserve food with Bryophyte habitat,Applied statement comparison,Medium,C,False,,True,PASS
NEET27-BIO-0543,XI,Botany,Unit 2: Structural Organisation in Animals and Plants,Anatomy of Flowering Plants,Anatomy of Flowering Plants,Integrated chapter reasoning,Multi-statement,Difficult,C,False,,True,PASS
NEET27-BIO-0544,XI,Zoology,Unit 5: Human Physiology,Breathing and Exchange of Gases,Breathing and Exchange of Gases,Human respiratory tract,Reverse Association,Easy,B,False,,True,PASS
NEET27-BIO-0545,XII,Botany,Unit 8: Biology and Human Welfare,Microbes in Human Welfare,Microbes in Human Welfare,Biogas,Direct NCERT-based,Easy,A,False,,True,PASS
NEET27-BIO-0546,XI,Botany,Unit 4: Plant Physiology,Respiration in Plants,Respiration in Plants,Gas volume predicted from a known RQ,Numerical,Medium,B,False,,True,PASS
NEET27-BIO-0547,XII,Botany,Unit 7: Genetics and Evolution,Molecular Basis of Inheritance,Molecular Basis of Inheritance,DNA packaging,Statement Completion,Easy,D,False,,True,PASS
NEET27-BIO-0548,XII,Botany,Unit 6: Reproduction,Sexual Reproduction in Flowering Plants,Sexual Reproduction in Flowering Plants,Fertilization,Statement Completion,Medium,A,False,,True,PASS
NEET27-BIO-0549,XII,Zoology,Unit 8: Biology and Human Welfare,Human Health and Disease,Human Health and Disease,Cancer and immunity disorders,Reverse Association,Easy,C,False,,True,PASS
NEET27-BIO-0550,XI,Botany,Unit 2: Structural Organisation in Animals and Plants,Morphology of Flowering Plants,Morphology of Flowering Plants,Brassicaceae,Direct NCERT-based,Easy,D,False,,True,PASS
NEET27-BIO-0551,XI,Zoology,Unit 5: Human Physiology,Neural Control and Coordination,Neural Control and Coordination,Nervous organization,Integrated Association Analysis,Medium,A,False,,True,PASS
NEET27-BIO-0552,XII,Botany,Unit 7: Genetics and Evolution,Molecular Basis of Inheritance,Molecular Basis of Inheritance,Evidence for genetic material,Multi-Statement Reasoning,Difficult,A,False,,True,PASS
NEET27-BIO-0553,XII,Botany,Unit 10: Ecology and Environment,Biodiversity and Conservation,Biodiversity and Conservation,Levels of biodiversity,Direct NCERT-based,Easy,B,False,,True,PASS
NEET27-BIO-0554,XII,Botany,Unit 9: Biotechnology and Its Applications,Biotechnology and Its Applications,Biotechnology and Its Applications,Agricultural applications,Match the Pair,Medium,B,False,,True,PASS
NEET27-BIO-0555,XI,Botany,Unit 3: Cell Structure and Function,Cell Cycle and Cell Division,Cell Cycle and Cell Division,Synapsis,Direct NCERT-based,Easy,A,False,,True,PASS
NEET27-BIO-0556,XI,Zoology,Unit 5: Human Physiology,Breathing and Exchange of Gases,Breathing and Exchange of Gases,Respiratory organs,Cross-Concept Elimination,Difficult,D,False,,True,PASS
NEET27-BIO-0557,XI,Botany,Unit 4: Plant Physiology,Plant Growth and Development,Plant Growth and Development,Integrated chapter reasoning,Higher-order multi-statement,Difficult,C,False,,True,PASS
NEET27-BIO-0558,XI,Botany,Unit 3: Cell Structure and Function,Biomolecules,Biomolecules,Examples of secondary metabolites,Direct Concept,Easy,B,False,,True,PASS
NEET27-BIO-0559,XII,Botany,Unit 6: Reproduction,Sexual Reproduction in Flowering Plants,Sexual Reproduction in Flowering Plants,Fertilization,Cross-Concept Elimination,Difficult,B,False,,True,PASS
NEET27-BIO-0560,XI,Botany,Unit 2: Structural Organisation in Animals and Plants,Anatomy of Flowering Plants,Anatomy of Flowering Plants,Collenchyma,Direct NCERT-based,Easy,D,False,,True,PASS
NEET27-BIO-0561,XII,Zoology,Unit 6: Reproduction,Human Reproduction,Human Reproduction,Early development,Match the Pair,Medium,D,False,,True,PASS
NEET27-BIO-0562,XII,Botany,Unit 8: Biology and Human Welfare,Microbes in Human Welfare,Microbes in Human Welfare,Integrated chapter reasoning,Multi-statement,Difficult,C,False,,True,PASS
NEET27-BIO-0563,XI,Zoology,Unit 2: Structural Organisation in Animals and Plants,Structural Organisation in Animals,Structural Organisation in Animals,Integrated chapter reasoning,Multi-statement,Difficult,B,False,,True,PASS
NEET27-BIO-0564,XI,Botany,Unit 4: Plant Physiology,Respiration in Plants,Respiration in Plants,Cellular site,Direct Concept,Easy,A,False,,True,PASS
NEET27-BIO-0565,XI,Zoology,Unit 5: Human Physiology,Excretory Products and Their Elimination,Excretory Products and Their Elimination,Energy cost of excretory modes,Comparison Based,Easy,C,False,,True,PASS
NEET27-BIO-0566,XII,Botany,Unit 9: Biotechnology and Its Applications,Biotechnology: Principles and Processes,Biotechnology: Principles and Processes,Cloning vectors,Statement Completion,Medium,C,False,,True,PASS
NEET27-BIO-0567,XI,Zoology,Unit 5: Human Physiology,Body Fluids and Circulation,Body Fluids and Circulation,Mechanics of breathing,Case Analysis,Difficult,A,False,,True,PASS
NEET27-BIO-0568,XII,Botany,Unit 6: Reproduction,Sexual Reproduction in Flowering Plants,Sexual Reproduction in Flowering Plants,Post-fertilization development,Direct Concept,Easy,D,False,,True,PASS
NEET27-BIO-0569,XII,Botany,Unit 7: Genetics and Evolution,Molecular Basis of Inheritance,Molecular Basis of Inheritance,DNA packaging,Applied Classification,Medium,A,False,,True,PASS
NEET27-BIO-0570,XII,Botany,Unit 7: Genetics and Evolution,Molecular Basis of Inheritance,Molecular Basis of Inheritance,Transcription and RNA,Match the Pair,Medium,D,False,,True,PASS
NEET27-BIO-0571,XI,Botany,Unit 4: Plant Physiology,Respiration in Plants,Respiration in Plants,Entry of fats and proteins,Direct Concept,Easy,B,False,,True,PASS
NEET27-BIO-0572,XI,Botany,Unit 3: Cell Structure and Function,Cell: The Unit of Life,Cell: The Unit of Life,Integrated chapter reasoning,Higher-order multi-statement,Difficult,D,False,,True,PASS
NEET27-BIO-0573,XI,Botany,Unit 1: Diversity in Living World,The Living World,The Living World,Integrated chapter reasoning,Multi-statement,Difficult,D,False,,True,PASS
NEET27-BIO-0574,XI,Zoology,Unit 1: Diversity in Living World,Animal Kingdom,Animal Kingdom,Integrated chapter reasoning,Higher-order multi-statement,Difficult,A,False,,True,PASS
NEET27-BIO-0575,XI,Zoology,Unit 5: Human Physiology,Neural Control and Coordination,Neural Control and Coordination,Nervous organization,Reverse Association,Easy,C,False,,True,PASS
NEET27-BIO-0576,XII,Zoology,Unit 6: Reproduction,Human Reproduction,Human Reproduction,Hormonal pattern across a menstrual cycle,Graph Analysis,Easy,A,True,figures/NEET27-BIO-XII-CH02-FIG01.png,True,PASS
NEET27-BIO-0577,XII,Botany,Unit 10: Ecology and Environment,Organisms and Populations,Organisms and Populations,Population attributes,Applied Classification,Medium,B,False,,True,PASS
NEET27-BIO-0578,XI,Zoology,Unit 5: Human Physiology,Excretory Products and Their Elimination,Excretory Products and Their Elimination,Types of nephron,Comparison Based,Easy,D,False,,True,PASS
NEET27-BIO-0579,XI,Botany,Unit 3: Cell Structure and Function,Cell: The Unit of Life,Cell: The Unit of Life,Chloroplast and Ribosomes,Statement I and Statement II,Medium,C,False,,True,PASS
NEET27-BIO-0580,XII,Botany,Unit 10: Ecology and Environment,Ecosystem,Ecosystem,Integrated chapter reasoning,Higher-order multi-statement,Difficult,C,False,,True,PASS
NEET27-BIO-0581,XI,Botany,Unit 1: Diversity in Living World,Plant Kingdom,Plant Kingdom,Integrated chapter reasoning,Higher-order multi-statement,Difficult,B,False,,True,PASS
NEET27-BIO-0582,XII,Botany,Unit 8: Biology and Human Welfare,Microbes in Human Welfare,Microbes in Human Welfare,Antibiotics and Organic acids,Statement I and Statement II,Medium,C,False,,True,PASS
NEET27-BIO-0583,XI,Zoology,Unit 2: Structural Organisation in Animals and Plants,Structural Organisation in Animals,Structural Organisation in Animals,Frog red blood cells,Direct NCERT-based,Easy,A,False,,True,PASS
NEET27-BIO-0584,XII,Botany,Unit 7: Genetics and Evolution,Evolution,Evolution,Hardy-Weinberg equilibrium,Diagram Interpretation,Medium,B,True,figures/NEET27-BIO-XII-CH06-FIG02.png,True,PASS
NEET27-BIO-0585,XII,Botany,Unit 8: Biology and Human Welfare,Microbes in Human Welfare,Microbes in Human Welfare,Toddy and Industrial fermentation,Statement I and Statement II,Medium,D,False,,True,PASS
NEET27-BIO-0586,XI,Zoology,Unit 5: Human Physiology,Locomotion and Movement,Locomotion and Movement,Sliding-filament mechanism,Direct NCERT-based,Easy,C,False,,True,PASS
NEET27-BIO-0587,XII,Botany,Unit 6: Reproduction,Sexual Reproduction in Flowering Plants,Sexual Reproduction in Flowering Plants,Post-fertilization development,Direct Concept,Easy,B,False,,True,PASS
NEET27-BIO-0588,XI,Botany,Unit 1: Diversity in Living World,The Living World,The Living World,Scientific-name conventions,Direct NCERT-based,Easy,A,False,,True,PASS
NEET27-BIO-0589,XII,Botany,Unit 7: Genetics and Evolution,Principles of Inheritance and Variation,Principles of Inheritance and Variation,Genetic terminology,Integrated Association Analysis,Medium,A,False,,True,PASS
NEET27-BIO-0590,XI,Botany,Unit 1: Diversity in Living World,Biological Classification,Biological Classification,Kingdom Protista with Dinoflagellates,Applied statement comparison,Medium,D,False,,True,PASS
NEET27-BIO-0591,XI,Botany,Unit 4: Plant Physiology,Respiration in Plants,Respiration in Plants,Precursor and product pairings,Comparison Based,Easy,C,False,,True,PASS
NEET27-BIO-0592,XI,Botany,Unit 3: Cell Structure and Function,Cell: The Unit of Life,Cell: The Unit of Life,Vacuoles with Chloroplast,Applied statement comparison,Medium,B,False,,True,PASS
NEET27-BIO-0593,XI,Zoology,Unit 2: Structural Organisation in Animals and Plants,Structural Organisation in Animals,Structural Organisation in Animals,Integrated chapter reasoning,Multi-statement,Difficult,B,False,,True,PASS
NEET27-BIO-0594,XI,Botany,Unit 1: Diversity in Living World,Biological Classification,Biological Classification,Integrated chapter reasoning,Higher-order multi-statement,Difficult,C,False,,True,PASS
NEET27-BIO-0595,XI,Botany,Unit 1: Diversity in Living World,Plant Kingdom,Plant Kingdom,Brown algae and Brown-algal reserve food,Statement I and Statement II,Medium,C,False,,True,PASS
NEET27-BIO-0596,XI,Botany,Unit 1: Diversity in Living World,Biological Classification,Biological Classification,Viroids and Five-kingdom classification,Statement I and Statement II,Medium,A,False,,True,PASS
NEET27-BIO-0597,XII,Botany,Unit 7: Genetics and Evolution,Molecular Basis of Inheritance,Molecular Basis of Inheritance,DNA packaging,Reverse Association,Easy,B,False,,True,PASS
NEET27-BIO-0598,XI,Zoology,Unit 5: Human Physiology,Chemical Coordination and Integration,Chemical Coordination and Integration,Endocrine disorders,Direct Concept,Easy,D,False,,True,PASS
NEET27-BIO-0599,XI,Botany,Unit 4: Plant Physiology,Photosynthesis in Higher Plants,Photosynthesis in Higher Plants,Integrated chapter reasoning,Higher-order multi-statement,Difficult,D,False,,True,PASS
NEET27-BIO-0600,XII,Botany,Unit 7: Genetics and Evolution,Principles of Inheritance and Variation,Principles of Inheritance and Variation,Sex-linked inheritance,Match the Pair,Medium,C,False,,True,PASS
NEET27-BIO-0601,XI,Zoology,Unit 5: Human Physiology,Breathing and Exchange of Gases,Breathing and Exchange of Gases,Human respiratory tract,Multi-Statement Reasoning,Difficult,A,False,,True,PASS
NEET27-BIO-0602,XI,Botany,Unit 4: Plant Physiology,Respiration in Plants,Respiration in Plants,Pay-off phase sequence,Statement Based,Easy,C,False,,True,PASS
NEET27-BIO-0603,XII,Botany,Unit 9: Biotechnology and Its Applications,Biotechnology and Its Applications,Biotechnology and Its Applications,Agricultural applications,Statement Completion,Easy,D,False,,True,PASS
NEET27-BIO-0604,XII,Botany,Unit 9: Biotechnology and Its Applications,Biotechnology: Principles and Processes,Biotechnology: Principles and Processes,Core principles,Statement Completion,Easy,A,False,,True,PASS
NEET27-BIO-0605,XII,Botany,Unit 9: Biotechnology and Its Applications,Biotechnology and Its Applications,Biotechnology and Its Applications,Medical applications,Applied Classification,Medium,A,False,,True,PASS
NEET27-BIO-0606,XII,Botany,Unit 7: Genetics and Evolution,Molecular Basis of Inheritance,Molecular Basis of Inheritance,DNA structure,Match the Pair,Medium,D,False,,True,PASS
NEET27-BIO-0607,XI,Botany,Unit 1: Diversity in Living World,Biological Classification,Biological Classification,Archaebacteria and Methanogens,Statement I and Statement II,Medium,B,False,,True,PASS
NEET27-BIO-0608,XI,Zoology,Unit 5: Human Physiology,Excretory Products and Their Elimination,Excretory Products and Their Elimination,Skin,Direct Concept,Easy,B,False,,True,PASS
NEET27-BIO-0609,XII,Botany,Unit 9: Biotechnology and Its Applications,Biotechnology and Its Applications,Biotechnology and Its Applications,Agricultural applications,Applied Classification,Medium,A,False,,True,PASS
NEET27-BIO-0610,XI,Zoology,Unit 5: Human Physiology,Excretory Products and Their Elimination,Excretory Products and Their Elimination,Path of the filtrate through the nephron,Statement Based,Medium,B,False,,True,PASS
NEET27-BIO-0611,XI,Zoology,Unit 1: Diversity in Living World,Animal Kingdom,Animal Kingdom,Chordate features and Urochordata and Cephalochordata,Statement I and Statement II,Medium,D,False,,True,PASS
NEET27-BIO-0612,XII,Botany,Unit 7: Genetics and Evolution,Molecular Basis of Inheritance,Molecular Basis of Inheritance,Evidence for genetic material,Applied Classification,Medium,C,False,,True,PASS
NEET27-BIO-0613,XI,Zoology,Unit 5: Human Physiology,Locomotion and Movement,Locomotion and Movement,Myasthenia gravis,Direct NCERT-based,Easy,A,False,,True,PASS
NEET27-BIO-0614,XII,Zoology,Unit 8: Biology and Human Welfare,Human Health and Disease,Human Health and Disease,Bacterial and protozoan diseases,Statement Completion,Easy,D,False,,True,PASS
NEET27-BIO-0615,XII,Botany,Unit 8: Biology and Human Welfare,Microbes in Human Welfare,Microbes in Human Welfare,Biogas and Biocontrol,Statement I and Statement II,Medium,A,False,,True,PASS
NEET27-BIO-0616,XII,Botany,Unit 9: Biotechnology and Its Applications,Biotechnology: Principles and Processes,Biotechnology: Principles and Processes,Core principles,Cross-Concept Elimination,Difficult,B,False,,True,PASS
NEET27-BIO-0617,XI,Botany,Unit 1: Diversity in Living World,Biological Classification,Biological Classification,Integrated chapter reasoning,Higher-order multi-statement,Difficult,A,False,,True,PASS
NEET27-BIO-0618,XII,Botany,Unit 7: Genetics and Evolution,Evolution,Evolution,Population genetics,Match the Pair,Medium,B,False,,True,PASS
NEET27-BIO-0619,XII,Botany,Unit 9: Biotechnology and Its Applications,Biotechnology: Principles and Processes,Biotechnology: Principles and Processes,rDNA methodology,Reverse Association,Easy,C,False,,True,PASS
NEET27-BIO-0620,XI,Zoology,Unit 1: Diversity in Living World,Animal Kingdom,Animal Kingdom,Coelom with Cnidaria,Applied statement comparison,Medium,C,False,,True,PASS
NEET27-BIO-0621,XII,Botany,Unit 6: Reproduction,Sexual Reproduction in Flowering Plants,Sexual Reproduction in Flowering Plants,Special reproductive phenomena,Match the Pair,Medium,D,False,,True,PASS
NEET27-BIO-0622,XI,Botany,Unit 1: Diversity in Living World,Biological Classification,Biological Classification,Diatoms and Dinoflagellates,Statement I and Statement II,Medium,C,False,,True,PASS
NEET27-BIO-0623,XI,Botany,Unit 1: Diversity in Living World,The Living World,The Living World,Integrated chapter reasoning,Multi-statement,Difficult,D,False,,True,PASS
NEET27-BIO-0624,XII,Botany,Unit 7: Genetics and Evolution,Evolution,Evolution,Hardy-Weinberg equilibrium,Diagram Interpretation,Easy,B,True,figures/NEET27-BIO-XII-CH06-FIG02.png,True,PASS
NEET27-BIO-0625,XI,Botany,Unit 4: Plant Physiology,Respiration in Plants,Respiration in Plants,Hydrogen acceptor at the oxidation steps,Conceptual Trap,Medium,B,False,,True,PASS
NEET27-BIO-0626,XI,Botany,Unit 1: Diversity in Living World,Plant Kingdom,Plant Kingdom,Moss stages,Direct NCERT-based,Easy,D,False,,True,PASS
NEET27-BIO-0627,XI,Botany,Unit 3: Cell Structure and Function,Cell: The Unit of Life,Cell: The Unit of Life,Integrated chapter reasoning,Multi-statement,Difficult,C,False,,True,PASS
NEET27-BIO-0628,XII,Zoology,Unit 8: Biology and Human Welfare,Human Health and Disease,Human Health and Disease,Cancer and immunity disorders,Multi-statement analysis,Difficult,D,False,,True,PASS
NEET27-BIO-0629,XI,Botany,Unit 4: Plant Physiology,Photosynthesis in Higher Plants,Photosynthesis in Higher Plants,Integrated chapter reasoning,Higher-order multi-statement,Difficult,B,False,,True,PASS
NEET27-BIO-0630,XII,Botany,Unit 9: Biotechnology and Its Applications,Biotechnology: Principles and Processes,Biotechnology: Principles and Processes,PCR and analysis,Applied Classification,Medium,D,False,,True,PASS
NEET27-BIO-0631,XII,Zoology,Unit 8: Biology and Human Welfare,Human Health and Disease,Human Health and Disease,Prevention and public health,Match the Pair,Medium,A,False,,True,PASS
NEET27-BIO-0632,XI,Botany,Unit 4: Plant Physiology,Respiration in Plants,Respiration in Plants,Utility of stepwise oxidation,Direct Concept,Easy,C,False,,True,PASS
NEET27-BIO-0633,XI,Botany,Unit 2: Structural Organisation in Animals and Plants,Anatomy of Flowering Plants,Anatomy of Flowering Plants,Dicot stem with Dorsiventral leaf,Applied statement comparison,Medium,B,False,,True,PASS
NEET27-BIO-0634,XI,Botany,Unit 4: Plant Physiology,Respiration in Plants,Respiration in Plants,Sequence of electron carriers,Statement Based,Difficult,A,False,,True,PASS
NEET27-BIO-0635,XI,Zoology,Unit 5: Human Physiology,Breathing and Exchange of Gases,Breathing and Exchange of Gases,Human respiratory tract,Integrated Association Analysis,Medium,C,False,,True,PASS
NEET27-BIO-0636,XI,Zoology,Unit 1: Diversity in Living World,Animal Kingdom,Animal Kingdom,Mollusca,Direct NCERT-based,Easy,B,False,,True,PASS
NEET27-BIO-0637,XI,Botany,Unit 2: Structural Organisation in Animals and Plants,Morphology of Flowering Plants,Morphology of Flowering Plants,Venation and Phyllotaxy,Statement I and Statement II,Medium,A,False,,True,PASS
NEET27-BIO-0638,XII,Botany,Unit 10: Ecology and Environment,Organisms and Populations,Organisms and Populations,Exponential growth and Logistic growth,Statement I and Statement II,Medium,D,False,,True,PASS
NEET27-BIO-0639,XI,Botany,Unit 2: Structural Organisation in Animals and Plants,Morphology of Flowering Plants,Morphology of Flowering Plants,Integrated chapter reasoning,Multi-statement,Difficult,C,False,,True,PASS
NEET27-BIO-0640,XI,Botany,Unit 1: Diversity in Living World,The Living World,The Living World,Identification and Author citation,Statement I and Statement II,Medium,A,False,,True,PASS
NEET27-BIO-0641,XII,Botany,Unit 7: Genetics and Evolution,Molecular Basis of Inheritance,Molecular Basis of Inheritance,DNA replication,Cross-Concept Elimination,Difficult,A,False,,True,PASS
NEET27-BIO-0642,XII,Zoology,Unit 8: Biology and Human Welfare,Human Health and Disease,Human Health and Disease,Bacterial and protozoan diseases,Cross-Concept Elimination,Difficult,B,False,,True,PASS
NEET27-BIO-0643,XI,Zoology,Unit 5: Human Physiology,Locomotion and Movement,Locomotion and Movement,ATP in contraction,Direct NCERT-based,Easy,A,False,,True,PASS
NEET27-BIO-0644,XII,Zoology,Unit 8: Biology and Human Welfare,Human Health and Disease,Human Health and Disease,Cancer and immunity disorders,Match the Pair,Medium,C,False,,True,PASS
NEET27-BIO-0645,XII,Botany,Unit 7: Genetics and Evolution,Molecular Basis of Inheritance,Molecular Basis of Inheritance,DNA replication,Reverse Association,Easy,A,False,,True,PASS
NEET27-BIO-0646,XI,Zoology,Unit 2: Structural Organisation in Animals and Plants,Structural Organisation in Animals,Structural Organisation in Animals,Frog fertilisation and Epithelial tissue,Statement I and Statement II,Medium,B,False,,True,PASS
NEET27-BIO-0647,XI,Botany,Unit 4: Plant Physiology,Photosynthesis in Higher Plants,Photosynthesis in Higher Plants,Calvin-cycle carboxylation and Calvin-cycle phases,Statement I and Statement II,Medium,D,False,,True,PASS
NEET27-BIO-0648,XI,Botany,Unit 2: Structural Organisation in Animals and Plants,Anatomy of Flowering Plants,Anatomy of Flowering Plants,Integrated chapter reasoning,Multi-statement,Difficult,D,False,,True,PASS
NEET27-BIO-0649,XI,Zoology,Unit 5: Human Physiology,Excretory Products and Their Elimination,Excretory Products and Their Elimination,Urine collecting spaces of the kidney,Statement Based,Medium,C,False,,True,PASS
NEET27-BIO-0650,XI,Botany,Unit 3: Cell Structure and Function,Cell Cycle and Cell Division,Cell Cycle and Cell Division,Integrated chapter reasoning,Higher-order multi-statement,Difficult,C,False,,True,PASS
NEET27-BIO-0651,XI,Botany,Unit 1: Diversity in Living World,Biological Classification,Biological Classification,Integrated chapter reasoning,Multi-statement,Difficult,D,False,,True,PASS
NEET27-BIO-0652,XII,Botany,Unit 9: Biotechnology and Its Applications,Biotechnology and Its Applications,Biotechnology and Its Applications,Agricultural applications,Reverse Association,Easy,D,False,,True,PASS
NEET27-BIO-0653,XI,Zoology,Unit 5: Human Physiology,Neural Control and Coordination,Neural Control and Coordination,Neuron structure,Direct Concept,Easy,C,False,,True,PASS
NEET27-BIO-0654,XI,Botany,Unit 2: Structural Organisation in Animals and Plants,Anatomy of Flowering Plants,Anatomy of Flowering Plants,Parenchyma and Collenchyma,Statement I and Statement II,Medium,B,False,,True,PASS
NEET27-BIO-0655,XII,Botany,Unit 7: Genetics and Evolution,Evolution,Evolution,Population genetics,Match the Pair,Medium,D,False,,True,PASS
NEET27-BIO-0656,XII,Zoology,Unit 8: Biology and Human Welfare,Human Health and Disease,Human Health and Disease,Key transfers in the malaria life cycle,Diagram Interpretation,Easy,B,True,figures/NEET27-BIO-XII-CH07-FIG02.png,True,PASS
NEET27-BIO-0657,XII,Botany,Unit 10: Ecology and Environment,Organisms and Populations,Organisms and Populations,Integrated chapter reasoning,Multi-statement,Difficult,C,False,,True,PASS
NEET27-BIO-0658,XI,Botany,Unit 1: Diversity in Living World,Plant Kingdom,Plant Kingdom,Pteridophyte dominance,Direct NCERT-based,Easy,B,False,,True,PASS
NEET27-BIO-0659,XII,Botany,Unit 10: Ecology and Environment,Organisms and Populations,Organisms and Populations,Age structure of populations,Diagram Interpretation,Medium,A,True,figures/NEET27-BIO-XII-CH11-FIG02.png,True,PASS
NEET27-BIO-0660,XI,Zoology,Unit 2: Structural Organisation in Animals and Plants,Structural Organisation in Animals,Structural Organisation in Animals,Frog digestive system,Direct NCERT-based,Easy,D,False,,True,PASS
NEET27-BIO-0661,XII,Zoology,Unit 6: Reproduction,Human Reproduction,Human Reproduction,Early development,Applied Classification,Medium,B,False,,True,PASS
NEET27-BIO-0662,XII,Botany,Unit 9: Biotechnology and Its Applications,Biotechnology: Principles and Processes,Biotechnology: Principles and Processes,rDNA methodology,Integrated Association Analysis,Medium,A,False,,True,PASS
NEET27-BIO-0663,XI,Zoology,Unit 5: Human Physiology,Breathing and Exchange of Gases,Breathing and Exchange of Gases,Respiratory organs,Statement Completion,Easy,A,False,,True,PASS
NEET27-BIO-0664,XI,Zoology,Unit 5: Human Physiology,Chemical Coordination and Integration,Chemical Coordination and Integration,Endocrine disorders,Cross-Concept Elimination,Difficult,B,False,,True,PASS
NEET27-BIO-0665,XI,Botany,Unit 4: Plant Physiology,Photosynthesis in Higher Plants,Photosynthesis in Higher Plants,Limiting factors,Direct NCERT-based,Easy,C,False,,True,PASS
NEET27-BIO-0666,XII,Botany,Unit 9: Biotechnology and Its Applications,Biotechnology: Principles and Processes,Biotechnology: Principles and Processes,Core principles,Integrated Association Analysis,Medium,D,False,,True,PASS
NEET27-BIO-0667,XI,Botany,Unit 3: Cell Structure and Function,Cell: The Unit of Life,Cell: The Unit of Life,Integrated chapter reasoning,Higher-order multi-statement,Difficult,A,False,,True,PASS
NEET27-BIO-0668,XII,Botany,Unit 6: Reproduction,Sexual Reproduction in Flowering Plants,Sexual Reproduction in Flowering Plants,Special reproductive phenomena,Integrated Association Analysis,Medium,C,False,,True,PASS
NEET27-BIO-0669,XII,Botany,Unit 7: Genetics and Evolution,Principles of Inheritance and Variation,Principles of Inheritance and Variation,Chromosomes linkage and crossing over,Statement Completion,Medium,C,False,,True,PASS
NEET27-BIO-0670,XI,Botany,Unit 3: Cell Structure and Function,Cell: The Unit of Life,Cell: The Unit of Life,Endomembrane system,Direct NCERT-based,Easy,B,False,,True,PASS
NEET27-BIO-0671,XII,Botany,Unit 10: Ecology and Environment,Ecosystem,Ecosystem,Integrated chapter reasoning,Higher-order multi-statement,Difficult,B,False,,True,PASS
NEET27-BIO-0672,XI,Botany,Unit 3: Cell Structure and Function,Cell: The Unit of Life,Cell: The Unit of Life,Integrated chapter reasoning,Higher-order multi-statement,Difficult,A,False,,True,PASS
NEET27-BIO-0673,XI,Botany,Unit 2: Structural Organisation in Animals and Plants,Morphology of Flowering Plants,Morphology of Flowering Plants,Integrated chapter reasoning,Higher-order multi-statement,Difficult,D,False,,True,PASS
NEET27-BIO-0674,XI,Botany,Unit 3: Cell Structure and Function,Cell Cycle and Cell Division,Cell Cycle and Cell Division,Integrated chapter reasoning,Higher-order multi-statement,Difficult,C,False,,True,PASS
NEET27-BIO-0675,XII,Botany,Unit 10: Ecology and Environment,Ecosystem,Ecosystem,Pyramid of energy,Direct NCERT-based,Easy,D,False,,True,PASS
NEET27-BIO-0676,XI,Botany,Unit 2: Structural Organisation in Animals and Plants,Morphology of Flowering Plants,Morphology of Flowering Plants,Integrated chapter reasoning,Multi-statement,Difficult,B,False,,True,PASS
NEET27-BIO-0677,XI,Zoology,Unit 1: Diversity in Living World,Animal Kingdom,Animal Kingdom,Integrated chapter reasoning,Multi-statement,Difficult,A,False,,True,PASS
NEET27-BIO-0678,XII,Botany,Unit 7: Genetics and Evolution,Principles of Inheritance and Variation,Principles of Inheritance and Variation,Chromosomes linkage and crossing over,Reverse Association,Easy,A,False,,True,PASS
NEET27-BIO-0679,XII,Botany,Unit 10: Ecology and Environment,Organisms and Populations,Organisms and Populations,Population change and Population density,Statement I and Statement II,Medium,B,False,,True,PASS
NEET27-BIO-0680,XI,Botany,Unit 3: Cell Structure and Function,Biomolecules,Biomolecules,Properties of enzymes,Mixed Concept,Medium,D,False,,True,PASS
NEET27-BIO-0681,XII,Botany,Unit 7: Genetics and Evolution,Principles of Inheritance and Variation,Principles of Inheritance and Variation,Genetic terminology,Match the Pair,Medium,A,False,,True,PASS
NEET27-BIO-0682,XI,Botany,Unit 1: Diversity in Living World,The Living World,The Living World,Taxonomic hierarchy and Taxon,Statement I and Statement II,Medium,B,False,,True,PASS
NEET27-BIO-0683,XI,Zoology,Unit 2: Structural Organisation in Animals and Plants,Structural Organisation in Animals,Structural Organisation in Animals,Frog respiration and Frog circulation,Statement I and Statement II,Medium,A,False,,True,PASS
NEET27-BIO-0684,XI,Botany,Unit 1: Diversity in Living World,Biological Classification,Biological Classification,Kingdom Monera and Archaebacteria,Statement I and Statement II,Medium,C,False,,True,PASS
NEET27-BIO-0685,XII,Botany,Unit 10: Ecology and Environment,Organisms and Populations,Organisms and Populations,Integrated chapter reasoning,Higher-order multi-statement,Difficult,C,False,,True,PASS
NEET27-BIO-0686,XI,Botany,Unit 2: Structural Organisation in Animals and Plants,Anatomy of Flowering Plants,Anatomy of Flowering Plants,Isobilateral leaf with Stomatal apparatus,Applied statement comparison,Medium,D,False,,True,PASS
NEET27-BIO-0687,XI,Botany,Unit 2: Structural Organisation in Animals and Plants,Morphology of Flowering Plants,Morphology of Flowering Plants,Placentation,Direct NCERT-based,Easy,C,False,,True,PASS
NEET27-BIO-0688,XII,Botany,Unit 7: Genetics and Evolution,Principles of Inheritance and Variation,Principles of Inheritance and Variation,Sex-linked inheritance,Cross-Concept Elimination,Difficult,D,False,,True,PASS
NEET27-BIO-0689,XII,Botany,Unit 7: Genetics and Evolution,Principles of Inheritance and Variation,Principles of Inheritance and Variation,X-linked recessive inheritance,Diagram Interpretation,Easy,D,True,figures/NEET27-BIO-XII-CH04-FIG02.png,True,PASS
NEET27-BIO-0690,XI,Botany,Unit 4: Plant Physiology,Respiration in Plants,Respiration in Plants,Utility of stepwise oxidation,Direct Concept,Easy,C,False,,True,PASS
NEET27-BIO-0691,XII,Botany,Unit 7: Genetics and Evolution,Evolution,Evolution,Human evolution,Cross-Concept Elimination,Difficult,C,False,,True,PASS
NEET27-BIO-0692,XI,Botany,Unit 4: Plant Physiology,Respiration in Plants,Respiration in Plants,Sequence of electron carriers,Statement Based,Medium,A,False,,True,PASS
NEET27-BIO-0693,XII,Botany,Unit 10: Ecology and Environment,Organisms and Populations,Organisms and Populations,Population growth models,Graph Analysis,Easy,A,True,figures/NEET27-BIO-XII-CH11-FIG01.png,True,PASS
NEET27-BIO-0694,XII,Botany,Unit 10: Ecology and Environment,Biodiversity and Conservation,Biodiversity and Conservation,Integrated chapter reasoning,Higher-order multi-statement,Difficult,D,False,,True,PASS
NEET27-BIO-0695,XII,Botany,Unit 9: Biotechnology and Its Applications,Biotechnology and Its Applications,Biotechnology and Its Applications,Agricultural applications,Match the Pair,Medium,C,False,,True,PASS
NEET27-BIO-0696,XII,Botany,Unit 7: Genetics and Evolution,Principles of Inheritance and Variation,Principles of Inheritance and Variation,Sex determination,Match the Pair,Medium,D,False,,True,PASS
NEET27-BIO-0697,XI,Botany,Unit 3: Cell Structure and Function,Biomolecules,Biomolecules,Starch,Comparison Based,Easy,B,False,,True,PASS
NEET27-BIO-0698,XII,Botany,Unit 10: Ecology and Environment,Ecosystem,Ecosystem,Food web,Direct NCERT-based,Easy,C,False,,True,PASS
NEET27-BIO-0699,XI,Botany,Unit 2: Structural Organisation in Animals and Plants,Anatomy of Flowering Plants,Anatomy of Flowering Plants,Integrated chapter reasoning,Multi-statement,Difficult,A,False,,True,PASS
NEET27-BIO-0700,XI,Botany,Unit 3: Cell Structure and Function,Cell: The Unit of Life,Cell: The Unit of Life,Plasma membrane and Cell wall,Statement I and Statement II,Medium,B,False,,True,PASS
NEET27-BIO-0701,XI,Botany,Unit 3: Cell Structure and Function,Cell: The Unit of Life,Cell: The Unit of Life,Integrated chapter reasoning,Higher-order multi-statement,Difficult,B,False,,True,PASS
NEET27-BIO-0702,XI,Zoology,Unit 5: Human Physiology,Locomotion and Movement,Locomotion and Movement,Integrated chapter reasoning,Multi-statement,Difficult,C,False,,True,PASS
NEET27-BIO-0703,XII,Zoology,Unit 8: Biology and Human Welfare,Human Health and Disease,Human Health and Disease,Drugs and addiction,Cross-Concept Elimination,Difficult,B,False,,True,PASS
NEET27-BIO-0704,XI,Zoology,Unit 5: Human Physiology,Neural Control and Coordination,Neural Control and Coordination,Central nervous system,Match the Pair,Medium,B,False,,True,PASS
NEET27-BIO-0705,XII,Botany,Unit 6: Reproduction,Sexual Reproduction in Flowering Plants,Sexual Reproduction in Flowering Plants,Post-fertilization development,Integrated Association Analysis,Medium,D,False,,True,PASS
NEET27-BIO-0706,XI,Zoology,Unit 5: Human Physiology,Locomotion and Movement,Locomotion and Movement,Integrated chapter reasoning,Higher-order multi-statement,Difficult,D,False,,True,PASS
NEET27-BIO-0707,XI,Zoology,Unit 5: Human Physiology,Breathing and Exchange of Gases,Breathing and Exchange of Gases,Gas transport,Applied Classification,Medium,C,False,,True,PASS
NEET27-BIO-0708,XI,Botany,Unit 2: Structural Organisation in Animals and Plants,Morphology of Flowering Plants,Morphology of Flowering Plants,Integrated chapter reasoning,Higher-order multi-statement,Difficult,A,False,,True,PASS
NEET27-BIO-0709,XII,Botany,Unit 10: Ecology and Environment,Organisms and Populations,Organisms and Populations,Population density,Direct NCERT-based,Easy,D,False,,True,PASS
NEET27-BIO-0710,XI,Botany,Unit 4: Plant Physiology,Respiration in Plants,Respiration in Plants,Working back from a measured ATP total,Multi-Step Numerical,Difficult,B,False,,True,PASS
NEET27-BIO-0711,XI,Zoology,Unit 1: Diversity in Living World,Animal Kingdom,Animal Kingdom,Arthropoda with Echinodermata,Applied statement comparison,Medium,A,False,,True,PASS
NEET27-BIO-0712,XI,Botany,Unit 2: Structural Organisation in Animals and Plants,Anatomy of Flowering Plants,Anatomy of Flowering Plants,Integrated chapter reasoning,Higher-order multi-statement,Difficult,C,False,,True,PASS
NEET27-BIO-0713,XI,Botany,Unit 1: Diversity in Living World,Biological Classification,Biological Classification,Slime moulds with Kingdom Fungi,Applied statement comparison,Medium,D,False,,True,PASS
NEET27-BIO-0714,XII,Botany,Unit 7: Genetics and Evolution,Principles of Inheritance and Variation,Principles of Inheritance and Variation,Non-Mendelian patterns,Applied Classification,Medium,B,False,,True,PASS
NEET27-BIO-0715,XII,Botany,Unit 10: Ecology and Environment,Organisms and Populations,Organisms and Populations,Declining population and Exponential growth,Statement I and Statement II,Medium,A,False,,True,PASS
NEET27-BIO-0716,XI,Botany,Unit 4: Plant Physiology,Photosynthesis in Higher Plants,Photosynthesis in Higher Plants,Cyclic photophosphorylation and Chemiosmosis,Statement I and Statement II,Medium,C,False,,True,PASS
NEET27-BIO-0717,XI,Botany,Unit 3: Cell Structure and Function,Biomolecules,Biomolecules,Starch,Direct Concept,Easy,B,False,,True,PASS
NEET27-BIO-0718,XI,Botany,Unit 1: Diversity in Living World,Biological Classification,Biological Classification,Protozoans and Kingdom Fungi,Statement I and Statement II,Medium,C,False,,True,PASS
NEET27-BIO-0719,XII,Botany,Unit 6: Reproduction,Sexual Reproduction in Flowering Plants,Sexual Reproduction in Flowering Plants,Special reproductive phenomena,Reverse Association,Easy,A,False,,True,PASS
NEET27-BIO-0720,XII,Botany,Unit 7: Genetics and Evolution,Evolution,Evolution,Human evolution,Case Analysis,Difficult,A,False,,True,PASS
NEET27-BIO-0721,XII,Botany,Unit 7: Genetics and Evolution,Molecular Basis of Inheritance,Molecular Basis of Inheritance,Gene regulation and genomics,Match the Pair,Medium,B,False,,True,PASS
NEET27-BIO-0722,XII,Botany,Unit 10: Ecology and Environment,Biodiversity and Conservation,Biodiversity and Conservation,Integrated chapter reasoning,Multi-statement,Difficult,D,False,,True,PASS
NEET27-BIO-0723,XII,Botany,Unit 10: Ecology and Environment,Ecosystem,Ecosystem,Pyramids of biomass with Ecosystem components,Applied statement comparison,Medium,D,False,,True,PASS
NEET27-BIO-0724,XII,Botany,Unit 6: Reproduction,Sexual Reproduction in Flowering Plants,Sexual Reproduction in Flowering Plants,Microsporogenesis and pollen,Cross-Concept Elimination,Difficult,B,False,,True,PASS
NEET27-BIO-0725,XII,Botany,Unit 6: Reproduction,Sexual Reproduction in Flowering Plants,Sexual Reproduction in Flowering Plants,Pollination,Applied Classification,Medium,A,False,,True,PASS
NEET27-BIO-0726,XI,Zoology,Unit 5: Human Physiology,Locomotion and Movement,Locomotion and Movement,Integrated chapter reasoning,Multi-statement,Difficult,C,False,,True,PASS
NEET27-BIO-0727,XI,Zoology,Unit 5: Human Physiology,Excretory Products and Their Elimination,Excretory Products and Their Elimination,Urinary bladder,Direct Concept,Easy,B,False,,True,PASS
NEET27-BIO-0728,XI,Botany,Unit 1: Diversity in Living World,Plant Kingdom,Plant Kingdom,Seed habit and Gymnosperm ovules,Statement I and Statement II,Medium,C,False,,True,PASS
NEET27-BIO-0729,XI,Botany,Unit 3: Cell Structure and Function,Biomolecules,Biomolecules,Catabolic and anabolic pathways,Application Based,Difficult,A,False,,True,PASS
NEET27-BIO-0730,XI,Botany,Unit 1: Diversity in Living World,Plant Kingdom,Plant Kingdom,Integrated chapter reasoning,Higher-order multi-statement,Difficult,D,False,,True,PASS
NEET27-BIO-0731,XI,Botany,Unit 2: Structural Organisation in Animals and Plants,Anatomy of Flowering Plants,Anatomy of Flowering Plants,Dicot root and Monocot root,Statement I and Statement II,Medium,D,False,,True,PASS
NEET27-BIO-0732,XI,Botany,Unit 1: Diversity in Living World,The Living World,The Living World,Consciousness,Direct NCERT-based,Easy,C,False,,True,PASS
NEET27-BIO-0733,XI,Botany,Unit 1: Diversity in Living World,Biological Classification,Biological Classification,Five-kingdom classification and Kingdom Monera,Statement I and Statement II,Medium,A,False,,True,PASS
NEET27-BIO-0734,XI,Botany,Unit 1: Diversity in Living World,Biological Classification,Biological Classification,Integrated chapter reasoning,Higher-order multi-statement,Difficult,B,False,,True,PASS
NEET27-BIO-0735,XI,Botany,Unit 1: Diversity in Living World,The Living World,The Living World,Integrated chapter reasoning,Higher-order multi-statement,Difficult,A,False,,True,PASS
NEET27-BIO-0736,XI,Botany,Unit 3: Cell Structure and Function,Cell: The Unit of Life,Cell: The Unit of Life,Integrated chapter reasoning,Multi-statement,Difficult,D,False,,True,PASS
NEET27-BIO-0737,XII,Botany,Unit 9: Biotechnology and Its Applications,Biotechnology and Its Applications,Biotechnology and Its Applications,Agricultural applications,Multi-statement analysis,Difficult,C,False,,True,PASS
NEET27-BIO-0738,XII,Botany,Unit 9: Biotechnology and Its Applications,Biotechnology: Principles and Processes,Biotechnology: Principles and Processes,Core principles,Statement Completion,Medium,B,False,,True,PASS
NEET27-BIO-0739,XI,Botany,Unit 4: Plant Physiology,Respiration in Plants,Respiration in Plants,Adjacency of intermediates,Statement Based,Easy,D,False,,True,PASS
NEET27-BIO-0740,XI,Zoology,Unit 5: Human Physiology,Body Fluids and Circulation,Body Fluids and Circulation,Blood cells,Integrated Association Analysis,Medium,B,False,,True,PASS
NEET27-BIO-0741,XI,Zoology,Unit 5: Human Physiology,Breathing and Exchange of Gases,Breathing and Exchange of Gases,Mechanics of breathing,Statement Completion,Easy,A,False,,True,PASS
NEET27-BIO-0742,XI,Botany,Unit 4: Plant Physiology,Photosynthesis in Higher Plants,Photosynthesis in Higher Plants,Integrated chapter reasoning,Multi-statement,Difficult,B,False,,True,PASS
NEET27-BIO-0743,XI,Botany,Unit 3: Cell Structure and Function,Cell Cycle and Cell Division,Cell Cycle and Cell Division,Integrated chapter reasoning,Higher-order multi-statement,Difficult,A,False,,True,PASS
NEET27-BIO-0744,XII,Botany,Unit 7: Genetics and Evolution,Molecular Basis of Inheritance,Molecular Basis of Inheritance,DNA replication,Integrated Association Analysis,Medium,C,False,,True,PASS
NEET27-BIO-0745,XI,Botany,Unit 2: Structural Organisation in Animals and Plants,Anatomy of Flowering Plants,Anatomy of Flowering Plants,Integrated chapter reasoning,Higher-order multi-statement,Difficult,D,False,,True,PASS
NEET27-BIO-0746,XI,Zoology,Unit 5: Human Physiology,Body Fluids and Circulation,Body Fluids and Circulation,Heart anatomy,Direct Concept,Easy,A,False,,True,PASS
NEET27-BIO-0747,XI,Zoology,Unit 5: Human Physiology,Locomotion and Movement,Locomotion and Movement,Thick filaments and Calcium regulation,Statement I and Statement II,Medium,D,False,,True,PASS
NEET27-BIO-0748,XI,Botany,Unit 4: Plant Physiology,Plant Growth and Development,Plant Growth and Development,Differentiation,Direct NCERT-based,Easy,D,False,,True,PASS
NEET27-BIO-0749,XII,Botany,Unit 10: Ecology and Environment,Ecosystem,Ecosystem,Ecosystem organization,Direct Concept,Easy,C,False,,True,PASS
NEET27-BIO-0750,XII,Zoology,Unit 8: Biology and Human Welfare,Human Health and Disease,Human Health and Disease,Viral and helminth diseases,Direct Concept,Easy,B,False,,True,PASS
NEET27-BIO-0751,XI,Botany,Unit 1: Diversity in Living World,Biological Classification,Biological Classification,Integrated chapter reasoning,Multi-statement,Difficult,C,False,,True,PASS
NEET27-BIO-0752,XII,Botany,Unit 10: Ecology and Environment,Organisms and Populations,Organisms and Populations,Integrated chapter reasoning,Higher-order multi-statement,Difficult,D,False,,True,PASS
NEET27-BIO-0753,XI,Botany,Unit 1: Diversity in Living World,Plant Kingdom,Plant Kingdom,Brown algae,Direct NCERT-based,Easy,D,False,,True,PASS
NEET27-BIO-0754,XI,Botany,Unit 2: Structural Organisation in Animals and Plants,Anatomy of Flowering Plants,Anatomy of Flowering Plants,Integrated chapter reasoning,Multi-statement,Difficult,B,False,,True,PASS
NEET27-BIO-0755,XII,Botany,Unit 8: Biology and Human Welfare,Microbes in Human Welfare,Microbes in Human Welfare,Fermented dough and Toddy,Statement I and Statement II,Medium,A,False,,True,PASS
NEET27-BIO-0756,XI,Botany,Unit 3: Cell Structure and Function,Cell: The Unit of Life,Cell: The Unit of Life,Ribosomes with Cytoskeleton,Applied statement comparison,Medium,C,False,,True,PASS
NEET27-BIO-0757,XI,Botany,Unit 4: Plant Physiology,Photosynthesis in Higher Plants,Photosynthesis in Higher Plants,Photolysis and Non-cyclic photophosphorylation,Statement I and Statement II,Medium,D,False,,True,PASS
NEET27-BIO-0758,XI,Botany,Unit 2: Structural Organisation in Animals and Plants,Morphology of Flowering Plants,Morphology of Flowering Plants,Floral whorls,Direct NCERT-based,Easy,A,False,,True,PASS
NEET27-BIO-0759,XI,Botany,Unit 2: Structural Organisation in Animals and Plants,Anatomy of Flowering Plants,Anatomy of Flowering Plants,Integrated chapter reasoning,Multi-statement,Difficult,C,False,,True,PASS
NEET27-BIO-0760,XII,Botany,Unit 7: Genetics and Evolution,Evolution,Evolution,Speciation and adaptation,Match the Pair,Medium,A,False,,True,PASS
NEET27-BIO-0761,XII,Botany,Unit 7: Genetics and Evolution,Evolution,Evolution,Evidence of evolution,Match the Pair,Medium,B,False,,True,PASS
NEET27-BIO-0762,XII,Botany,Unit 10: Ecology and Environment,Biodiversity and Conservation,Biodiversity and Conservation,Over-exploitation,Direct NCERT-based,Easy,C,False,,True,PASS
NEET27-BIO-0763,XII,Botany,Unit 6: Reproduction,Sexual Reproduction in Flowering Plants,Sexual Reproduction in Flowering Plants,Post-fertilization development,Cross-Concept Elimination,Difficult,A,False,,True,PASS
NEET27-BIO-0764,XI,Botany,Unit 1: Diversity in Living World,Plant Kingdom,Plant Kingdom,Integrated chapter reasoning,Multi-statement,Difficult,A,False,,True,PASS
NEET27-BIO-0765,XII,Botany,Unit 10: Ecology and Environment,Biodiversity and Conservation,Biodiversity and Conservation,Integrated chapter reasoning,Higher-order multi-statement,Difficult,B,False,,True,PASS
NEET27-BIO-0766,XI,Botany,Unit 3: Cell Structure and Function,Cell: The Unit of Life,Cell: The Unit of Life,Centrioles,Direct NCERT-based,Easy,B,False,,True,PASS
NEET27-BIO-0767,XI,Zoology,Unit 1: Diversity in Living World,Animal Kingdom,Animal Kingdom,Aschelminthes with Arthropoda,Applied statement comparison,Medium,A,False,,True,PASS
NEET27-BIO-0768,XII,Botany,Unit 9: Biotechnology and Its Applications,Biotechnology: Principles and Processes,Biotechnology: Principles and Processes,rDNA methodology,Integrated Association Analysis,Medium,C,False,,True,PASS
NEET27-BIO-0769,XII,Botany,Unit 7: Genetics and Evolution,Evolution,Evolution,Evolutionary theories,Direct Concept,Easy,C,False,,True,PASS
NEET27-BIO-0770,XI,Botany,Unit 4: Plant Physiology,Respiration in Plants,Respiration in Plants,Oxidative decarboxylation,Verbal Diagram Reasoning,Easy,D,True,figures/NEET27-BIO-XI-CH12-0055.png,True,PASS
NEET27-BIO-0771,XI,Botany,Unit 1: Diversity in Living World,The Living World,The Living World,Species and Taxonomic hierarchy,Statement I and Statement II,Medium,D,False,,True,PASS
NEET27-BIO-0772,XI,Botany,Unit 3: Cell Structure and Function,Cell: The Unit of Life,Cell: The Unit of Life,Integrated chapter reasoning,Higher-order multi-statement,Difficult,C,False,,True,PASS
NEET27-BIO-0773,XI,Botany,Unit 3: Cell Structure and Function,Cell: The Unit of Life,Cell: The Unit of Life,Integrated chapter reasoning,Higher-order multi-statement,Difficult,D,False,,True,PASS
NEET27-BIO-0774,XI,Botany,Unit 4: Plant Physiology,Plant Growth and Development,Plant Growth and Development,Growth rates,Integrated Association Analysis,Medium,B,False,,True,PASS
NEET27-BIO-0775,XII,Botany,Unit 10: Ecology and Environment,Ecosystem,Ecosystem,Integrated chapter reasoning,Multi-statement,Difficult,D,False,,True,PASS
NEET27-BIO-0776,XII,Botany,Unit 9: Biotechnology and Its Applications,Biotechnology and Its Applications,Biotechnology and Its Applications,Bioethics and ownership,Direct Concept,Easy,A,False,,True,PASS
NEET27-BIO-0777,XII,Botany,Unit 7: Genetics and Evolution,Molecular Basis of Inheritance,Molecular Basis of Inheritance,DNA structure,Reverse Association,Easy,B,False,,True,PASS
NEET27-BIO-0778,XII,Zoology,Unit 6: Reproduction,Human Reproduction,Human Reproduction,Menstrual cycle,Applied Classification,Medium,A,False,,True,PASS
NEET27-BIO-0779,XI,Botany,Unit 3: Cell Structure and Function,Biomolecules,Biomolecules,Base equality and RNA,Conceptual Trap,Difficult,A,False,,True,PASS
NEET27-BIO-0780,XI,Botany,Unit 4: Plant Physiology,Photosynthesis in Higher Plants,Photosynthesis in Higher Plants,Limiting factors and Site of photosynthesis,Statement I and Statement II,Medium,C,False,,True,PASS
NEET27-BIO-0781,XI,Botany,Unit 1: Diversity in Living World,The Living World,The Living World,Integrated chapter reasoning,Higher-order multi-statement,Difficult,B,False,,True,PASS
NEET27-BIO-0782,XI,Zoology,Unit 2: Structural Organisation in Animals and Plants,Structural Organisation in Animals,Structural Organisation in Animals,Integrated chapter reasoning,Higher-order multi-statement,Difficult,C,False,,True,PASS
NEET27-BIO-0783,XI,Zoology,Unit 1: Diversity in Living World,Animal Kingdom,Animal Kingdom,Ctenophora with Aschelminthes,Applied statement comparison,Medium,D,False,,True,PASS
NEET27-BIO-0784,XI,Botany,Unit 1: Diversity in Living World,The Living World,The Living World,Integrated chapter reasoning,Multi-statement,Difficult,B,False,,True,PASS
NEET27-BIO-0785,XII,Botany,Unit 6: Reproduction,Sexual Reproduction in Flowering Plants,Sexual Reproduction in Flowering Plants,Ovule and embryo sac,Evidence Integration,Difficult,A,False,,True,PASS
NEET27-BIO-0786,XI,Botany,Unit 4: Plant Physiology,Respiration in Plants,Respiration in Plants,Site of glycolysis,Direct Concept,Easy,C,False,,True,PASS
NEET27-BIO-0787,XI,Zoology,Unit 5: Human Physiology,Body Fluids and Circulation,Body Fluids and Circulation,Cardiac cycle and ECG,Integrated Association Analysis,Medium,B,False,,True,PASS
NEET27-BIO-0788,XII,Zoology,Unit 8: Biology and Human Welfare,Human Health and Disease,Human Health and Disease,Viral and helminth diseases,Direct Concept,Easy,D,False,,True,PASS
NEET27-BIO-0789,XII,Botany,Unit 9: Biotechnology and Its Applications,Biotechnology and Its Applications,Biotechnology and Its Applications,Agricultural applications,Integrated Association Analysis,Medium,C,False,,True,PASS
NEET27-BIO-0790,XI,Zoology,Unit 5: Human Physiology,Locomotion and Movement,Locomotion and Movement,Integrated chapter reasoning,Multi-statement,Difficult,D,False,,True,PASS
NEET27-BIO-0791,XI,Botany,Unit 4: Plant Physiology,Respiration in Plants,Respiration in Plants,Tissues dependent on glycolysis,Direct Concept,Easy,A,False,,True,PASS
NEET27-BIO-0792,XII,Botany,Unit 7: Genetics and Evolution,Principles of Inheritance and Variation,Principles of Inheritance and Variation,Mendelian inheritance,Case Analysis,Difficult,C,False,,True,PASS
NEET27-BIO-0793,XI,Botany,Unit 4: Plant Physiology,Photosynthesis in Higher Plants,Photosynthesis in Higher Plants,Integrated chapter reasoning,Multi-statement,Difficult,B,False,,True,PASS
NEET27-BIO-0794,XI,Botany,Unit 3: Cell Structure and Function,Biomolecules,Biomolecules,Monosaccharides,Direct Concept,Easy,B,False,,True,PASS
NEET27-BIO-0795,XI,Botany,Unit 4: Plant Physiology,Plant Growth and Development,Plant Growth and Development,Plant hormones II,Direct Concept,Easy,D,False,,True,PASS
NEET27-BIO-0796,XII,Botany,Unit 7: Genetics and Evolution,Principles of Inheritance and Variation,Principles of Inheritance and Variation,Genetic terminology,Cross-Concept Elimination,Difficult,A,False,,True,PASS
NEET27-BIO-0797,XI,Botany,Unit 3: Cell Structure and Function,Cell Cycle and Cell Division,Cell Cycle and Cell Division,Meiosis I and Synapsis,Statement I and Statement II,Medium,B,False,,True,PASS
NEET27-BIO-0798,XI,Botany,Unit 2: Structural Organisation in Animals and Plants,Morphology of Flowering Plants,Morphology of Flowering Plants,Integrated chapter reasoning,Multi-statement,Difficult,C,False,,True,PASS
NEET27-BIO-0799,XII,Botany,Unit 6: Reproduction,Sexual Reproduction in Flowering Plants,Sexual Reproduction in Flowering Plants,Microsporogenesis and pollen,Integrated Association Analysis,Medium,A,False,,True,PASS
NEET27-BIO-0800,XII,Zoology,Unit 6: Reproduction,Human Reproduction,Human Reproduction,Menstrual cycle,Applied Classification,Medium,D,False,,True,PASS
NEET27-BIO-0801,XII,Botany,Unit 9: Biotechnology and Its Applications,Biotechnology and Its Applications,Biotechnology and Its Applications,Bioethics and ownership,Applied Classification,Medium,C,False,,True,PASS
NEET27-BIO-0802,XI,Zoology,Unit 1: Diversity in Living World,Animal Kingdom,Animal Kingdom,Mammalia with Symmetry,Applied statement comparison,Medium,A,False,,True,PASS
NEET27-BIO-0803,XI,Botany,Unit 2: Structural Organisation in Animals and Plants,Morphology of Flowering Plants,Morphology of Flowering Plants,Integrated chapter reasoning,Multi-statement,Difficult,D,False,,True,PASS
NEET27-BIO-0804,XI,Botany,Unit 4: Plant Physiology,Plant Growth and Development,Plant Growth and Development,Development,Direct NCERT-based,Easy,A,False,,True,PASS
NEET27-BIO-0805,XI,Zoology,Unit 5: Human Physiology,Body Fluids and Circulation,Body Fluids and Circulation,Blood cells,Applied Classification,Medium,D,False,,True,PASS
NEET27-BIO-0806,XII,Botany,Unit 7: Genetics and Evolution,Principles of Inheritance and Variation,Principles of Inheritance and Variation,Genetic terminology,Statement Completion,Easy,C,False,,True,PASS
NEET27-BIO-0807,XI,Botany,Unit 2: Structural Organisation in Animals and Plants,Anatomy of Flowering Plants,Anatomy of Flowering Plants,Integrated chapter reasoning,Higher-order multi-statement,Difficult,D,False,,True,PASS
NEET27-BIO-0808,XII,Botany,Unit 6: Reproduction,Sexual Reproduction in Flowering Plants,Sexual Reproduction in Flowering Plants,Special reproductive phenomena,Integrated Association Analysis,Medium,B,False,,True,PASS
NEET27-BIO-0809,XII,Botany,Unit 7: Genetics and Evolution,Principles of Inheritance and Variation,Principles of Inheritance and Variation,Mendelian inheritance,Direct Concept,Easy,B,False,,True,PASS
NEET27-BIO-0810,XII,Botany,Unit 10: Ecology and Environment,Organisms and Populations,Organisms and Populations,Carrying capacity,Direct NCERT-based,Easy,C,False,,True,PASS
NEET27-BIO-0811,XI,Zoology,Unit 5: Human Physiology,Body Fluids and Circulation,Body Fluids and Circulation,Heart anatomy,Applied Classification,Medium,B,False,,True,PASS
NEET27-BIO-0812,XII,Botany,Unit 8: Biology and Human Welfare,Microbes in Human Welfare,Microbes in Human Welfare,Integrated chapter reasoning,Higher-order multi-statement,Difficult,C,False,,True,PASS
NEET27-BIO-0813,XII,Botany,Unit 9: Biotechnology and Its Applications,Biotechnology and Its Applications,Biotechnology and Its Applications,Medical applications,Match the Pair,Medium,A,False,,True,PASS
NEET27-BIO-0814,XI,Botany,Unit 4: Plant Physiology,Plant Growth and Development,Plant Growth and Development,Gibberellins,Direct NCERT-based,Easy,D,False,,True,PASS
NEET27-BIO-0815,XI,Zoology,Unit 5: Human Physiology,Body Fluids and Circulation,Body Fluids and Circulation,Cardiac cycle and ECG,Cross-Concept Elimination,Difficult,A,False,,True,PASS
NEET27-BIO-0816,XII,Botany,Unit 8: Biology and Human Welfare,Microbes in Human Welfare,Microbes in Human Welfare,Integrated chapter reasoning,Multi-statement,Difficult,B,False,,True,PASS
NEET27-BIO-0817,XII,Zoology,Unit 6: Reproduction,Human Reproduction,Human Reproduction,Early development,Statement Completion,Easy,B,False,,True,PASS
NEET27-BIO-0818,XII,Botany,Unit 6: Reproduction,Sexual Reproduction in Flowering Plants,Sexual Reproduction in Flowering Plants,Microsporogenesis and pollen,Applied Classification,Medium,C,False,,True,PASS
NEET27-BIO-0819,XI,Botany,Unit 2: Structural Organisation in Animals and Plants,Morphology of Flowering Plants,Morphology of Flowering Plants,Floral whorls with Ovary position,Applied statement comparison,Medium,D,False,,True,PASS
NEET27-BIO-0820,XI,Zoology,Unit 5: Human Physiology,Body Fluids and Circulation,Body Fluids and Circulation,Heart anatomy,Direct Concept,Easy,A,False,,True,PASS
NEET27-BIO-0821,XI,Botany,Unit 2: Structural Organisation in Animals and Plants,Morphology of Flowering Plants,Morphology of Flowering Plants,Asteraceae with Root systems,Applied statement comparison,Medium,B,False,,True,PASS
NEET27-BIO-0822,XI,Botany,Unit 4: Plant Physiology,Photosynthesis in Higher Plants,Photosynthesis in Higher Plants,Photorespiration,Direct NCERT-based,Easy,A,False,,True,PASS
NEET27-BIO-0823,XII,Botany,Unit 9: Biotechnology and Its Applications,Biotechnology: Principles and Processes,Biotechnology: Principles and Processes,PCR and analysis,Integrated Association Analysis,Medium,D,False,,True,PASS
NEET27-BIO-0824,XI,Botany,Unit 2: Structural Organisation in Animals and Plants,Morphology of Flowering Plants,Morphology of Flowering Plants,Integrated chapter reasoning,Higher-order multi-statement,Difficult,B,False,,True,PASS
NEET27-BIO-0825,XI,Botany,Unit 1: Diversity in Living World,The Living World,The Living World,Cellular organisation,Direct NCERT-based,Easy,D,False,,True,PASS
NEET27-BIO-0826,XII,Botany,Unit 7: Genetics and Evolution,Molecular Basis of Inheritance,Molecular Basis of Inheritance,Genetic code and translation,Evidence Integration,Difficult,C,False,,True,PASS
NEET27-BIO-0827,XII,Botany,Unit 7: Genetics and Evolution,Molecular Basis of Inheritance,Molecular Basis of Inheritance,Transcription and RNA,Statement Completion,Easy,C,False,,True,PASS
NEET27-BIO-0828,XII,Botany,Unit 10: Ecology and Environment,Biodiversity and Conservation,Biodiversity and Conservation,Importance of biodiversity and Habitat loss,Statement I and Statement II,Medium,A,False,,True,PASS
NEET27-BIO-0829,XII,Botany,Unit 9: Biotechnology and Its Applications,Biotechnology: Principles and Processes,Biotechnology: Principles and Processes,rDNA methodology,Statement Completion,Easy,B,False,,True,PASS
NEET27-BIO-0830,XI,Botany,Unit 4: Plant Physiology,Respiration in Plants,Respiration in Plants,Definition of respiratory quotient,Direct Concept,Easy,D,False,,True,PASS
NEET27-BIO-0831,XII,Botany,Unit 9: Biotechnology and Its Applications,Biotechnology: Principles and Processes,Biotechnology: Principles and Processes,Simplified plasmid cloning vector,Diagram Interpretation,Easy,B,True,figures/NEET27-BIO-XII-CH09-FIG02.png,True,PASS
NEET27-BIO-0832,XI,Zoology,Unit 5: Human Physiology,Body Fluids and Circulation,Body Fluids and Circulation,Vessels pressure and lymph,Reverse Association,Easy,C,False,,True,PASS
NEET27-BIO-0833,XII,Botany,Unit 10: Ecology and Environment,Ecosystem,Ecosystem,Integrated chapter reasoning,Multi-statement,Difficult,D,False,,True,PASS
NEET27-BIO-0834,XI,Botany,Unit 3: Cell Structure and Function,Cell: The Unit of Life,Cell: The Unit of Life,Integrated chapter reasoning,Higher-order multi-statement,Difficult,A,False,,True,PASS
NEET27-BIO-0835,XI,Botany,Unit 3: Cell Structure and Function,Cell Cycle and Cell Division,Cell Cycle and Cell Division,Interphase and S phase,Statement I and Statement II,Medium,C,False,,True,PASS
NEET27-BIO-0836,XII,Botany,Unit 7: Genetics and Evolution,Principles of Inheritance and Variation,Principles of Inheritance and Variation,Crosses,Integrated Association Analysis,Medium,D,False,,True,PASS
NEET27-BIO-0837,XI,Botany,Unit 3: Cell Structure and Function,Biomolecules,Biomolecules,DNA compared with RNA,Comparison Based,Easy,A,False,,True,PASS
NEET27-BIO-0838,XI,Zoology,Unit 2: Structural Organisation in Animals and Plants,Structural Organisation in Animals,Structural Organisation in Animals,Integrated chapter reasoning,Higher-order multi-statement,Difficult,C,False,,True,PASS
NEET27-BIO-0839,XII,Zoology,Unit 8: Biology and Human Welfare,Human Health and Disease,Human Health and Disease,Drugs and addiction,Statement Completion,Easy,C,False,,True,PASS
NEET27-BIO-0840,XII,Zoology,Unit 6: Reproduction,Human Reproduction,Human Reproduction,Female reproductive system,Direct Concept,Easy,D,False,,True,PASS
NEET27-BIO-0841,XI,Botany,Unit 1: Diversity in Living World,Plant Kingdom,Plant Kingdom,Bryophyte habitat and Liverwort reproduction,Statement I and Statement II,Medium,C,False,,True,PASS
NEET27-BIO-0842,XII,Botany,Unit 6: Reproduction,Sexual Reproduction in Flowering Plants,Sexual Reproduction in Flowering Plants,Ovule and embryo sac,Reverse Association,Easy,B,False,,True,PASS
NEET27-BIO-0843,XII,Botany,Unit 10: Ecology and Environment,Ecosystem,Ecosystem,Primary productivity,Direct NCERT-based,Easy,A,False,,True,PASS
NEET27-BIO-0844,XI,Botany,Unit 4: Plant Physiology,Photosynthesis in Higher Plants,Photosynthesis in Higher Plants,Cyclic photophosphorylation with Calvin-cycle carboxylation,Applied statement comparison,Medium,A,False,,True,PASS
NEET27-BIO-0845,XII,Botany,Unit 7: Genetics and Evolution,Principles of Inheritance and Variation,Principles of Inheritance and Variation,Chromosomal disorders,Applied Classification,Medium,B,False,,True,PASS
NEET27-BIO-0846,XII,Botany,Unit 7: Genetics and Evolution,Evolution,Evolution,Evidence of evolution,Cross-Concept Elimination,Difficult,A,False,,True,PASS
NEET27-BIO-0847,XII,Botany,Unit 10: Ecology and Environment,Organisms and Populations,Organisms and Populations,Integrated chapter reasoning,Higher-order multi-statement,Difficult,D,False,,True,PASS
NEET27-BIO-0848,XII,Botany,Unit 7: Genetics and Evolution,Principles of Inheritance and Variation,Principles of Inheritance and Variation,Crosses,Cross-Concept Elimination,Difficult,B,False,,True,PASS
NEET27-BIO-0849,XII,Botany,Unit 7: Genetics and Evolution,Evolution,Evolution,Evidence of evolution,Evidence Integration,Difficult,A,False,,True,PASS
NEET27-BIO-0850,XI,Botany,Unit 4: Plant Physiology,Photosynthesis in Higher Plants,Photosynthesis in Higher Plants,Integrated chapter reasoning,Higher-order multi-statement,Difficult,B,False,,True,PASS
NEET27-BIO-0851,XI,Botany,Unit 2: Structural Organisation in Animals and Plants,Morphology of Flowering Plants,Morphology of Flowering Plants,Ovary position and Aestivation,Statement I and Statement II,Medium,D,False,,True,PASS
NEET27-BIO-0852,XI,Zoology,Unit 5: Human Physiology,Body Fluids and Circulation,Body Fluids and Circulation,Blood cells,Reverse Association,Easy,B,False,,True,PASS
NEET27-BIO-0853,XI,Botany,Unit 1: Diversity in Living World,Biological Classification,Biological Classification,Integrated chapter reasoning,Multi-statement,Difficult,C,False,,True,PASS
NEET27-BIO-0854,XII,Botany,Unit 10: Ecology and Environment,Biodiversity and Conservation,Biodiversity and Conservation,Integrated chapter reasoning,Multi-statement,Difficult,D,False,,True,PASS
NEET27-BIO-0855,XI,Botany,Unit 4: Plant Physiology,Photosynthesis in Higher Plants,Photosynthesis in Higher Plants,Integrated chapter reasoning,Higher-order multi-statement,Difficult,C,False,,True,PASS
NEET27-BIO-0856,XI,Botany,Unit 4: Plant Physiology,Respiration in Plants,Respiration in Plants,Comparison with aerobic respiration,Comparison Based,Difficult,B,False,,True,PASS
NEET27-BIO-0857,XI,Botany,Unit 3: Cell Structure and Function,Cell Cycle and Cell Division,Cell Cycle and Cell Division,Crossing over and Significance of meiosis,Statement I and Statement II,Medium,B,False,,True,PASS
NEET27-BIO-0858,XI,Botany,Unit 1: Diversity in Living World,The Living World,The Living World,Characteristics of living organisms,Direct NCERT-based,Easy,A,False,,True,PASS
NEET27-BIO-0859,XI,Botany,Unit 1: Diversity in Living World,The Living World,The Living World,Integrated chapter reasoning,Higher-order multi-statement,Difficult,A,False,,True,PASS
NEET27-BIO-0860,XI,Zoology,Unit 5: Human Physiology,Excretory Products and Their Elimination,Excretory Products and Their Elimination,Glomerular filtration rate,Multi-Step Numerical,Difficult,D,False,,True,PASS
NEET27-BIO-0861,XI,Botany,Unit 3: Cell Structure and Function,Cell: The Unit of Life,Cell: The Unit of Life,Integrated chapter reasoning,Higher-order multi-statement,Difficult,C,False,,True,PASS
NEET27-BIO-0862,XI,Botany,Unit 1: Diversity in Living World,Biological Classification,Biological Classification,Integrated chapter reasoning,Multi-statement,Difficult,B,False,,True,PASS
NEET27-BIO-0863,XII,Botany,Unit 10: Ecology and Environment,Organisms and Populations,Organisms and Populations,Integrated chapter reasoning,Higher-order multi-statement,Difficult,D,False,,True,PASS
NEET27-BIO-0864,XII,Botany,Unit 7: Genetics and Evolution,Principles of Inheritance and Variation,Principles of Inheritance and Variation,Sex determination,Multi-statement analysis,Difficult,A,False,,True,PASS
NEET27-BIO-0865,XII,Zoology,Unit 8: Biology and Human Welfare,Human Health and Disease,Human Health and Disease,Viral and helminth diseases,Cross-Concept Elimination,Difficult,D,False,,True,PASS
NEET27-BIO-0866,XII,Botany,Unit 7: Genetics and Evolution,Principles of Inheritance and Variation,Principles of Inheritance and Variation,Sex-linked inheritance,Applied Classification,Medium,A,False,,True,PASS
NEET27-BIO-0867,XII,Botany,Unit 10: Ecology and Environment,Ecosystem,Ecosystem,Pyramid of energy and Pyramids of biomass,Statement I and Statement II,Medium,C,False,,True,PASS
NEET27-BIO-0868,XI,Botany,Unit 3: Cell Structure and Function,Cell: The Unit of Life,Cell: The Unit of Life,Integrated chapter reasoning,Higher-order multi-statement,Difficult,A,False,,True,PASS
NEET27-BIO-0869,XII,Botany,Unit 8: Biology and Human Welfare,Microbes in Human Welfare,Microbes in Human Welfare,Statins,Direct NCERT-based,Easy,C,False,,True,PASS
NEET27-BIO-0870,XI,Botany,Unit 1: Diversity in Living World,Biological Classification,Biological Classification,Integrated chapter reasoning,Multi-statement,Difficult,B,False,,True,PASS
NEET27-BIO-0871,XI,Botany,Unit 2: Structural Organisation in Animals and Plants,Anatomy of Flowering Plants,Anatomy of Flowering Plants,Integrated chapter reasoning,Higher-order multi-statement,Difficult,C,False,,True,PASS
NEET27-BIO-0872,XII,Botany,Unit 7: Genetics and Evolution,Evolution,Evolution,Evolutionary theories,Cross-Concept Elimination,Difficult,A,False,,True,PASS
NEET27-BIO-0873,XII,Botany,Unit 6: Reproduction,Sexual Reproduction in Flowering Plants,Sexual Reproduction in Flowering Plants,Post-fertilization development,Reverse Association,Easy,D,False,,True,PASS
NEET27-BIO-0874,XI,Botany,Unit 2: Structural Organisation in Animals and Plants,Morphology of Flowering Plants,Morphology of Flowering Plants,Leaf parts and Venation,Statement I and Statement II,Medium,A,False,,True,PASS
NEET27-BIO-0875,XI,Zoology,Unit 5: Human Physiology,Breathing and Exchange of Gases,Breathing and Exchange of Gases,Mechanics of breathing,Applied Classification,Medium,D,False,,True,PASS
NEET27-BIO-0876,XII,Botany,Unit 7: Genetics and Evolution,Molecular Basis of Inheritance,Molecular Basis of Inheritance,Transcription and RNA,Applied Classification,Medium,C,False,,True,PASS
NEET27-BIO-0877,XII,Botany,Unit 6: Reproduction,Sexual Reproduction in Flowering Plants,Sexual Reproduction in Flowering Plants,Microsporogenesis and pollen,Match the Pair,Medium,B,False,,True,PASS
NEET27-BIO-0878,XII,Botany,Unit 10: Ecology and Environment,Ecosystem,Ecosystem,Food chains and energy,Statement Completion,Easy,C,False,,True,PASS
NEET27-BIO-0879,XI,Botany,Unit 1: Diversity in Living World,Biological Classification,Biological Classification,Integrated chapter reasoning,Higher-order multi-statement,Difficult,B,False,,True,PASS
NEET27-BIO-0880,XI,Botany,Unit 4: Plant Physiology,Photosynthesis in Higher Plants,Photosynthesis in Higher Plants,Integrated chapter reasoning,Multi-statement,Difficult,D,False,,True,PASS
NEET27-BIO-0881,XII,Botany,Unit 7: Genetics and Evolution,Principles of Inheritance and Variation,Principles of Inheritance and Variation,Sex-linked inheritance,Integrated Association Analysis,Medium,D,False,,True,PASS
NEET27-BIO-0882,XI,Zoology,Unit 5: Human Physiology,Neural Control and Coordination,Neural Control and Coordination,Neuron structure,Direct Concept,Easy,A,False,,True,PASS
NEET27-BIO-0883,XII,Zoology,Unit 8: Biology and Human Welfare,Human Health and Disease,Human Health and Disease,Bacterial and protozoan diseases,Match the Pair,Medium,B,False,,True,PASS
NEET27-BIO-0884,XII,Botany,Unit 6: Reproduction,Sexual Reproduction in Flowering Plants,Sexual Reproduction in Flowering Plants,Ovule and embryo sac,Integrated Association Analysis,Medium,C,False,,True,PASS
NEET27-BIO-0885,XI,Zoology,Unit 5: Human Physiology,Locomotion and Movement,Locomotion and Movement,Types of movement and Skeletal muscle,Statement I and Statement II,Medium,A,False,,True,PASS
NEET27-BIO-0886,XI,Botany,Unit 1: Diversity in Living World,The Living World,The Living World,Integrated chapter reasoning,Multi-statement,Difficult,C,False,,True,PASS
NEET27-BIO-0887,XI,Botany,Unit 3: Cell Structure and Function,Cell Cycle and Cell Division,Cell Cycle and Cell Division,Anaphase and Telophase,Statement I and Statement II,Medium,D,False,,True,PASS
NEET27-BIO-0888,XI,Botany,Unit 2: Structural Organisation in Animals and Plants,Anatomy of Flowering Plants,Anatomy of Flowering Plants,Isobilateral leaf and Epidermal tissue system,Statement I and Statement II,Medium,B,False,,True,PASS
NEET27-BIO-0889,XI,Zoology,Unit 5: Human Physiology,Excretory Products and Their Elimination,Excretory Products and Their Elimination,Malpighian body,Verbal Diagram Reasoning,Easy,B,True,figures/NEET27-BIO-XI-CH16-0054.png,True,PASS
NEET27-BIO-0890,XII,Botany,Unit 10: Ecology and Environment,Organisms and Populations,Organisms and Populations,Integrated chapter reasoning,Higher-order multi-statement,Difficult,A,False,,True,PASS
NEET27-BIO-0891,XI,Botany,Unit 4: Plant Physiology,Plant Growth and Development,Plant Growth and Development,Integrated chapter reasoning,Multi-statement,Difficult,D,False,,True,PASS
NEET27-BIO-0892,XI,Botany,Unit 4: Plant Physiology,Photosynthesis in Higher Plants,Photosynthesis in Higher Plants,Photosystems with Non-cyclic photophosphorylation,Applied statement comparison,Medium,C,False,,True,PASS
NEET27-BIO-0893,XII,Zoology,Unit 8: Biology and Human Welfare,Human Health and Disease,Human Health and Disease,Antibody structure,Reverse Association,Easy,D,False,,True,PASS
NEET27-BIO-0894,XII,Botany,Unit 9: Biotechnology and Its Applications,Biotechnology and Its Applications,Biotechnology and Its Applications,Bioethics and ownership,Cross-Concept Elimination,Difficult,C,False,,True,PASS
NEET27-BIO-0895,XI,Botany,Unit 2: Structural Organisation in Animals and Plants,Morphology of Flowering Plants,Morphology of Flowering Plants,Integrated chapter reasoning,Higher-order multi-statement,Difficult,B,False,,True,PASS
NEET27-BIO-0896,XI,Zoology,Unit 5: Human Physiology,Excretory Products and Their Elimination,Excretory Products and Their Elimination,Antidiuretic hormone,Application Based,Difficult,A,False,,True,PASS
NEET27-BIO-0897,XII,Botany,Unit 10: Ecology and Environment,Biodiversity and Conservation,Biodiversity and Conservation,Integrated chapter reasoning,Multi-statement,Difficult,D,False,,True,PASS
NEET27-BIO-0898,XI,Botany,Unit 3: Cell Structure and Function,Cell Cycle and Cell Division,Cell Cycle and Cell Division,Cytokinesis,Direct NCERT-based,Easy,D,False,,True,PASS
NEET27-BIO-0899,XII,Zoology,Unit 6: Reproduction,Reproductive Health,Reproductive Health,Birth control and reproductive health,Reverse Association,Easy,A,False,,True,PASS
NEET27-BIO-0900,XI,Zoology,Unit 2: Structural Organisation in Animals and Plants,Structural Organisation in Animals,Structural Organisation in Animals,Connective tissue and Cartilage and bone,Statement I and Statement II,Medium,A,False,,True,PASS
NEET27-BIO-0901,XI,Botany,Unit 4: Plant Physiology,Respiration in Plants,Respiration in Plants,Regulation of glycolysis,Mixed Concept,Easy,B,False,,True,PASS
NEET27-BIO-0902,XII,Botany,Unit 10: Ecology and Environment,Biodiversity and Conservation,Biodiversity and Conservation,Integrated chapter reasoning,Higher-order multi-statement,Difficult,B,False,,True,PASS
NEET27-BIO-0903,XI,Zoology,Unit 5: Human Physiology,Breathing and Exchange of Gases,Breathing and Exchange of Gases,Mechanics of breathing,Reverse Association,Easy,C,False,,True,PASS
NEET27-BIO-0904,XI,Zoology,Unit 1: Diversity in Living World,Animal Kingdom,Animal Kingdom,Reptilia and Aves,Direct NCERT-based,Easy,D,False,,True,PASS
NEET27-BIO-0905,XII,Botany,Unit 10: Ecology and Environment,Biodiversity and Conservation,Biodiversity and Conservation,Integrated chapter reasoning,Multi-statement,Difficult,C,False,,True,PASS
NEET27-BIO-0906,XI,Zoology,Unit 5: Human Physiology,Body Fluids and Circulation,Body Fluids and Circulation,Vessels pressure and lymph,Applied Classification,Medium,B,False,,True,PASS
NEET27-BIO-0907,XII,Zoology,Unit 6: Reproduction,Reproductive Health,Reproductive Health,Assisted reproduction and infection,Applied Classification,Medium,C,False,,True,PASS
NEET27-BIO-0908,XI,Zoology,Unit 5: Human Physiology,Body Fluids and Circulation,Body Fluids and Circulation,Blood cells,Statement Completion,Easy,C,False,,True,PASS
NEET27-BIO-0909,XI,Zoology,Unit 5: Human Physiology,Excretory Products and Their Elimination,Excretory Products and Their Elimination,From renal blood to glomerular filtrate,Statement Based,Difficult,D,False,,True,PASS
NEET27-BIO-0910,XII,Botany,Unit 7: Genetics and Evolution,Molecular Basis of Inheritance,Molecular Basis of Inheritance,Evidence for genetic material,Statement Completion,Easy,B,False,,True,PASS
NEET27-BIO-0911,XI,Zoology,Unit 2: Structural Organisation in Animals and Plants,Structural Organisation in Animals,Structural Organisation in Animals,Blood,Direct NCERT-based,Easy,A,False,,True,PASS
NEET27-BIO-0912,XI,Zoology,Unit 5: Human Physiology,Excretory Products and Their Elimination,Excretory Products and Their Elimination,Counter current mechanism,Direct Concept,Easy,B,False,,True,PASS
NEET27-BIO-0913,XI,Zoology,Unit 5: Human Physiology,Excretory Products and Their Elimination,Excretory Products and Their Elimination,Nephron as the unit of the kidney,Direct Concept,Easy,C,False,,True,PASS
NEET27-BIO-0914,XII,Botany,Unit 10: Ecology and Environment,Ecosystem,Ecosystem,Productivity and decomposition,Reverse Association,Easy,D,False,,True,PASS
NEET27-BIO-0915,XI,Zoology,Unit 5: Human Physiology,Breathing and Exchange of Gases,Breathing and Exchange of Gases,Human respiratory tract,Integrated Association Analysis,Medium,A,False,,True,PASS
NEET27-BIO-0916,XI,Zoology,Unit 5: Human Physiology,Neural Control and Coordination,Neural Control and Coordination,Impulse and synapse,Reverse Association,Easy,A,False,,True,PASS
NEET27-BIO-0917,XI,Botany,Unit 3: Cell Structure and Function,Cell Cycle and Cell Division,Cell Cycle and Cell Division,Telophase,Direct NCERT-based,Easy,D,False,,True,PASS
NEET27-BIO-0918,XI,Zoology,Unit 5: Human Physiology,Breathing and Exchange of Gases,Breathing and Exchange of Gases,Respiratory organs,Match the Pair,Medium,D,False,,True,PASS
NEET27-BIO-0919,XI,Zoology,Unit 1: Diversity in Living World,Animal Kingdom,Animal Kingdom,Integrated chapter reasoning,Multi-statement,Difficult,B,False,,True,PASS
NEET27-BIO-0920,XI,Zoology,Unit 1: Diversity in Living World,Animal Kingdom,Animal Kingdom,Integrated chapter reasoning,Multi-statement,Difficult,C,False,,True,PASS
NEET27-BIO-0921,XI,Zoology,Unit 2: Structural Organisation in Animals and Plants,Structural Organisation in Animals,Structural Organisation in Animals,Frog red blood cells and Frog excretion,Statement I and Statement II,Medium,D,False,,True,PASS
NEET27-BIO-0922,XII,Botany,Unit 7: Genetics and Evolution,Molecular Basis of Inheritance,Molecular Basis of Inheritance,Genetic code and translation,Integrated Association Analysis,Medium,B,False,,True,PASS
NEET27-BIO-0923,XI,Botany,Unit 4: Plant Physiology,Plant Growth and Development,Plant Growth and Development,Phases of growth and Growth measurement,Statement I and Statement II,Medium,A,False,,True,PASS
NEET27-BIO-0924,XI,Botany,Unit 2: Structural Organisation in Animals and Plants,Morphology of Flowering Plants,Morphology of Flowering Plants,Placentation and Fruits,Statement I and Statement II,Medium,C,False,,True,PASS
NEET27-BIO-0925,XII,Botany,Unit 9: Biotechnology and Its Applications,Biotechnology: Principles and Processes,Biotechnology: Principles and Processes,rDNA methodology,Applied Classification,Medium,D,False,,True,PASS
NEET27-BIO-0926,XII,Botany,Unit 7: Genetics and Evolution,Principles of Inheritance and Variation,Principles of Inheritance and Variation,Sex-linked inheritance,Direct Concept,Easy,A,False,,True,PASS
NEET27-BIO-0927,XII,Botany,Unit 8: Biology and Human Welfare,Microbes in Human Welfare,Microbes in Human Welfare,Curd formation,Direct NCERT-based,Easy,B,False,,True,PASS
NEET27-BIO-0928,XI,Zoology,Unit 5: Human Physiology,Neural Control and Coordination,Neural Control and Coordination,Impulse and synapse,Direct Concept,Easy,C,False,,True,PASS
NEET27-BIO-0929,XII,Botany,Unit 8: Biology and Human Welfare,Microbes in Human Welfare,Microbes in Human Welfare,Toddy with Ethanol production,Applied statement comparison,Medium,A,False,,True,PASS
NEET27-BIO-0930,XI,Botany,Unit 2: Structural Organisation in Animals and Plants,Morphology of Flowering Plants,Morphology of Flowering Plants,Underground stems with Leaf parts,Applied statement comparison,Medium,C,False,,True,PASS
NEET27-BIO-0931,XI,Botany,Unit 1: Diversity in Living World,Plant Kingdom,Plant Kingdom,Pteridophyte dominance and Prothallus,Statement I and Statement II,Medium,B,False,,True,PASS
NEET27-BIO-0932,XII,Botany,Unit 10: Ecology and Environment,Organisms and Populations,Organisms and Populations,Population attributes,Applied Classification,Medium,A,False,,True,PASS
NEET27-BIO-0933,XII,Botany,Unit 10: Ecology and Environment,Biodiversity and Conservation,Biodiversity and Conservation,Integrated chapter reasoning,Multi-statement,Difficult,A,False,,True,PASS
NEET27-BIO-0934,XI,Zoology,Unit 5: Human Physiology,Excretory Products and Their Elimination,Excretory Products and Their Elimination,"Hormonal regulation, sources",Comparison Based,Easy,D,False,,True,PASS
NEET27-BIO-0935,XII,Botany,Unit 10: Ecology and Environment,Ecosystem,Ecosystem,Decomposition factors,Direct NCERT-based,Easy,B,False,,True,PASS
NEET27-BIO-0936,XII,Botany,Unit 10: Ecology and Environment,Biodiversity and Conservation,Biodiversity and Conservation,Biodiversity hotspots,Direct NCERT-based,Easy,A,False,,True,PASS
NEET27-BIO-0937,XII,Botany,Unit 9: Biotechnology and Its Applications,Biotechnology: Principles and Processes,Biotechnology: Principles and Processes,rDNA methodology,Reverse Association,Easy,C,False,,True,PASS
NEET27-BIO-0938,XII,Botany,Unit 10: Ecology and Environment,Ecosystem,Ecosystem,Pyramids of biomass and Decomposers,Statement I and Statement II,Medium,B,False,,True,PASS
NEET27-BIO-0939,XI,Botany,Unit 4: Plant Physiology,Respiration in Plants,Respiration in Plants,RQ of carbohydrate,Direct Concept,Easy,C,False,,True,PASS
NEET27-BIO-0940,XII,Botany,Unit 7: Genetics and Evolution,Principles of Inheritance and Variation,Principles of Inheritance and Variation,Non-Mendelian patterns,Reverse Association,Easy,B,False,,True,PASS
NEET27-BIO-0941,XII,Zoology,Unit 8: Biology and Human Welfare,Human Health and Disease,Human Health and Disease,Immunity,Statement Completion,Easy,A,False,,True,PASS
NEET27-BIO-0942,XI,Botany,Unit 2: Structural Organisation in Animals and Plants,Morphology of Flowering Plants,Morphology of Flowering Plants,Inflorescence and Floral whorls,Statement I and Statement II,Medium,C,False,,True,PASS
NEET27-BIO-0943,XI,Botany,Unit 4: Plant Physiology,Plant Growth and Development,Plant Growth and Development,Sigmoid growth curve with Differentiation,Applied statement comparison,Medium,D,False,,True,PASS
NEET27-BIO-0944,XI,Botany,Unit 1: Diversity in Living World,Biological Classification,Biological Classification,Kingdom Fungi with Lichens,Applied statement comparison,Medium,B,False,,True,PASS
NEET27-BIO-0945,XI,Botany,Unit 4: Plant Physiology,Photosynthesis in Higher Plants,Photosynthesis in Higher Plants,Site of photosynthesis with Photosystems,Applied statement comparison,Medium,C,False,,True,PASS
NEET27-BIO-0946,XI,Zoology,Unit 2: Structural Organisation in Animals and Plants,Structural Organisation in Animals,Structural Organisation in Animals,Integrated chapter reasoning,Higher-order multi-statement,Difficult,B,False,,True,PASS
NEET27-BIO-0947,XII,Botany,Unit 6: Reproduction,Sexual Reproduction in Flowering Plants,Sexual Reproduction in Flowering Plants,Pollination,Direct Concept,Easy,D,False,,True,PASS
NEET27-BIO-0948,XII,Botany,Unit 8: Biology and Human Welfare,Microbes in Human Welfare,Microbes in Human Welfare,Organic acids,Direct NCERT-based,Easy,B,False,,True,PASS
NEET27-BIO-0949,XII,Botany,Unit 7: Genetics and Evolution,Molecular Basis of Inheritance,Molecular Basis of Inheritance,DNA packaging,Direct Concept,Easy,A,False,,True,PASS
NEET27-BIO-0950,XI,Botany,Unit 3: Cell Structure and Function,Cell Cycle and Cell Division,Cell Cycle and Cell Division,Crossing over with Interphase,Applied statement comparison,Medium,A,False,,True,PASS
NEET27-BIO-0951,XII,Botany,Unit 10: Ecology and Environment,Ecosystem,Ecosystem,Integrated chapter reasoning,Multi-statement,Difficult,C,False,,True,PASS
NEET27-BIO-0952,XI,Zoology,Unit 1: Diversity in Living World,Animal Kingdom,Animal Kingdom,Reptilia and Aves and Mammalia,Statement I and Statement II,Medium,D,False,,True,PASS
NEET27-BIO-0953,XII,Zoology,Unit 6: Reproduction,Human Reproduction,Human Reproduction,Female reproductive system,Integrated Association Analysis,Medium,A,False,,True,PASS
NEET27-BIO-0954,XII,Botany,Unit 7: Genetics and Evolution,Principles of Inheritance and Variation,Principles of Inheritance and Variation,Chromosomal disorders,Reverse Association,Easy,D,False,,True,PASS
NEET27-BIO-0955,XI,Botany,Unit 3: Cell Structure and Function,Cell: The Unit of Life,Cell: The Unit of Life,Lysosomes and Vacuoles,Statement I and Statement II,Medium,B,False,,True,PASS
NEET27-BIO-0956,XII,Zoology,Unit 6: Reproduction,Human Reproduction,Human Reproduction,Gametogenesis,Direct Concept,Easy,C,False,,True,PASS
NEET27-BIO-0957,XI,Botany,Unit 1: Diversity in Living World,Biological Classification,Biological Classification,Red tides with Slime moulds,Applied statement comparison,Medium,D,False,,True,PASS
NEET27-BIO-0958,XII,Botany,Unit 7: Genetics and Evolution,Molecular Basis of Inheritance,Molecular Basis of Inheritance,DNA structure,Cross-Concept Elimination,Difficult,A,False,,True,PASS
NEET27-BIO-0959,XI,Zoology,Unit 2: Structural Organisation in Animals and Plants,Structural Organisation in Animals,Structural Organisation in Animals,Integrated chapter reasoning,Higher-order multi-statement,Difficult,D,False,,True,PASS
NEET27-BIO-0960,XII,Botany,Unit 7: Genetics and Evolution,Molecular Basis of Inheritance,Molecular Basis of Inheritance,Gene regulation and genomics,Cross-Concept Elimination,Difficult,B,False,,True,PASS
NEET27-BIO-0961,XI,Botany,Unit 3: Cell Structure and Function,Cell: The Unit of Life,Cell: The Unit of Life,Cytoskeleton and Cilia and flagella,Statement I and Statement II,Medium,C,False,,True,PASS
NEET27-BIO-0962,XII,Botany,Unit 10: Ecology and Environment,Organisms and Populations,Organisms and Populations,Mortality and Age distribution,Statement I and Statement II,Medium,D,False,,True,PASS
NEET27-BIO-0963,XI,Zoology,Unit 1: Diversity in Living World,Animal Kingdom,Animal Kingdom,Urochordata and Cephalochordata and Fishes,Statement I and Statement II,Medium,C,False,,True,PASS
NEET27-BIO-0964,XII,Botany,Unit 9: Biotechnology and Its Applications,Biotechnology: Principles and Processes,Biotechnology: Principles and Processes,Restriction and joining enzymes,Match the Pair,Medium,A,False,,True,PASS
NEET27-BIO-0965,XI,Zoology,Unit 5: Human Physiology,Body Fluids and Circulation,Body Fluids and Circulation,Blood cells,Cross-Concept Elimination,Difficult,C,False,,True,PASS
NEET27-BIO-0966,XII,Botany,Unit 6: Reproduction,Sexual Reproduction in Flowering Plants,Sexual Reproduction in Flowering Plants,Special reproductive phenomena,Applied Classification,Medium,B,False,,True,PASS
NEET27-BIO-0967,XI,Botany,Unit 4: Plant Physiology,Plant Growth and Development,Plant Growth and Development,Growth rates,Statement Completion,Easy,B,False,,True,PASS
NEET27-BIO-0968,XII,Botany,Unit 7: Genetics and Evolution,Molecular Basis of Inheritance,Molecular Basis of Inheritance,Transcription and RNA,Cross-Concept Elimination,Difficult,A,False,,True,PASS
NEET27-BIO-0969,XII,Zoology,Unit 8: Biology and Human Welfare,Human Health and Disease,Human Health and Disease,Viral and helminth diseases,Cross-Concept Elimination,Difficult,D,False,,True,PASS
NEET27-BIO-0970,XII,Botany,Unit 7: Genetics and Evolution,Molecular Basis of Inheritance,Molecular Basis of Inheritance,Transcription and RNA,Direct Concept,Easy,C,False,,True,PASS
NEET27-BIO-0971,XII,Botany,Unit 9: Biotechnology and Its Applications,Biotechnology: Principles and Processes,Biotechnology: Principles and Processes,PCR and analysis,Statement Completion,Easy,A,False,,True,PASS
NEET27-BIO-0972,XI,Zoology,Unit 5: Human Physiology,Excretory Products and Their Elimination,Excretory Products and Their Elimination,Medullary osmotic gradient,Numerical,Medium,B,False,,True,PASS
NEET27-BIO-0973,XI,Zoology,Unit 1: Diversity in Living World,Animal Kingdom,Animal Kingdom,Integrated chapter reasoning,Multi-statement,Difficult,A,False,,True,PASS
NEET27-BIO-0974,XI,Zoology,Unit 2: Structural Organisation in Animals and Plants,Structural Organisation in Animals,Structural Organisation in Animals,Cartilage and bone and Blood,Statement I and Statement II,Medium,C,False,,True,PASS
NEET27-BIO-0975,XII,Botany,Unit 10: Ecology and Environment,Organisms and Populations,Organisms and Populations,Integrated chapter reasoning,Higher-order multi-statement,Difficult,D,False,,True,PASS
NEET27-BIO-0976,XI,Botany,Unit 4: Plant Physiology,Photosynthesis in Higher Plants,Photosynthesis in Higher Plants,Photosystems,Direct NCERT-based,Easy,D,False,,True,PASS
NEET27-BIO-0977,XI,Botany,Unit 2: Structural Organisation in Animals and Plants,Anatomy of Flowering Plants,Anatomy of Flowering Plants,Integrated chapter reasoning,Higher-order multi-statement,Difficult,C,False,,True,PASS
NEET27-BIO-0978,XII,Botany,Unit 7: Genetics and Evolution,Evolution,Evolution,Population genetics,Cross-Concept Elimination,Difficult,B,False,,True,PASS
NEET27-BIO-0979,XI,Botany,Unit 4: Plant Physiology,Plant Growth and Development,Plant Growth and Development,Integrated chapter reasoning,Multi-statement,Difficult,C,False,,True,PASS
NEET27-BIO-0980,XI,Botany,Unit 4: Plant Physiology,Photosynthesis in Higher Plants,Photosynthesis in Higher Plants,Chemiosmosis,Direct NCERT-based,Easy,C,False,,True,PASS
NEET27-BIO-0981,XII,Botany,Unit 10: Ecology and Environment,Biodiversity and Conservation,Biodiversity and Conservation,Integrated chapter reasoning,Higher-order multi-statement,Difficult,D,False,,True,PASS
NEET27-BIO-0982,XII,Botany,Unit 7: Genetics and Evolution,Principles of Inheritance and Variation,Principles of Inheritance and Variation,Chromosomal disorders,Cross-Concept Elimination,Difficult,B,False,,True,PASS
NEET27-BIO-0983,XI,Botany,Unit 4: Plant Physiology,Photosynthesis in Higher Plants,Photosynthesis in Higher Plants,Integrated chapter reasoning,Higher-order multi-statement,Difficult,A,False,,True,PASS
NEET27-BIO-0984,XII,Botany,Unit 9: Biotechnology and Its Applications,Biotechnology: Principles and Processes,Biotechnology: Principles and Processes,Cloning vectors,Cross-Concept Elimination,Difficult,B,False,,True,PASS
NEET27-BIO-0985,XII,Botany,Unit 7: Genetics and Evolution,Molecular Basis of Inheritance,Molecular Basis of Inheritance,Gene regulation and genomics,Applied Classification,Medium,D,False,,True,PASS
NEET27-BIO-0986,XI,Botany,Unit 1: Diversity in Living World,Plant Kingdom,Plant Kingdom,Gymnosperm nutritive tissue,Direct NCERT-based,Easy,A,False,,True,PASS
NEET27-BIO-0987,XII,Botany,Unit 7: Genetics and Evolution,Evolution,Evolution,Origin of life,Multi-statement analysis,Difficult,D,False,,True,PASS
NEET27-BIO-0988,XII,Botany,Unit 10: Ecology and Environment,Organisms and Populations,Organisms and Populations,Integrated chapter reasoning,Multi-statement,Difficult,A,False,,True,PASS
NEET27-BIO-0989,XII,Botany,Unit 7: Genetics and Evolution,Molecular Basis of Inheritance,Molecular Basis of Inheritance,Gene regulation and genomics,Direct Concept,Easy,D,False,,True,PASS
NEET27-BIO-0990,XII,Botany,Unit 10: Ecology and Environment,Biodiversity and Conservation,Biodiversity and Conservation,Levels of biodiversity and Latitudinal gradient,Statement I and Statement II,Medium,A,False,,True,PASS
NEET27-BIO-0991,XI,Botany,Unit 3: Cell Structure and Function,Cell Cycle and Cell Division,Cell Cycle and Cell Division,Integrated chapter reasoning,Multi-statement,Difficult,C,False,,True,PASS
NEET27-BIO-0992,XI,Botany,Unit 3: Cell Structure and Function,Biomolecules,Biomolecules,Disaccharides,Comparison Based,Easy,B,False,,True,PASS
NEET27-BIO-0993,XII,Botany,Unit 7: Genetics and Evolution,Molecular Basis of Inheritance,Molecular Basis of Inheritance,DNA replication,Reverse Association,Easy,C,False,,True,PASS
NEET27-BIO-0994,XI,Botany,Unit 2: Structural Organisation in Animals and Plants,Morphology of Flowering Plants,Morphology of Flowering Plants,Malvaceae and Fabaceae,Statement I and Statement II,Medium,A,False,,True,PASS
NEET27-BIO-0995,XII,Botany,Unit 7: Genetics and Evolution,Principles of Inheritance and Variation,Principles of Inheritance and Variation,Monohybrid cross: Tt x Tt,Diagram Interpretation,Easy,D,True,figures/NEET27-BIO-XII-CH04-FIG01.png,True,PASS
NEET27-BIO-0996,XI,Botany,Unit 2: Structural Organisation in Animals and Plants,Morphology of Flowering Plants,Morphology of Flowering Plants,Integrated chapter reasoning,Higher-order multi-statement,Difficult,C,False,,True,PASS
NEET27-BIO-0997,XII,Botany,Unit 6: Reproduction,Sexual Reproduction in Flowering Plants,Sexual Reproduction in Flowering Plants,Special reproductive phenomena,Statement Completion,Easy,B,False,,True,PASS
NEET27-BIO-0998,XII,Botany,Unit 10: Ecology and Environment,Biodiversity and Conservation,Biodiversity and Conservation,Extinction risk,Direct NCERT-based,Easy,A,False,,True,PASS
NEET27-BIO-0999,XI,Botany,Unit 4: Plant Physiology,Respiration in Plants,Respiration in Plants,Pay-off phase accounting,Multi-Step Numerical,Difficult,D,False,,True,PASS
NEET27-BIO-1000,XI,Botany,Unit 2: Structural Organisation in Animals and Plants,Morphology of Flowering Plants,Morphology of Flowering Plants,Integrated chapter reasoning,Multi-statement,Difficult,A,False,,True,PASS
NEET27-BIO-1001,XII,Botany,Unit 8: Biology and Human Welfare,Microbes in Human Welfare,Microbes in Human Welfare,Bioactive molecules and Statins,Statement I and Statement II,Medium,D,False,,True,PASS
NEET27-BIO-1002,XI,Botany,Unit 1: Diversity in Living World,The Living World,The Living World,Integrated chapter reasoning,Higher-order multi-statement,Difficult,B,False,,True,PASS
NEET27-BIO-1003,XII,Botany,Unit 7: Genetics and Evolution,Principles of Inheritance and Variation,Principles of Inheritance and Variation,Sex-linked inheritance,Evidence Integration,Difficult,D,False,,True,PASS
NEET27-BIO-1004,XII,Zoology,Unit 8: Biology and Human Welfare,Human Health and Disease,Human Health and Disease,Bacterial and protozoan diseases,Integrated Association Analysis,Medium,B,False,,True,PASS
NEET27-BIO-1005,XII,Botany,Unit 7: Genetics and Evolution,Principles of Inheritance and Variation,Principles of Inheritance and Variation,Mendelian inheritance,Multi-Statement Reasoning,Difficult,A,False,,True,PASS
NEET27-BIO-1006,XII,Botany,Unit 7: Genetics and Evolution,Molecular Basis of Inheritance,Molecular Basis of Inheritance,DNA replication,Direct Concept,Easy,A,False,,True,PASS
NEET27-BIO-1007,XI,Botany,Unit 4: Plant Physiology,Plant Growth and Development,Plant Growth and Development,Plant hormones II,Evidence Integration,Difficult,B,False,,True,PASS
NEET27-BIO-1008,XII,Zoology,Unit 8: Biology and Human Welfare,Human Health and Disease,Human Health and Disease,Immunity,Evidence Integration,Difficult,C,False,,True,PASS
NEET27-BIO-1009,XI,Botany,Unit 1: Diversity in Living World,Plant Kingdom,Plant Kingdom,Integrated chapter reasoning,Multi-statement,Difficult,B,False,,True,PASS
NEET27-BIO-1010,XI,Botany,Unit 3: Cell Structure and Function,Biomolecules,Biomolecules,Macromolecules and micromolecules,Comparison Based,Easy,B,False,,True,PASS
NEET27-BIO-1011,XI,Botany,Unit 4: Plant Physiology,Respiration in Plants,Respiration in Plants,Site of the Krebs cycle,Direct Concept,Easy,D,False,,True,PASS
NEET27-BIO-1012,XII,Zoology,Unit 6: Reproduction,Reproductive Health,Reproductive Health,Birth control and reproductive health,Multi-Statement Reasoning,Difficult,A,False,,True,PASS
NEET27-BIO-1013,XI,Botany,Unit 4: Plant Physiology,Respiration in Plants,Respiration in Plants,ATP investment,Numerical,Medium,C,False,,True,PASS
NEET27-BIO-1014,XII,Botany,Unit 10: Ecology and Environment,Biodiversity and Conservation,Biodiversity and Conservation,Alien species and Co-extinction,Statement I and Statement II,Medium,C,False,,True,PASS
NEET27-BIO-1015,XI,Zoology,Unit 5: Human Physiology,Breathing and Exchange of Gases,Breathing and Exchange of Gases,Gas transport,Direct Concept,Easy,D,False,,True,PASS
NEET27-BIO-1016,XI,Botany,Unit 2: Structural Organisation in Animals and Plants,Morphology of Flowering Plants,Morphology of Flowering Plants,Integrated chapter reasoning,Higher-order multi-statement,Difficult,D,False,,True,PASS
NEET27-BIO-1017,XII,Botany,Unit 6: Reproduction,Sexual Reproduction in Flowering Plants,Sexual Reproduction in Flowering Plants,Microsporogenesis and pollen,Direct Concept,Easy,C,False,,True,PASS
NEET27-BIO-1018,XII,Botany,Unit 7: Genetics and Evolution,Evolution,Evolution,Origin of life,Multi-Statement Reasoning,Difficult,C,False,,True,PASS
NEET27-BIO-1019,XII,Botany,Unit 7: Genetics and Evolution,Principles of Inheritance and Variation,Principles of Inheritance and Variation,Genetic terminology,Statement Completion,Easy,B,False,,True,PASS
NEET27-BIO-1020,XII,Botany,Unit 7: Genetics and Evolution,Evolution,Evolution,Population genetics,Cross-Concept Elimination,Difficult,C,False,,True,PASS
NEET27-BIO-1021,XII,Botany,Unit 9: Biotechnology and Its Applications,Biotechnology: Principles and Processes,Biotechnology: Principles and Processes,Core principles,Applied Classification,Medium,D,False,,True,PASS
NEET27-BIO-1022,XII,Botany,Unit 7: Genetics and Evolution,Principles of Inheritance and Variation,Principles of Inheritance and Variation,Chromosomal disorders,Statement Completion,Easy,A,False,,True,PASS
NEET27-BIO-1023,XII,Zoology,Unit 8: Biology and Human Welfare,Human Health and Disease,Human Health and Disease,Primary and secondary antibody responses,Graph Analysis,Easy,C,True,figures/NEET27-BIO-XII-CH07-FIG01.png,True,PASS
NEET27-BIO-1024,XI,Botany,Unit 1: Diversity in Living World,Plant Kingdom,Plant Kingdom,Integrated chapter reasoning,Multi-statement,Difficult,B,False,,True,PASS
NEET27-BIO-1025,XII,Botany,Unit 10: Ecology and Environment,Biodiversity and Conservation,Biodiversity and Conservation,Integrated chapter reasoning,Higher-order multi-statement,Difficult,D,False,,True,PASS
NEET27-BIO-1026,XI,Botany,Unit 1: Diversity in Living World,Plant Kingdom,Plant Kingdom,Gymnosperm ovules with Gymnosperm nutritive tissue,Applied statement comparison,Medium,A,False,,True,PASS
NEET27-BIO-1027,XI,Zoology,Unit 1: Diversity in Living World,Animal Kingdom,Animal Kingdom,Hemichordata,Direct NCERT-based,Easy,D,False,,True,PASS
NEET27-BIO-1028,XII,Botany,Unit 10: Ecology and Environment,Organisms and Populations,Organisms and Populations,Positive interactions,Cross-Concept Elimination,Difficult,A,False,,True,PASS
NEET27-BIO-1029,XII,Botany,Unit 6: Reproduction,Sexual Reproduction in Flowering Plants,Sexual Reproduction in Flowering Plants,Ovule and embryo sac,Cross-Concept Elimination,Difficult,B,False,,True,PASS
NEET27-BIO-1030,XI,Botany,Unit 4: Plant Physiology,Plant Growth and Development,Plant Growth and Development,Cytokinins and Ethylene and ABA,Statement I and Statement II,Medium,B,False,,True,PASS
NEET27-BIO-1031,XII,Zoology,Unit 6: Reproduction,Human Reproduction,Human Reproduction,Gametogenesis,Applied Classification,Medium,C,False,,True,PASS
NEET27-BIO-1032,XI,Botany,Unit 2: Structural Organisation in Animals and Plants,Morphology of Flowering Plants,Morphology of Flowering Plants,Leaf parts with Phyllotaxy,Applied statement comparison,Medium,B,False,,True,PASS
NEET27-BIO-1033,XI,Botany,Unit 1: Diversity in Living World,Plant Kingdom,Plant Kingdom,Integrated chapter reasoning,Multi-statement,Difficult,A,False,,True,PASS
NEET27-BIO-1034,XI,Botany,Unit 1: Diversity in Living World,The Living World,The Living World,Integrated chapter reasoning,Multi-statement,Difficult,C,False,,True,PASS
NEET27-BIO-1035,XI,Botany,Unit 4: Plant Physiology,Photosynthesis in Higher Plants,Photosynthesis in Higher Plants,Integrated chapter reasoning,Higher-order multi-statement,Difficult,D,False,,True,PASS
NEET27-BIO-1036,XI,Botany,Unit 3: Cell Structure and Function,Cell Cycle and Cell Division,Cell Cycle and Cell Division,Cytokinesis and Meiosis I,Statement I and Statement II,Medium,A,False,,True,PASS
NEET27-BIO-1037,XII,Botany,Unit 10: Ecology and Environment,Biodiversity and Conservation,Biodiversity and Conservation,Conservation,Applied Classification,Medium,D,False,,True,PASS
NEET27-BIO-1038,XII,Botany,Unit 7: Genetics and Evolution,Molecular Basis of Inheritance,Molecular Basis of Inheritance,Transcription and RNA,Cross-Concept Elimination,Difficult,B,False,,True,PASS
NEET27-BIO-1039,XI,Botany,Unit 1: Diversity in Living World,Biological Classification,Biological Classification,Integrated chapter reasoning,Higher-order multi-statement,Difficult,C,False,,True,PASS
NEET27-BIO-1040,XII,Botany,Unit 9: Biotechnology and Its Applications,Biotechnology and Its Applications,Biotechnology and Its Applications,Agricultural applications,Evidence Integration,Difficult,A,False,,True,PASS
NEET27-BIO-1041,XII,Botany,Unit 9: Biotechnology and Its Applications,Biotechnology: Principles and Processes,Biotechnology: Principles and Processes,Restriction and joining enzymes,Direct Concept,Easy,C,False,,True,PASS
NEET27-BIO-1042,XI,Botany,Unit 2: Structural Organisation in Animals and Plants,Morphology of Flowering Plants,Morphology of Flowering Plants,Prop roots and Pneumatophores,Statement I and Statement II,Medium,C,False,,True,PASS
NEET27-BIO-1043,XII,Botany,Unit 9: Biotechnology and Its Applications,Biotechnology: Principles and Processes,Biotechnology: Principles and Processes,Cloning vectors,Case Analysis,Difficult,D,False,,True,PASS
NEET27-BIO-1044,XI,Zoology,Unit 1: Diversity in Living World,Animal Kingdom,Animal Kingdom,Integrated chapter reasoning,Multi-statement,Difficult,A,False,,True,PASS
NEET27-BIO-1045,XII,Botany,Unit 9: Biotechnology and Its Applications,Biotechnology and Its Applications,Biotechnology and Its Applications,Medical applications,Applied Classification,Medium,D,False,,True,PASS
NEET27-BIO-1046,XII,Botany,Unit 10: Ecology and Environment,Organisms and Populations,Organisms and Populations,Predation with Population change,Applied statement comparison,Medium,B,False,,True,PASS
NEET27-BIO-1047,XII,Botany,Unit 10: Ecology and Environment,Biodiversity and Conservation,Biodiversity and Conservation,Species-area relationship,Graph Analysis,Easy,B,True,figures/NEET27-BIO-XII-CH13-FIG01.png,True,PASS
NEET27-BIO-1048,XI,Zoology,Unit 2: Structural Organisation in Animals and Plants,Structural Organisation in Animals,Structural Organisation in Animals,Male frog reproduction,Direct NCERT-based,Easy,A,False,,True,PASS
NEET27-BIO-1049,XII,Botany,Unit 10: Ecology and Environment,Organisms and Populations,Organisms and Populations,Competition,Direct NCERT-based,Easy,D,False,,True,PASS
NEET27-BIO-1050,XI,Botany,Unit 1: Diversity in Living World,The Living World,The Living World,Integrated chapter reasoning,Higher-order multi-statement,Difficult,C,False,,True,PASS
NEET27-BIO-1051,XI,Botany,Unit 2: Structural Organisation in Animals and Plants,Anatomy of Flowering Plants,Anatomy of Flowering Plants,Phloem,Direct NCERT-based,Easy,C,False,,True,PASS
NEET27-BIO-1052,XI,Botany,Unit 1: Diversity in Living World,Biological Classification,Biological Classification,Kingdom Monera with Methanogens,Applied statement comparison,Medium,A,False,,True,PASS
NEET27-BIO-1053,XI,Botany,Unit 1: Diversity in Living World,Plant Kingdom,Plant Kingdom,Gymnosperm heterospory,Direct NCERT-based,Easy,A,False,,True,PASS
NEET27-BIO-1054,XI,Botany,Unit 4: Plant Physiology,Respiration in Plants,Respiration in Plants,Fate of pyruvic acid,Direct Concept,Easy,B,False,,True,PASS
NEET27-BIO-1055,XI,Zoology,Unit 5: Human Physiology,Breathing and Exchange of Gases,Breathing and Exchange of Gases,Mechanics of breathing,Integrated Association Analysis,Medium,B,False,,True,PASS
NEET27-BIO-1056,XI,Botany,Unit 1: Diversity in Living World,Plant Kingdom,Plant Kingdom,Moss stages and Pteridophyte vascular tissue,Statement I and Statement II,Medium,A,False,,True,PASS
NEET27-BIO-1057,XII,Botany,Unit 8: Biology and Human Welfare,Microbes in Human Welfare,Microbes in Human Welfare,Curd formation and Fermented dough,Statement I and Statement II,Medium,C,False,,True,PASS
NEET27-BIO-1058,XII,Botany,Unit 7: Genetics and Evolution,Principles of Inheritance and Variation,Principles of Inheritance and Variation,Mendelian inheritance,Cross-Concept Elimination,Difficult,B,False,,True,PASS
NEET27-BIO-1059,XI,Botany,Unit 2: Structural Organisation in Animals and Plants,Morphology of Flowering Plants,Morphology of Flowering Plants,Integrated chapter reasoning,Higher-order multi-statement,Difficult,D,False,,True,PASS
NEET27-BIO-1060,XI,Zoology,Unit 1: Diversity in Living World,Animal Kingdom,Animal Kingdom,Levels of organisation,Direct NCERT-based,Easy,C,False,,True,PASS
NEET27-BIO-1061,XI,Botany,Unit 2: Structural Organisation in Animals and Plants,Anatomy of Flowering Plants,Anatomy of Flowering Plants,Sclerenchyma and Xylem,Statement I and Statement II,Medium,D,False,,True,PASS
NEET27-BIO-1062,XII,Botany,Unit 10: Ecology and Environment,Ecosystem,Ecosystem,Ten-percent law with Pyramids of biomass,Applied statement comparison,Medium,D,False,,True,PASS
NEET27-BIO-1063,XII,Zoology,Unit 6: Reproduction,Human Reproduction,Human Reproduction,Early development,Applied Classification,Medium,A,False,,True,PASS
NEET27-BIO-1064,XI,Botany,Unit 4: Plant Physiology,Respiration in Plants,Respiration in Plants,Formula for respiratory quotient,Formula Based,Easy,A,False,,True,PASS
NEET27-BIO-1065,XII,Botany,Unit 8: Biology and Human Welfare,Microbes in Human Welfare,Microbes in Human Welfare,Integrated chapter reasoning,Multi-statement,Difficult,D,False,,True,PASS
NEET27-BIO-1066,XI,Botany,Unit 4: Plant Physiology,Respiration in Plants,Respiration in Plants,ATP from reduced coenzymes,Numerical,Medium,C,False,,True,PASS
NEET27-BIO-1067,XI,Zoology,Unit 5: Human Physiology,Excretory Products and Their Elimination,Excretory Products and Their Elimination,Urea recycling,Conceptual Trap,Difficult,A,False,,True,PASS
NEET27-BIO-1068,XII,Botany,Unit 7: Genetics and Evolution,Evolution,Evolution,Evidence of evolution,Applied Classification,Medium,B,False,,True,PASS
NEET27-BIO-1069,XI,Botany,Unit 4: Plant Physiology,Respiration in Plants,Respiration in Plants,RQ from measured gas volumes,Multi-Step Numerical,Difficult,B,False,,True,PASS
NEET27-BIO-1070,XI,Zoology,Unit 2: Structural Organisation in Animals and Plants,Structural Organisation in Animals,Structural Organisation in Animals,Integrated chapter reasoning,Multi-statement,Difficult,C,False,,True,PASS
NEET27-BIO-1071,XII,Botany,Unit 7: Genetics and Evolution,Principles of Inheritance and Variation,Principles of Inheritance and Variation,Non-Mendelian patterns,Statement Completion,Easy,D,False,,True,PASS
NEET27-BIO-1072,XI,Zoology,Unit 2: Structural Organisation in Animals and Plants,Structural Organisation in Animals,Structural Organisation in Animals,Epithelial tissue and Connective tissue,Statement I and Statement II,Medium,B,False,,True,PASS
NEET27-BIO-1073,XI,Zoology,Unit 5: Human Physiology,Body Fluids and Circulation,Body Fluids and Circulation,Heart anatomy,Evidence Integration,Difficult,B,False,,True,PASS
NEET27-BIO-1074,XI,Zoology,Unit 5: Human Physiology,Chemical Coordination and Integration,Chemical Coordination and Integration,Pituitary and thyroid,Statement Completion,Easy,D,False,,True,PASS
NEET27-BIO-1075,XII,Botany,Unit 9: Biotechnology and Its Applications,Biotechnology: Principles and Processes,Biotechnology: Principles and Processes,Cloning vectors,Applied Classification,Medium,A,False,,True,PASS
NEET27-BIO-1076,XI,Botany,Unit 4: Plant Physiology,Respiration in Plants,Respiration in Plants,Nature of the connecting link reaction,Direct Concept,Easy,B,False,,True,PASS
NEET27-BIO-1077,XI,Botany,Unit 1: Diversity in Living World,Biological Classification,Biological Classification,Integrated chapter reasoning,Multi-statement,Difficult,C,False,,True,PASS
NEET27-BIO-1078,XII,Botany,Unit 10: Ecology and Environment,Ecosystem,Ecosystem,Productivity and decomposition,Statement Completion,Easy,C,False,,True,PASS
NEET27-BIO-1079,XII,Botany,Unit 10: Ecology and Environment,Organisms and Populations,Organisms and Populations,Stable population and Declining population,Statement I and Statement II,Medium,D,False,,True,PASS
NEET27-BIO-1080,XII,Botany,Unit 6: Reproduction,Sexual Reproduction in Flowering Plants,Sexual Reproduction in Flowering Plants,Microsporogenesis and pollen,Reverse Association,Easy,A,False,,True,PASS
NEET27-BIO-1081,XI,Botany,Unit 3: Cell Structure and Function,Biomolecules,Biomolecules,Chitin,Application Based,Easy,B,False,,True,PASS
NEET27-BIO-1082,XI,Botany,Unit 4: Plant Physiology,Respiration in Plants,Respiration in Plants,ATP yield of fermentation,Numerical,Medium,C,False,,True,PASS
NEET27-BIO-1083,XI,Botany,Unit 1: Diversity in Living World,Biological Classification,Biological Classification,Heterocysts with Kingdom Protista,Applied statement comparison,Medium,D,False,,True,PASS
NEET27-BIO-1084,XI,Botany,Unit 3: Cell Structure and Function,Cell: The Unit of Life,Cell: The Unit of Life,Chloroplast,Direct NCERT-based,Easy,C,False,,True,PASS
NEET27-BIO-1085,XII,Zoology,Unit 8: Biology and Human Welfare,Human Health and Disease,Human Health and Disease,Cancer and immunity disorders,Direct Concept,Easy,B,False,,True,PASS
NEET27-BIO-1086,XI,Botany,Unit 2: Structural Organisation in Animals and Plants,Morphology of Flowering Plants,Morphology of Flowering Plants,Integrated chapter reasoning,Multi-statement,Difficult,D,False,,True,PASS
NEET27-BIO-1087,XI,Botany,Unit 3: Cell Structure and Function,Biomolecules,Biomolecules,Protein structure,Comparison Based,Easy,D,False,,True,PASS
NEET27-BIO-1088,XII,Zoology,Unit 6: Reproduction,Reproductive Health,Reproductive Health,Birth control and reproductive health,Statement Completion,Easy,A,False,,True,PASS
NEET27-BIO-1089,XII,Botany,Unit 9: Biotechnology and Its Applications,Biotechnology: Principles and Processes,Biotechnology: Principles and Processes,PCR and analysis,Integrated Association Analysis,Medium,B,False,,True,PASS
NEET27-BIO-1090,XI,Botany,Unit 4: Plant Physiology,Plant Growth and Development,Plant Growth and Development,Ethylene and ABA,Direct NCERT-based,Easy,D,False,,True,PASS
NEET27-BIO-1091,XI,Botany,Unit 4: Plant Physiology,Plant Growth and Development,Plant Growth and Development,Sigmoid growth curve,Graph Analysis,Easy,B,True,figures/NEET27-BIO-XI-CH13-FIG01.png,True,PASS
NEET27-BIO-1092,XII,Botany,Unit 6: Reproduction,Sexual Reproduction in Flowering Plants,Sexual Reproduction in Flowering Plants,Ovule and embryo sac,Integrated Association Analysis,Medium,A,False,,True,PASS
NEET27-BIO-1093,XII,Botany,Unit 7: Genetics and Evolution,Principles of Inheritance and Variation,Principles of Inheritance and Variation,Sex determination,Reverse Association,Easy,A,False,,True,PASS
NEET27-BIO-1094,XI,Botany,Unit 2: Structural Organisation in Animals and Plants,Morphology of Flowering Plants,Morphology of Flowering Plants,Integrated chapter reasoning,Higher-order multi-statement,Difficult,C,False,,True,PASS
NEET27-BIO-1095,XI,Botany,Unit 3: Cell Structure and Function,Cell Cycle and Cell Division,Cell Cycle and Cell Division,S phase and G0 phase,Statement I and Statement II,Medium,C,False,,True,PASS
NEET27-BIO-1096,XII,Botany,Unit 10: Ecology and Environment,Organisms and Populations,Organisms and Populations,Integrated chapter reasoning,Multi-statement,Difficult,A,False,,True,PASS
NEET27-BIO-1097,XI,Botany,Unit 2: Structural Organisation in Animals and Plants,Morphology of Flowering Plants,Morphology of Flowering Plants,Placentation with Malvaceae,Applied statement comparison,Medium,C,False,,True,PASS
NEET27-BIO-1098,XI,Botany,Unit 3: Cell Structure and Function,Cell: The Unit of Life,Cell: The Unit of Life,Integrated chapter reasoning,Multi-statement,Difficult,D,False,,True,PASS
NEET27-BIO-1099,XI,Botany,Unit 1: Diversity in Living World,Plant Kingdom,Plant Kingdom,Integrated chapter reasoning,Multi-statement,Difficult,A,False,,True,PASS
NEET27-BIO-1100,XII,Botany,Unit 10: Ecology and Environment,Biodiversity and Conservation,Biodiversity and Conservation,Alien species,Direct NCERT-based,Easy,C,False,,True,PASS
NEET27-BIO-1101,XI,Zoology,Unit 5: Human Physiology,Locomotion and Movement,Locomotion and Movement,Skeletal divisions with Myasthenia gravis,Applied statement comparison,Medium,A,False,,True,PASS
NEET27-BIO-1102,XI,Botany,Unit 1: Diversity in Living World,Plant Kingdom,Plant Kingdom,Bryophyte life cycle,Direct NCERT-based,Easy,D,False,,True,PASS
NEET27-BIO-1103,XI,Zoology,Unit 1: Diversity in Living World,Animal Kingdom,Animal Kingdom,Aschelminthes,Direct NCERT-based,Easy,C,False,,True,PASS
NEET27-BIO-1104,XII,Botany,Unit 7: Genetics and Evolution,Molecular Basis of Inheritance,Molecular Basis of Inheritance,DNA packaging,Cross-Concept Elimination,Difficult,B,False,,True,PASS
NEET27-BIO-1105,XII,Botany,Unit 10: Ecology and Environment,Ecosystem,Ecosystem,Ecosystem organization,Applied Classification,Medium,D,False,,True,PASS
NEET27-BIO-1106,XI,Botany,Unit 2: Structural Organisation in Animals and Plants,Anatomy of Flowering Plants,Anatomy of Flowering Plants,Integrated chapter reasoning,Higher-order multi-statement,Difficult,C,False,,True,PASS
NEET27-BIO-1107,XI,Botany,Unit 4: Plant Physiology,Respiration in Plants,Respiration in Plants,NADH+H+ of glycolysis,Multi-Step Numerical,Difficult,D,False,,True,PASS
NEET27-BIO-1108,XII,Botany,Unit 7: Genetics and Evolution,Principles of Inheritance and Variation,Principles of Inheritance and Variation,Non-Mendelian patterns,Direct Concept,Easy,B,False,,True,PASS
NEET27-BIO-1109,XI,Zoology,Unit 1: Diversity in Living World,Animal Kingdom,Animal Kingdom,Mammalia,Direct NCERT-based,Easy,A,False,,True,PASS
NEET27-BIO-1110,XII,Zoology,Unit 6: Reproduction,Human Reproduction,Human Reproduction,Early human development,Diagram Interpretation,Easy,A,True,figures/NEET27-BIO-XII-CH02-FIG02.png,True,PASS
NEET27-BIO-1111,XII,Botany,Unit 10: Ecology and Environment,Biodiversity and Conservation,Biodiversity and Conservation,Integrated chapter reasoning,Higher-order multi-statement,Difficult,B,False,,True,PASS
NEET27-BIO-1112,XII,Botany,Unit 7: Genetics and Evolution,Molecular Basis of Inheritance,Molecular Basis of Inheritance,Evidence for genetic material,Direct Concept,Easy,D,False,,True,PASS
NEET27-BIO-1113,XI,Botany,Unit 1: Diversity in Living World,Biological Classification,Biological Classification,Slime moulds,Direct NCERT-based,Easy,B,False,,True,PASS
NEET27-BIO-1114,XII,Botany,Unit 10: Ecology and Environment,Organisms and Populations,Organisms and Populations,Logistic growth and Carrying capacity,Statement I and Statement II,Medium,B,False,,True,PASS
NEET27-BIO-1115,XII,Botany,Unit 7: Genetics and Evolution,Molecular Basis of Inheritance,Molecular Basis of Inheritance,Gene regulation and genomics,Applied Classification,Medium,A,False,,True,PASS
NEET27-BIO-1116,XII,Botany,Unit 7: Genetics and Evolution,Principles of Inheritance and Variation,Principles of Inheritance and Variation,Crosses,Reverse Association,Easy,C,False,,True,PASS
NEET27-BIO-1117,XI,Zoology,Unit 2: Structural Organisation in Animals and Plants,Structural Organisation in Animals,Structural Organisation in Animals,Frog circulation,Direct NCERT-based,Easy,D,False,,True,PASS
NEET27-BIO-1118,XI,Botany,Unit 1: Diversity in Living World,Biological Classification,Biological Classification,Methanogens with Heterocysts,Applied statement comparison,Medium,B,False,,True,PASS
NEET27-BIO-1119,XII,Botany,Unit 7: Genetics and Evolution,Principles of Inheritance and Variation,Principles of Inheritance and Variation,Sex determination,Integrated Association Analysis,Medium,D,False,,True,PASS
NEET27-BIO-1120,XI,Zoology,Unit 5: Human Physiology,Breathing and Exchange of Gases,Breathing and Exchange of Gases,Respiratory organs,Statement Completion,Easy,C,False,,True,PASS
NEET27-BIO-1121,XII,Botany,Unit 10: Ecology and Environment,Ecosystem,Ecosystem,Food chains and energy,Direct Concept,Easy,A,False,,True,PASS
NEET27-BIO-1122,XII,Botany,Unit 6: Reproduction,Sexual Reproduction in Flowering Plants,Sexual Reproduction in Flowering Plants,Fertilization,Applied Classification,Medium,C,False,,True,PASS
NEET27-BIO-1123,XI,Botany,Unit 2: Structural Organisation in Animals and Plants,Morphology of Flowering Plants,Morphology of Flowering Plants,Floral symmetry and Ovary position,Statement I and Statement II,Medium,B,False,,True,PASS
NEET27-BIO-1124,XI,Zoology,Unit 1: Diversity in Living World,Animal Kingdom,Animal Kingdom,Echinodermata,Direct NCERT-based,Easy,B,False,,True,PASS
NEET27-BIO-1125,XI,Botany,Unit 1: Diversity in Living World,Plant Kingdom,Plant Kingdom,Integrated chapter reasoning,Higher-order multi-statement,Difficult,A,False,,True,PASS
NEET27-BIO-1126,XI,Botany,Unit 1: Diversity in Living World,Plant Kingdom,Plant Kingdom,Integrated chapter reasoning,Higher-order multi-statement,Difficult,A,False,,True,PASS
NEET27-BIO-1127,XII,Botany,Unit 7: Genetics and Evolution,Molecular Basis of Inheritance,Molecular Basis of Inheritance,Genetic code and translation,Reverse Association,Easy,B,False,,True,PASS
NEET27-BIO-1128,XI,Botany,Unit 4: Plant Physiology,Plant Growth and Development,Plant Growth and Development,Development with Gibberellins,Applied statement comparison,Medium,C,False,,True,PASS
NEET27-BIO-1129,XI,Botany,Unit 3: Cell Structure and Function,Biomolecules,Biomolecules,Michaelis-Menten constant,Application Based,Medium,D,False,,True,PASS
NEET27-BIO-1130,XI,Zoology,Unit 1: Diversity in Living World,Animal Kingdom,Animal Kingdom,Arthropoda and Mollusca,Statement I and Statement II,Medium,A,False,,True,PASS
NEET27-BIO-1131,XI,Botany,Unit 3: Cell Structure and Function,Cell: The Unit of Life,Cell: The Unit of Life,Integrated chapter reasoning,Higher-order multi-statement,Difficult,C,False,,True,PASS
NEET27-BIO-1132,XI,Zoology,Unit 5: Human Physiology,Neural Control and Coordination,Neural Control and Coordination,Impulse and synapse,Multi-statement analysis,Difficult,B,False,,True,PASS
NEET27-BIO-1133,XI,Botany,Unit 1: Diversity in Living World,Biological Classification,Biological Classification,Integrated chapter reasoning,Multi-statement,Difficult,D,False,,True,PASS
NEET27-BIO-1134,XII,Botany,Unit 10: Ecology and Environment,Organisms and Populations,Organisms and Populations,Population growth,Direct Concept,Easy,A,False,,True,PASS
NEET27-BIO-1135,XII,Botany,Unit 10: Ecology and Environment,Biodiversity and Conservation,Biodiversity and Conservation,Protected areas with Extinction risk,Applied statement comparison,Medium,A,False,,True,PASS
NEET27-BIO-1136,XI,Zoology,Unit 5: Human Physiology,Excretory Products and Their Elimination,Excretory Products and Their Elimination,Bowman's capsule and podocytes,Verbal Diagram Reasoning,Medium,C,True,figures/NEET27-BIO-XI-CH16-0053.png,True,PASS
NEET27-BIO-1137,XII,Botany,Unit 10: Ecology and Environment,Ecosystem,Ecosystem,Decomposition steps,Multi-Statement Reasoning,Difficult,A,False,,True,PASS
NEET27-BIO-1138,XI,Botany,Unit 3: Cell Structure and Function,Biomolecules,Biomolecules,Mechanism of enzyme action,Conceptual Trap,Difficult,C,False,,True,PASS
NEET27-BIO-1139,XII,Zoology,Unit 6: Reproduction,Reproductive Health,Reproductive Health,Assisted reproduction and infection,Match the Pair,Medium,B,False,,True,PASS
NEET27-BIO-1140,XI,Zoology,Unit 5: Human Physiology,Locomotion and Movement,Locomotion and Movement,Integrated chapter reasoning,Multi-statement,Difficult,B,False,,True,PASS
NEET27-BIO-1141,XII,Botany,Unit 10: Ecology and Environment,Biodiversity and Conservation,Biodiversity and Conservation,Log species-area form and Importance of biodiversity,Statement I and Statement II,Medium,D,False,,True,PASS
NEET27-BIO-1142,XI,Botany,Unit 4: Plant Physiology,Photosynthesis in Higher Plants,Photosynthesis in Higher Plants,Integrated chapter reasoning,Multi-statement,Difficult,D,False,,True,PASS
NEET27-BIO-1143,XI,Zoology,Unit 1: Diversity in Living World,Animal Kingdom,Animal Kingdom,Integrated chapter reasoning,Higher-order multi-statement,Difficult,B,False,,True,PASS
NEET27-BIO-1144,XII,Botany,Unit 10: Ecology and Environment,Organisms and Populations,Organisms and Populations,Integrated chapter reasoning,Multi-statement,Difficult,A,False,,True,PASS
NEET27-BIO-1145,XII,Botany,Unit 10: Ecology and Environment,Organisms and Populations,Organisms and Populations,Population change with Natality,Applied statement comparison,Medium,B,False,,True,PASS
NEET27-BIO-1146,XII,Botany,Unit 9: Biotechnology and Its Applications,Biotechnology: Principles and Processes,Biotechnology: Principles and Processes,Cloning vectors,Match the Pair,Medium,C,False,,True,PASS
NEET27-BIO-1147,XI,Zoology,Unit 2: Structural Organisation in Animals and Plants,Structural Organisation in Animals,Structural Organisation in Animals,Frog nervous system,Direct NCERT-based,Easy,C,False,,True,PASS
NEET27-BIO-1148,XI,Zoology,Unit 1: Diversity in Living World,Animal Kingdom,Animal Kingdom,Integrated chapter reasoning,Multi-statement,Difficult,D,False,,True,PASS
NEET27-BIO-1149,XI,Zoology,Unit 5: Human Physiology,Breathing and Exchange of Gases,Breathing and Exchange of Gases,Mechanics of breathing,Match the Pair,Medium,A,False,,True,PASS
NEET27-BIO-1150,XII,Botany,Unit 10: Ecology and Environment,Biodiversity and Conservation,Biodiversity and Conservation,Integrated chapter reasoning,Higher-order multi-statement,Difficult,C,False,,True,PASS
NEET27-BIO-1151,XI,Botany,Unit 4: Plant Physiology,Respiration in Plants,Respiration in Plants,Vitamin requirement of the link reaction,Application Based,Medium,D,False,,True,PASS
NEET27-BIO-1152,XII,Botany,Unit 8: Biology and Human Welfare,Microbes in Human Welfare,Microbes in Human Welfare,Integrated chapter reasoning,Higher-order multi-statement,Difficult,B,False,,True,PASS
NEET27-BIO-1153,XII,Zoology,Unit 6: Reproduction,Human Reproduction,Human Reproduction,Gametogenesis,Case Analysis,Difficult,C,False,,True,PASS
NEET27-BIO-1154,XI,Zoology,Unit 5: Human Physiology,Locomotion and Movement,Locomotion and Movement,Thin filaments and Thick filaments,Statement I and Statement II,Medium,A,False,,True,PASS
NEET27-BIO-1155,XII,Botany,Unit 7: Genetics and Evolution,Molecular Basis of Inheritance,Molecular Basis of Inheritance,Gene regulation and genomics,Integrated Association Analysis,Medium,C,False,,True,PASS
NEET27-BIO-1156,XI,Botany,Unit 2: Structural Organisation in Animals and Plants,Anatomy of Flowering Plants,Anatomy of Flowering Plants,Monocot root,Direct NCERT-based,Easy,D,False,,True,PASS
NEET27-BIO-1157,XI,Zoology,Unit 1: Diversity in Living World,Animal Kingdom,Animal Kingdom,Symmetry and Germ layers,Statement I and Statement II,Medium,B,False,,True,PASS
NEET27-BIO-1158,XI,Botany,Unit 4: Plant Physiology,Plant Growth and Development,Plant Growth and Development,Integrated chapter reasoning,Multi-statement,Difficult,A,False,,True,PASS
NEET27-BIO-1159,XII,Botany,Unit 7: Genetics and Evolution,Principles of Inheritance and Variation,Principles of Inheritance and Variation,Chromosomes linkage and crossing over,Cross-Concept Elimination,Difficult,D,False,,True,PASS
NEET27-BIO-1160,XI,Botany,Unit 1: Diversity in Living World,Plant Kingdom,Plant Kingdom,Integrated chapter reasoning,Multi-statement,Difficult,A,False,,True,PASS
NEET27-BIO-1161,XI,Botany,Unit 4: Plant Physiology,Respiration in Plants,Respiration in Plants,Terminal electron acceptor,Direct Concept,Easy,C,False,,True,PASS
NEET27-BIO-1162,XI,Botany,Unit 4: Plant Physiology,Respiration in Plants,Respiration in Plants,Enzymes of glycolysis,Direct Concept,Easy,A,False,,True,PASS
NEET27-BIO-1163,XI,Zoology,Unit 5: Human Physiology,Excretory Products and Their Elimination,Excretory Products and Their Elimination,Urethral sphincters,Comparison Based,Easy,B,False,,True,PASS
NEET27-BIO-1164,XI,Botany,Unit 4: Plant Physiology,Plant Growth and Development,Plant Growth and Development,Integrated chapter reasoning,Multi-statement,Difficult,C,False,,True,PASS
NEET27-BIO-1165,XI,Botany,Unit 4: Plant Physiology,Respiration in Plants,Respiration in Plants,Mobile carriers of the chain,Conceptual Trap,Difficult,D,False,,True,PASS
NEET27-BIO-1166,XII,Botany,Unit 7: Genetics and Evolution,Principles of Inheritance and Variation,Principles of Inheritance and Variation,Crosses,Match the Pair,Medium,D,False,,True,PASS
NEET27-BIO-1167,XI,Botany,Unit 4: Plant Physiology,Respiration in Plants,Respiration in Plants,Decarboxylation steps of the cycle,Direct Concept,Easy,A,False,,True,PASS
NEET27-BIO-1168,XI,Botany,Unit 3: Cell Structure and Function,Cell Cycle and Cell Division,Cell Cycle and Cell Division,Integrated chapter reasoning,Multi-statement,Difficult,B,False,,True,PASS
NEET27-BIO-1169,XII,Botany,Unit 7: Genetics and Evolution,Evolution,Evolution,Speciation and adaptation,Direct Concept,Easy,D,False,,True,PASS
NEET27-BIO-1170,XII,Zoology,Unit 8: Biology and Human Welfare,Human Health and Disease,Human Health and Disease,Bacterial and protozoan diseases,Reverse Association,Easy,B,False,,True,PASS
NEET27-BIO-1171,XII,Botany,Unit 7: Genetics and Evolution,Principles of Inheritance and Variation,Principles of Inheritance and Variation,Non-Mendelian patterns,Reverse Association,Easy,C,False,,True,PASS
NEET27-BIO-1172,XI,Zoology,Unit 5: Human Physiology,Breathing and Exchange of Gases,Breathing and Exchange of Gases,Oxyhaemoglobin dissociation curves,Graph Analysis,Easy,D,True,figures/NEET27-BIO-XI-CH14-FIG01.png,True,PASS
NEET27-BIO-1173,XII,Zoology,Unit 6: Reproduction,Human Reproduction,Human Reproduction,Male reproductive system,Statement Completion,Easy,A,False,,True,PASS
NEET27-BIO-1174,XII,Botany,Unit 7: Genetics and Evolution,Principles of Inheritance and Variation,Principles of Inheritance and Variation,Genetic terminology,Evidence Integration,Difficult,C,False,,True,PASS
NEET27-BIO-1175,XI,Zoology,Unit 5: Human Physiology,Body Fluids and Circulation,Body Fluids and Circulation,Gas transport,Multi-Statement Reasoning,Difficult,D,False,,True,PASS
NEET27-BIO-1176,XI,Zoology,Unit 1: Diversity in Living World,Animal Kingdom,Animal Kingdom,Integrated chapter reasoning,Multi-statement,Difficult,B,False,,True,PASS
NEET27-BIO-1177,XI,Botany,Unit 1: Diversity in Living World,The Living World,The Living World,Reproduction,Direct NCERT-based,Easy,D,False,,True,PASS
NEET27-BIO-1178,XII,Botany,Unit 8: Biology and Human Welfare,Microbes in Human Welfare,Microbes in Human Welfare,Integrated chapter reasoning,Multi-statement,Difficult,A,False,,True,PASS
NEET27-BIO-1179,XI,Botany,Unit 4: Plant Physiology,Plant Growth and Development,Plant Growth and Development,Integrated chapter reasoning,Higher-order multi-statement,Difficult,A,False,,True,PASS
NEET27-BIO-1180,XII,Zoology,Unit 8: Biology and Human Welfare,Human Health and Disease,Human Health and Disease,Drugs and addiction,Integrated Association Analysis,Medium,B,False,,True,PASS
NEET27-BIO-1181,XII,Botany,Unit 7: Genetics and Evolution,Molecular Basis of Inheritance,Molecular Basis of Inheritance,Transcription and RNA,Match the Pair,Medium,D,False,,True,PASS
NEET27-BIO-1182,XI,Botany,Unit 1: Diversity in Living World,The Living World,The Living World,Integrated chapter reasoning,Higher-order multi-statement,Difficult,B,False,,True,PASS
NEET27-BIO-1183,XI,Botany,Unit 1: Diversity in Living World,Plant Kingdom,Plant Kingdom,Gymnosperm nutritive tissue and Green algae,Statement I and Statement II,Medium,A,False,,True,PASS
NEET27-BIO-1184,XI,Botany,Unit 4: Plant Physiology,Respiration in Plants,Respiration in Plants,Common oxidative pathway,Application Based,Difficult,D,False,,True,PASS
NEET27-BIO-1185,XI,Botany,Unit 2: Structural Organisation in Animals and Plants,Anatomy of Flowering Plants,Anatomy of Flowering Plants,Tissue systems and Dicot root,Statement I and Statement II,Medium,C,False,,True,PASS
NEET27-BIO-1186,XI,Zoology,Unit 5: Human Physiology,Neural Control and Coordination,Neural Control and Coordination,Neuron structure,Applied Classification,Medium,D,False,,True,PASS
NEET27-BIO-1187,XII,Botany,Unit 7: Genetics and Evolution,Evolution,Evolution,Origin of life,Direct Concept,Easy,C,False,,True,PASS
NEET27-BIO-1188,XII,Botany,Unit 7: Genetics and Evolution,Molecular Basis of Inheritance,Molecular Basis of Inheritance,DNA structure,Integrated Association Analysis,Medium,C,False,,True,PASS
NEET27-BIO-1189,XII,Botany,Unit 7: Genetics and Evolution,Molecular Basis of Inheritance,Molecular Basis of Inheritance,Evidence for genetic material,Cross-Concept Elimination,Difficult,A,False,,True,PASS
NEET27-BIO-1190,XI,Botany,Unit 3: Cell Structure and Function,Biomolecules,Biomolecules,Glycosidic bond,Application Based,Easy,B,False,,True,PASS
NEET27-BIO-1191,XI,Botany,Unit 3: Cell Structure and Function,Cell: The Unit of Life,Cell: The Unit of Life,Cilia and flagella,Direct NCERT-based,Easy,D,False,,True,PASS
NEET27-BIO-1192,XI,Zoology,Unit 5: Human Physiology,Locomotion and Movement,Locomotion and Movement,Thick filaments,Direct NCERT-based,Easy,A,False,,True,PASS
NEET27-BIO-1193,XII,Botany,Unit 7: Genetics and Evolution,Evolution,Evolution,Population genetics,Multi-statement analysis,Difficult,C,False,,True,PASS
NEET27-BIO-1194,XII,Botany,Unit 10: Ecology and Environment,Ecosystem,Ecosystem,Detritus and Decomposition steps,Statement I and Statement II,Medium,B,False,,True,PASS
NEET27-BIO-1195,XII,Botany,Unit 7: Genetics and Evolution,Principles of Inheritance and Variation,Principles of Inheritance and Variation,Non-Mendelian patterns,Cross-Concept Elimination,Difficult,B,False,,True,PASS
NEET27-BIO-1196,XI,Botany,Unit 1: Diversity in Living World,Plant Kingdom,Plant Kingdom,Seed habit,Direct NCERT-based,Easy,C,False,,True,PASS
NEET27-BIO-1197,XI,Zoology,Unit 1: Diversity in Living World,Animal Kingdom,Animal Kingdom,Platyhelminthes,Direct NCERT-based,Easy,B,False,,True,PASS
NEET27-BIO-1198,XII,Botany,Unit 7: Genetics and Evolution,Principles of Inheritance and Variation,Principles of Inheritance and Variation,Crosses,Match the Pair,Medium,A,False,,True,PASS
NEET27-BIO-1199,XII,Botany,Unit 10: Ecology and Environment,Biodiversity and Conservation,Biodiversity and Conservation,Protected areas and Sacred groves,Statement I and Statement II,Medium,A,False,,True,PASS
NEET27-BIO-1200,XI,Botany,Unit 2: Structural Organisation in Animals and Plants,Anatomy of Flowering Plants,Anatomy of Flowering Plants,Integrated chapter reasoning,Multi-statement,Difficult,C,False,,True,PASS
NEET27-BIO-1201,XII,Botany,Unit 9: Biotechnology and Its Applications,Biotechnology and Its Applications,Biotechnology and Its Applications,Bioethics and ownership,Statement Completion,Easy,B,False,,True,PASS
NEET27-BIO-1202,XII,Botany,Unit 7: Genetics and Evolution,Principles of Inheritance and Variation,Principles of Inheritance and Variation,Genetic terminology,Integrated Association Analysis,Medium,C,False,,True,PASS
NEET27-BIO-1203,XI,Zoology,Unit 5: Human Physiology,Body Fluids and Circulation,Body Fluids and Circulation,Blood cells,Statement Completion,Medium,D,False,,True,PASS
NEET27-BIO-1204,XI,Botany,Unit 4: Plant Physiology,Respiration in Plants,Respiration in Plants,Cost of withdrawing intermediates,Mixed Concept,Difficult,D,False,,True,PASS
NEET27-BIO-1205,XI,Zoology,Unit 5: Human Physiology,Locomotion and Movement,Locomotion and Movement,Sliding-filament mechanism and ATP in contraction,Statement I and Statement II,Medium,B,False,,True,PASS
NEET27-BIO-1206,XII,Botany,Unit 10: Ecology and Environment,Biodiversity and Conservation,Biodiversity and Conservation,Species-area relationship,Graph Analysis,Easy,A,True,figures/NEET27-BIO-XII-CH13-FIG01.png,True,PASS
NEET27-BIO-1207,XII,Botany,Unit 6: Reproduction,Sexual Reproduction in Flowering Plants,Sexual Reproduction in Flowering Plants,Special reproductive phenomena,Statement Completion,Easy,C,False,,True,PASS
NEET27-BIO-1208,XI,Zoology,Unit 5: Human Physiology,Locomotion and Movement,Locomotion and Movement,Synovial joints,Direct NCERT-based,Easy,D,False,,True,PASS
NEET27-BIO-1209,XI,Zoology,Unit 5: Human Physiology,Chemical Coordination and Integration,Chemical Coordination and Integration,Endocrine disorders,Evidence Integration,Difficult,D,False,,True,PASS
NEET27-BIO-1210,XI,Zoology,Unit 5: Human Physiology,Neural Control and Coordination,Neural Control and Coordination,Central nervous system,Statement Completion,Medium,C,False,,True,PASS
NEET27-BIO-1211,XI,Zoology,Unit 5: Human Physiology,Body Fluids and Circulation,Body Fluids and Circulation,Heart anatomy,Reverse Association,Easy,C,False,,True,PASS
NEET27-BIO-1212,XI,Botany,Unit 3: Cell Structure and Function,Cell: The Unit of Life,Cell: The Unit of Life,Golgi apparatus with Vacuoles,Applied statement comparison,Medium,A,False,,True,PASS
NEET27-BIO-1213,XII,Botany,Unit 10: Ecology and Environment,Ecosystem,Ecosystem,Integrated chapter reasoning,Higher-order multi-statement,Difficult,B,False,,True,PASS
NEET27-BIO-1214,XI,Botany,Unit 1: Diversity in Living World,Biological Classification,Biological Classification,Integrated chapter reasoning,Higher-order multi-statement,Difficult,C,False,,True,PASS
NEET27-BIO-1215,XII,Botany,Unit 10: Ecology and Environment,Ecosystem,Ecosystem,Integrated chapter reasoning,Higher-order multi-statement,Difficult,A,False,,True,PASS
NEET27-BIO-1216,XI,Zoology,Unit 5: Human Physiology,Body Fluids and Circulation,Body Fluids and Circulation,Heart anatomy,Statement Completion,Easy,D,False,,True,PASS
NEET27-BIO-1217,XI,Botany,Unit 3: Cell Structure and Function,Biomolecules,Biomolecules,Amino acids in proteins,Mixed Concept,Difficult,A,False,,True,PASS
NEET27-BIO-1218,XII,Zoology,Unit 6: Reproduction,Human Reproduction,Human Reproduction,Menstrual cycle,Match the Pair,Medium,B,False,,True,PASS
NEET27-BIO-1219,XI,Botany,Unit 3: Cell Structure and Function,Biomolecules,Biomolecules,Chargaff arithmetic,Numerical,Easy,B,False,,True,PASS
NEET27-BIO-1220,XII,Botany,Unit 10: Ecology and Environment,Organisms and Populations,Organisms and Populations,Population attributes,Direct Concept,Easy,A,False,,True,PASS
NEET27-BIO-1221,XI,Botany,Unit 3: Cell Structure and Function,Cell: The Unit of Life,Cell: The Unit of Life,Plasma membrane with Plasmodesmata,Applied statement comparison,Medium,D,False,,True,PASS
NEET27-BIO-1222,XI,Botany,Unit 4: Plant Physiology,Respiration in Plants,Respiration in Plants,Reading the labels on a cycle step,Verbal Diagram Reasoning,Medium,C,True,figures/NEET27-BIO-XI-CH12-0055.png,True,PASS
NEET27-BIO-1223,XII,Botany,Unit 7: Genetics and Evolution,Principles of Inheritance and Variation,Principles of Inheritance and Variation,Crosses,Integrated Association Analysis,Medium,B,False,,True,PASS
NEET27-BIO-1224,XII,Botany,Unit 7: Genetics and Evolution,Principles of Inheritance and Variation,Principles of Inheritance and Variation,Mendelian inheritance,Integrated Association Analysis,Medium,D,False,,True,PASS
NEET27-BIO-1225,XII,Botany,Unit 7: Genetics and Evolution,Principles of Inheritance and Variation,Principles of Inheritance and Variation,Sex determination,Statement Completion,Easy,D,False,,True,PASS
NEET27-BIO-1226,XII,Botany,Unit 7: Genetics and Evolution,Molecular Basis of Inheritance,Molecular Basis of Inheritance,Evidence for genetic material,Reverse Association,Easy,A,False,,True,PASS
NEET27-BIO-1227,XII,Botany,Unit 10: Ecology and Environment,Ecosystem,Ecosystem,Integrated chapter reasoning,Higher-order multi-statement,Difficult,C,False,,True,PASS
NEET27-BIO-1228,XI,Botany,Unit 3: Cell Structure and Function,Biomolecules,Biomolecules,Messenger RNA,Direct Concept,Easy,B,False,,True,PASS
NEET27-BIO-1229,XII,Botany,Unit 9: Biotechnology and Its Applications,Biotechnology: Principles and Processes,Biotechnology: Principles and Processes,rDNA methodology,Direct Concept,Easy,C,False,,True,PASS
NEET27-BIO-1230,XI,Botany,Unit 3: Cell Structure and Function,Cell: The Unit of Life,Cell: The Unit of Life,Plant and animal cells,Direct NCERT-based,Easy,A,False,,True,PASS
NEET27-BIO-1231,XI,Botany,Unit 1: Diversity in Living World,Plant Kingdom,Plant Kingdom,Integrated chapter reasoning,Multi-statement,Difficult,D,False,,True,PASS
NEET27-BIO-1232,XI,Botany,Unit 3: Cell Structure and Function,Cell: The Unit of Life,Cell: The Unit of Life,Plasma membrane,Direct NCERT-based,Easy,B,False,,True,PASS
NEET27-BIO-1233,XII,Botany,Unit 7: Genetics and Evolution,Principles of Inheritance and Variation,Principles of Inheritance and Variation,Chromosomal disorders,Applied Classification,Medium,A,False,,True,PASS
NEET27-BIO-1234,XII,Botany,Unit 7: Genetics and Evolution,Principles of Inheritance and Variation,Principles of Inheritance and Variation,Sex-linked inheritance,Statement Completion,Easy,C,False,,True,PASS
NEET27-BIO-1235,XI,Botany,Unit 3: Cell Structure and Function,Cell: The Unit of Life,Cell: The Unit of Life,Cytoskeleton,Direct NCERT-based,Easy,D,False,,True,PASS
NEET27-BIO-1236,XI,Zoology,Unit 5: Human Physiology,Locomotion and Movement,Locomotion and Movement,Integrated chapter reasoning,Higher-order multi-statement,Difficult,B,False,,True,PASS
NEET27-BIO-1237,XI,Botany,Unit 3: Cell Structure and Function,Biomolecules,Biomolecules,Nitrogenous bases,Comparison Based,Easy,D,False,,True,PASS
NEET27-BIO-1238,XII,Botany,Unit 7: Genetics and Evolution,Evolution,Evolution,Speciation and adaptation,Cross-Concept Elimination,Difficult,C,False,,True,PASS
NEET27-BIO-1239,XII,Botany,Unit 8: Biology and Human Welfare,Microbes in Human Welfare,Microbes in Human Welfare,Ethanol production with Organic acids,Applied statement comparison,Medium,C,False,,True,PASS
NEET27-BIO-1240,XII,Botany,Unit 10: Ecology and Environment,Biodiversity and Conservation,Biodiversity and Conservation,Co-extinction with Biodiversity hotspots,Applied statement comparison,Medium,A,False,,True,PASS
NEET27-BIO-1241,XII,Botany,Unit 10: Ecology and Environment,Ecosystem,Ecosystem,Integrated chapter reasoning,Multi-statement,Difficult,D,False,,True,PASS
NEET27-BIO-1242,XI,Botany,Unit 4: Plant Physiology,Plant Growth and Development,Plant Growth and Development,Development and Auxin,Statement I and Statement II,Medium,D,False,,True,PASS
NEET27-BIO-1243,XII,Botany,Unit 8: Biology and Human Welfare,Microbes in Human Welfare,Microbes in Human Welfare,Integrated chapter reasoning,Higher-order multi-statement,Difficult,B,False,,True,PASS
NEET27-BIO-1244,XI,Botany,Unit 4: Plant Physiology,Plant Growth and Development,Plant Growth and Development,Redifferentiation and Development,Statement I and Statement II,Medium,B,False,,True,PASS
NEET27-BIO-1245,XI,Botany,Unit 2: Structural Organisation in Animals and Plants,Morphology of Flowering Plants,Morphology of Flowering Plants,Venation,Direct NCERT-based,Easy,A,False,,True,PASS
NEET27-BIO-1246,XII,Botany,Unit 7: Genetics and Evolution,Molecular Basis of Inheritance,Molecular Basis of Inheritance,DNA structure,Integrated Association Analysis,Medium,C,False,,True,PASS
NEET27-BIO-1247,XII,Botany,Unit 7: Genetics and Evolution,Principles of Inheritance and Variation,Principles of Inheritance and Variation,Crosses,Integrated Association Analysis,Medium,B,False,,True,PASS
NEET27-BIO-1248,XII,Botany,Unit 8: Biology and Human Welfare,Microbes in Human Welfare,Microbes in Human Welfare,Ethanol production,Direct NCERT-based,Easy,C,False,,True,PASS
NEET27-BIO-1249,XII,Botany,Unit 10: Ecology and Environment,Organisms and Populations,Organisms and Populations,Positive interactions,Direct Concept,Easy,B,False,,True,PASS
NEET27-BIO-1250,XII,Botany,Unit 6: Reproduction,Sexual Reproduction in Flowering Plants,Sexual Reproduction in Flowering Plants,Double fertilization in an angiosperm,Diagram Interpretation,Easy,D,True,figures/NEET27-BIO-XII-CH01-FIG02.png,True,PASS
NEET27-BIO-1251,XI,Botany,Unit 1: Diversity in Living World,Plant Kingdom,Plant Kingdom,Integrated chapter reasoning,Higher-order multi-statement,Difficult,A,False,,True,PASS
NEET27-BIO-1252,XI,Botany,Unit 2: Structural Organisation in Animals and Plants,Morphology of Flowering Plants,Morphology of Flowering Plants,Integrated chapter reasoning,Multi-statement,Difficult,A,False,,True,PASS
NEET27-BIO-1253,XI,Zoology,Unit 2: Structural Organisation in Animals and Plants,Structural Organisation in Animals,Structural Organisation in Animals,Frog respiration,Direct NCERT-based,Easy,C,False,,True,PASS
NEET27-BIO-1254,XI,Botany,Unit 2: Structural Organisation in Animals and Plants,Morphology of Flowering Plants,Morphology of Flowering Plants,Stem tendrils and thorns and Leaf parts,Statement I and Statement II,Medium,A,False,,True,PASS
NEET27-BIO-1255,XI,Botany,Unit 1: Diversity in Living World,The Living World,The Living World,Integrated chapter reasoning,Multi-statement,Difficult,B,False,,True,PASS
NEET27-BIO-1256,XI,Botany,Unit 3: Cell Structure and Function,Biomolecules,Biomolecules,Nucleotide structure,Direct Concept,Easy,B,False,,True,PASS
NEET27-BIO-1257,XI,Botany,Unit 3: Cell Structure and Function,Cell: The Unit of Life,Cell: The Unit of Life,Integrated chapter reasoning,Multi-statement,Difficult,D,False,,True,PASS
NEET27-BIO-1258,XII,Botany,Unit 8: Biology and Human Welfare,Microbes in Human Welfare,Microbes in Human Welfare,Integrated chapter reasoning,Multi-statement,Difficult,C,False,,True,PASS
NEET27-BIO-1259,XII,Zoology,Unit 6: Reproduction,Reproductive Health,Reproductive Health,Birth control and reproductive health,Cross-Concept Elimination,Difficult,A,False,,True,PASS
NEET27-BIO-1260,XII,Zoology,Unit 6: Reproduction,Reproductive Health,Reproductive Health,Assisted reproduction and infection,Integrated Association Analysis,Medium,D,False,,True,PASS
NEET27-BIO-1261,XI,Zoology,Unit 5: Human Physiology,Locomotion and Movement,Locomotion and Movement,Sarcomere,Direct NCERT-based,Easy,A,False,,True,PASS
NEET27-BIO-1262,XI,Botany,Unit 4: Plant Physiology,Photosynthesis in Higher Plants,Photosynthesis in Higher Plants,Spatial separation in C4 plants and Photorespiration,Statement I and Statement II,Medium,C,False,,True,PASS
NEET27-BIO-1263,XI,Botany,Unit 2: Structural Organisation in Animals and Plants,Anatomy of Flowering Plants,Anatomy of Flowering Plants,Isobilateral leaf,Direct NCERT-based,Easy,B,False,,True,PASS
NEET27-BIO-1264,XI,Botany,Unit 3: Cell Structure and Function,Cell Cycle and Cell Division,Cell Cycle and Cell Division,Integrated chapter reasoning,Higher-order multi-statement,Difficult,C,False,,True,PASS
NEET27-BIO-1265,XII,Botany,Unit 10: Ecology and Environment,Biodiversity and Conservation,Biodiversity and Conservation,Integrated chapter reasoning,Multi-statement,Difficult,D,False,,True,PASS
NEET27-BIO-1266,XII,Botany,Unit 7: Genetics and Evolution,Principles of Inheritance and Variation,Principles of Inheritance and Variation,Non-Mendelian patterns,Cross-Concept Elimination,Difficult,B,False,,True,PASS
NEET27-BIO-1267,XII,Botany,Unit 7: Genetics and Evolution,Principles of Inheritance and Variation,Principles of Inheritance and Variation,Sex determination,Match the Pair,Medium,D,False,,True,PASS
NEET27-BIO-1268,XII,Botany,Unit 9: Biotechnology and Its Applications,Biotechnology: Principles and Processes,Biotechnology: Principles and Processes,Core principles,Direct Concept,Easy,C,False,,True,PASS
NEET27-BIO-1269,XII,Botany,Unit 10: Ecology and Environment,Ecosystem,Ecosystem,Ecosystem components,Direct NCERT-based,Easy,A,False,,True,PASS
NEET27-BIO-1270,XII,Botany,Unit 10: Ecology and Environment,Organisms and Populations,Organisms and Populations,Integrated chapter reasoning,Multi-statement,Difficult,D,False,,True,PASS
NEET27-BIO-1271,XI,Zoology,Unit 5: Human Physiology,Locomotion and Movement,Locomotion and Movement,Integrated chapter reasoning,Higher-order multi-statement,Difficult,C,False,,True,PASS
NEET27-BIO-1272,XII,Botany,Unit 10: Ecology and Environment,Biodiversity and Conservation,Biodiversity and Conservation,Log species-area form,Direct NCERT-based,Easy,D,False,,True,PASS
NEET27-BIO-1273,XI,Botany,Unit 2: Structural Organisation in Animals and Plants,Anatomy of Flowering Plants,Anatomy of Flowering Plants,Integrated chapter reasoning,Multi-statement,Difficult,A,False,,True,PASS
NEET27-BIO-1274,XI,Botany,Unit 2: Structural Organisation in Animals and Plants,Morphology of Flowering Plants,Morphology of Flowering Plants,Aestivation and Placentation,Statement I and Statement II,Medium,A,False,,True,PASS
NEET27-BIO-1275,XI,Botany,Unit 2: Structural Organisation in Animals and Plants,Morphology of Flowering Plants,Morphology of Flowering Plants,Root regions and Prop roots,Statement I and Statement II,Medium,B,False,,True,PASS
NEET27-BIO-1276,XII,Botany,Unit 10: Ecology and Environment,Biodiversity and Conservation,Biodiversity and Conservation,Integrated chapter reasoning,Multi-statement,Difficult,B,False,,True,PASS
NEET27-BIO-1277,XII,Zoology,Unit 6: Reproduction,Human Reproduction,Human Reproduction,Male reproductive system,Cross-Concept Elimination,Difficult,D,False,,True,PASS
NEET27-BIO-1278,XI,Botany,Unit 2: Structural Organisation in Animals and Plants,Anatomy of Flowering Plants,Anatomy of Flowering Plants,Meristems,Direct NCERT-based,Easy,B,False,,True,PASS
NEET27-BIO-1279,XII,Botany,Unit 10: Ecology and Environment,Biodiversity and Conservation,Biodiversity and Conservation,Species-area relationship and Log species-area form,Statement I and Statement II,Medium,C,False,,True,PASS
NEET27-BIO-1280,XII,Zoology,Unit 8: Biology and Human Welfare,Human Health and Disease,Human Health and Disease,Prevention and public health,Integrated Association Analysis,Medium,B,False,,True,PASS
NEET27-BIO-1281,XI,Botany,Unit 3: Cell Structure and Function,Cell Cycle and Cell Division,Cell Cycle and Cell Division,Prophase with Anaphase,Applied statement comparison,Medium,A,False,,True,PASS
NEET27-BIO-1282,XI,Botany,Unit 2: Structural Organisation in Animals and Plants,Morphology of Flowering Plants,Morphology of Flowering Plants,Integrated chapter reasoning,Higher-order multi-statement,Difficult,B,False,,True,PASS
NEET27-BIO-1283,XII,Botany,Unit 9: Biotechnology and Its Applications,Biotechnology: Principles and Processes,Biotechnology: Principles and Processes,rDNA methodology,Match the Pair,Medium,D,False,,True,PASS
NEET27-BIO-1284,XI,Botany,Unit 1: Diversity in Living World,Biological Classification,Biological Classification,Integrated chapter reasoning,Higher-order multi-statement,Difficult,A,False,,True,PASS
NEET27-BIO-1285,XI,Zoology,Unit 5: Human Physiology,Breathing and Exchange of Gases,Breathing and Exchange of Gases,Gas transport,Statement Completion,Medium,A,False,,True,PASS
NEET27-BIO-1286,XI,Botany,Unit 1: Diversity in Living World,Biological Classification,Biological Classification,Mycoplasma and Kingdom Protista,Statement I and Statement II,Medium,B,False,,True,PASS
NEET27-BIO-1287,XII,Botany,Unit 7: Genetics and Evolution,Principles of Inheritance and Variation,Principles of Inheritance and Variation,Sex determination,Reverse Association,Easy,A,False,,True,PASS
NEET27-BIO-1288,XII,Zoology,Unit 8: Biology and Human Welfare,Human Health and Disease,Human Health and Disease,Viral and helminth diseases,Applied Classification,Medium,D,False,,True,PASS
NEET27-BIO-1289,XII,Botany,Unit 10: Ecology and Environment,Biodiversity and Conservation,Biodiversity and Conservation,Integrated chapter reasoning,Multi-statement,Difficult,C,False,,True,PASS
NEET27-BIO-1290,XI,Zoology,Unit 5: Human Physiology,Excretory Products and Their Elimination,Excretory Products and Their Elimination,Ureters,Direct Concept,Easy,D,False,,True,PASS
NEET27-BIO-1291,XI,Botany,Unit 2: Structural Organisation in Animals and Plants,Morphology of Flowering Plants,Morphology of Flowering Plants,Integrated chapter reasoning,Higher-order multi-statement,Difficult,B,False,,True,PASS
NEET27-BIO-1292,XII,Botany,Unit 10: Ecology and Environment,Biodiversity and Conservation,Biodiversity and Conservation,Levels of biodiversity,Applied Classification,Medium,C,False,,True,PASS
NEET27-BIO-1293,XII,Botany,Unit 7: Genetics and Evolution,Principles of Inheritance and Variation,Principles of Inheritance and Variation,Genetic terminology,Multi-statement analysis,Difficult,A,False,,True,PASS
NEET27-BIO-1294,XI,Botany,Unit 4: Plant Physiology,Respiration in Plants,Respiration in Plants,Carbon balance of glucose oxidation,Multi-Step Numerical,Difficult,D,False,,True,PASS
NEET27-BIO-1295,XI,Zoology,Unit 1: Diversity in Living World,Animal Kingdom,Animal Kingdom,Integrated chapter reasoning,Multi-statement,Difficult,C,False,,True,PASS
NEET27-BIO-1296,XI,Zoology,Unit 5: Human Physiology,Excretory Products and Their Elimination,Excretory Products and Their Elimination,Skin and lungs,Comparison Based,Easy,C,False,,True,PASS
NEET27-BIO-1297,XI,Botany,Unit 2: Structural Organisation in Animals and Plants,Morphology of Flowering Plants,Morphology of Flowering Plants,Prop roots,Direct NCERT-based,Easy,D,False,,True,PASS
NEET27-BIO-1298,XII,Botany,Unit 7: Genetics and Evolution,Evolution,Evolution,Speciation and adaptation,Integrated Association Analysis,Medium,C,False,,True,PASS
NEET27-BIO-1299,XII,Botany,Unit 7: Genetics and Evolution,Principles of Inheritance and Variation,Principles of Inheritance and Variation,Crosses,Reverse Association,Easy,A,False,,True,PASS
NEET27-BIO-1300,XI,Zoology,Unit 1: Diversity in Living World,Animal Kingdom,Animal Kingdom,Coelom,Direct NCERT-based,Easy,C,False,,True,PASS
NEET27-BIO-1301,XI,Zoology,Unit 5: Human Physiology,Locomotion and Movement,Locomotion and Movement,Synovial joints and Myasthenia gravis,Statement I and Statement II,Medium,A,False,,True,PASS
NEET27-BIO-1302,XI,Botany,Unit 3: Cell Structure and Function,Biomolecules,Biomolecules,Introduction to proteins,Direct Concept,Easy,B,False,,True,PASS
NEET27-BIO-1303,XI,Zoology,Unit 5: Human Physiology,Locomotion and Movement,Locomotion and Movement,Integrated chapter reasoning,Multi-statement,Difficult,D,False,,True,PASS
NEET27-BIO-1304,XI,Botany,Unit 4: Plant Physiology,Plant Growth and Development,Plant Growth and Development,Integrated chapter reasoning,Higher-order multi-statement,Difficult,C,False,,True,PASS
NEET27-BIO-1305,XI,Botany,Unit 4: Plant Physiology,Respiration in Plants,Respiration in Plants,Entry of acetyl CoA,Direct Concept,Easy,C,False,,True,PASS
NEET27-BIO-1306,XI,Botany,Unit 4: Plant Physiology,Plant Growth and Development,Plant Growth and Development,Dedifferentiation,Direct NCERT-based,Easy,D,False,,True,PASS
NEET27-BIO-1307,XII,Botany,Unit 6: Reproduction,Sexual Reproduction in Flowering Plants,Sexual Reproduction in Flowering Plants,Ovule and embryo sac,Cross-Concept Elimination,Difficult,B,False,,True,PASS
NEET27-BIO-1308,XI,Zoology,Unit 5: Human Physiology,Locomotion and Movement,Locomotion and Movement,Integrated chapter reasoning,Multi-statement,Difficult,A,False,,True,PASS
NEET27-BIO-1309,XII,Botany,Unit 7: Genetics and Evolution,Molecular Basis of Inheritance,Molecular Basis of Inheritance,Genetic code and translation,Applied Classification,Medium,D,False,,True,PASS
NEET27-BIO-1310,XI,Zoology,Unit 2: Structural Organisation in Animals and Plants,Structural Organisation in Animals,Structural Organisation in Animals,Integrated chapter reasoning,Multi-statement,Difficult,B,False,,True,PASS
NEET27-BIO-1311,XI,Zoology,Unit 5: Human Physiology,Chemical Coordination and Integration,Chemical Coordination and Integration,Pituitary and thyroid,Statement Completion,Easy,A,False,,True,PASS
NEET27-BIO-1312,XI,Zoology,Unit 1: Diversity in Living World,Animal Kingdom,Animal Kingdom,Chordate features,Direct NCERT-based,Easy,B,False,,True,PASS
NEET27-BIO-1313,XI,Botany,Unit 3: Cell Structure and Function,Cell Cycle and Cell Division,Cell Cycle and Cell Division,Crossing over,Direct NCERT-based,Easy,D,False,,True,PASS
NEET27-BIO-1314,XI,Zoology,Unit 5: Human Physiology,Body Fluids and Circulation,Body Fluids and Circulation,Heart anatomy,Match the Pair,Medium,B,False,,True,PASS
NEET27-BIO-1315,XI,Zoology,Unit 5: Human Physiology,Excretory Products and Their Elimination,Excretory Products and Their Elimination,Limbs of Henle's loop,Comparison Based,Easy,B,False,,True,PASS
NEET27-BIO-1316,XII,Botany,Unit 7: Genetics and Evolution,Molecular Basis of Inheritance,Molecular Basis of Inheritance,Transcription and RNA,Statement Completion,Easy,C,False,,True,PASS
NEET27-BIO-1317,XI,Botany,Unit 3: Cell Structure and Function,Cell: The Unit of Life,Cell: The Unit of Life,Integrated chapter reasoning,Multi-statement,Difficult,D,False,,True,PASS
NEET27-BIO-1318,XII,Botany,Unit 7: Genetics and Evolution,Evolution,Evolution,Evidence of evolution,Direct Concept,Easy,A,False,,True,PASS
NEET27-BIO-1319,XII,Botany,Unit 10: Ecology and Environment,Organisms and Populations,Organisms and Populations,Age distribution,Direct NCERT-based,Easy,D,False,,True,PASS
NEET27-BIO-1320,XI,Zoology,Unit 2: Structural Organisation in Animals and Plants,Structural Organisation in Animals,Structural Organisation in Animals,Frog skin and habitat,Direct NCERT-based,Easy,B,False,,True,PASS
NEET27-BIO-1321,XII,Zoology,Unit 6: Reproduction,Reproductive Health,Reproductive Health,Assisted reproduction and infection,Match the Pair,Medium,D,False,,True,PASS
NEET27-BIO-1322,XII,Botany,Unit 7: Genetics and Evolution,Principles of Inheritance and Variation,Principles of Inheritance and Variation,Genetic terminology,Direct Concept,Easy,C,False,,True,PASS
NEET27-BIO-1323,XI,Botany,Unit 1: Diversity in Living World,The Living World,The Living World,Metabolism and Cellular organisation,Statement I and Statement II,Medium,C,False,,True,PASS
NEET27-BIO-1324,XI,Zoology,Unit 1: Diversity in Living World,Animal Kingdom,Animal Kingdom,Ctenophora and Platyhelminthes,Statement I and Statement II,Medium,A,False,,True,PASS
NEET27-BIO-1325,XI,Botany,Unit 4: Plant Physiology,Plant Growth and Development,Plant Growth and Development,Plant hormones I,Case Analysis,Difficult,A,False,,True,PASS
NEET27-BIO-1326,XI,Botany,Unit 2: Structural Organisation in Animals and Plants,Morphology of Flowering Plants,Morphology of Flowering Plants,Phyllotaxy and Leaf modifications,Statement I and Statement II,Medium,B,False,,True,PASS
NEET27-BIO-1327,XI,Zoology,Unit 5: Human Physiology,Locomotion and Movement,Locomotion and Movement,Gout and osteoporosis and Types of movement,Statement I and Statement II,Medium,B,False,,True,PASS
NEET27-BIO-1328,XII,Botany,Unit 7: Genetics and Evolution,Principles of Inheritance and Variation,Principles of Inheritance and Variation,Genetic terminology,Reverse Association,Easy,A,False,,True,PASS
NEET27-BIO-1329,XI,Botany,Unit 4: Plant Physiology,Photosynthesis in Higher Plants,Photosynthesis in Higher Plants,Integrated chapter reasoning,Multi-statement,Difficult,C,False,,True,PASS
NEET27-BIO-1330,XI,Zoology,Unit 5: Human Physiology,Body Fluids and Circulation,Body Fluids and Circulation,Electrical events in one cardiac cycle,Graph Analysis,Easy,C,True,figures/NEET27-BIO-XI-CH15-FIG02.png,True,PASS
NEET27-BIO-1331,XI,Botany,Unit 2: Structural Organisation in Animals and Plants,Anatomy of Flowering Plants,Anatomy of Flowering Plants,Integrated chapter reasoning,Higher-order multi-statement,Difficult,A,False,,True,PASS
NEET27-BIO-1332,XI,Zoology,Unit 5: Human Physiology,Locomotion and Movement,Locomotion and Movement,Integrated chapter reasoning,Multi-statement,Difficult,D,False,,True,PASS
NEET27-BIO-1333,XII,Botany,Unit 7: Genetics and Evolution,Molecular Basis of Inheritance,Molecular Basis of Inheritance,Transcription and RNA,Statement Completion,Medium,D,False,,True,PASS
NEET27-BIO-1334,XI,Botany,Unit 4: Plant Physiology,Plant Growth and Development,Plant Growth and Development,Integrated chapter reasoning,Multi-statement,Difficult,B,False,,True,PASS
NEET27-BIO-1335,XII,Zoology,Unit 8: Biology and Human Welfare,Human Health and Disease,Human Health and Disease,Drugs and addiction,Match the Pair,Medium,A,False,,True,PASS
NEET27-BIO-1336,XI,Botany,Unit 1: Diversity in Living World,Plant Kingdom,Plant Kingdom,Gymnosperm ovules and Gymnosperm heterospory,Statement I and Statement II,Medium,C,False,,True,PASS
NEET27-BIO-1337,XI,Botany,Unit 3: Cell Structure and Function,Biomolecules,Biomolecules,Mechanism of enzyme action,Comparison Based,Easy,D,False,,True,PASS
NEET27-BIO-1338,XI,Botany,Unit 3: Cell Structure and Function,Cell: The Unit of Life,Cell: The Unit of Life,Cell theory,Direct NCERT-based,Easy,B,False,,True,PASS
NEET27-BIO-1339,XI,Zoology,Unit 5: Human Physiology,Locomotion and Movement,Locomotion and Movement,Integrated chapter reasoning,Higher-order multi-statement,Difficult,C,False,,True,PASS
NEET27-BIO-1340,XI,Botany,Unit 1: Diversity in Living World,Plant Kingdom,Plant Kingdom,Integrated chapter reasoning,Higher-order multi-statement,Difficult,A,False,,True,PASS
NEET27-BIO-1341,XII,Botany,Unit 10: Ecology and Environment,Ecosystem,Ecosystem,Integrated chapter reasoning,Multi-statement,Difficult,B,False,,True,PASS
NEET27-BIO-1342,XII,Botany,Unit 9: Biotechnology and Its Applications,Biotechnology: Principles and Processes,Biotechnology: Principles and Processes,Restriction and joining enzymes,Integrated Association Analysis,Medium,D,False,,True,PASS
NEET27-BIO-1343,XI,Zoology,Unit 5: Human Physiology,Body Fluids and Circulation,Body Fluids and Circulation,Cardiac cycle and ECG,Statement Completion,Easy,A,False,,True,PASS
NEET27-BIO-1344,XI,Botany,Unit 3: Cell Structure and Function,Cell Cycle and Cell Division,Cell Cycle and Cell Division,Integrated chapter reasoning,Multi-statement,Difficult,D,False,,True,PASS
NEET27-BIO-1345,XI,Zoology,Unit 5: Human Physiology,Neural Control and Coordination,Neural Control and Coordination,Impulse and synapse,Reverse Association,Easy,C,False,,True,PASS
NEET27-BIO-1346,XI,Botany,Unit 2: Structural Organisation in Animals and Plants,Morphology of Flowering Plants,Morphology of Flowering Plants,Integrated chapter reasoning,Multi-statement,Difficult,C,False,,True,PASS
NEET27-BIO-1347,XII,Zoology,Unit 6: Reproduction,Human Reproduction,Human Reproduction,Early development,Direct Concept,Easy,D,False,,True,PASS
NEET27-BIO-1348,XII,Zoology,Unit 6: Reproduction,Human Reproduction,Human Reproduction,Early development,Integrated Association Analysis,Medium,C,False,,True,PASS
NEET27-BIO-1349,XII,Zoology,Unit 8: Biology and Human Welfare,Human Health and Disease,Human Health and Disease,Drugs and addiction,Reverse Association,Easy,B,False,,True,PASS
NEET27-BIO-1350,XII,Botany,Unit 10: Ecology and Environment,Organisms and Populations,Organisms and Populations,Logistic growth,Direct NCERT-based,Easy,A,False,,True,PASS
NEET27-BIO-1351,XII,Botany,Unit 10: Ecology and Environment,Ecosystem,Ecosystem,Integrated chapter reasoning,Higher-order multi-statement,Difficult,D,False,,True,PASS
NEET27-BIO-1352,XI,Zoology,Unit 1: Diversity in Living World,Animal Kingdom,Animal Kingdom,Integrated chapter reasoning,Higher-order multi-statement,Difficult,C,False,,True,PASS
NEET27-BIO-1353,XII,Botany,Unit 10: Ecology and Environment,Organisms and Populations,Organisms and Populations,Natality and Mortality,Statement I and Statement II,Medium,A,False,,True,PASS
NEET27-BIO-1354,XII,Botany,Unit 9: Biotechnology and Its Applications,Biotechnology: Principles and Processes,Biotechnology: Principles and Processes,Restriction and joining enzymes,Multi-Statement Reasoning,Difficult,A,False,,True,PASS
NEET27-BIO-1355,XII,Botany,Unit 7: Genetics and Evolution,Evolution,Evolution,Evolutionary theories,Statement Completion,Easy,D,False,,True,PASS
NEET27-BIO-1356,XII,Botany,Unit 8: Biology and Human Welfare,Microbes in Human Welfare,Microbes in Human Welfare,Integrated chapter reasoning,Multi-statement,Difficult,B,False,,True,PASS
NEET27-BIO-1357,XII,Zoology,Unit 8: Biology and Human Welfare,Human Health and Disease,Human Health and Disease,Prevention and public health,Applied Classification,Medium,B,False,,True,PASS
NEET27-BIO-1358,XI,Zoology,Unit 5: Human Physiology,Locomotion and Movement,Locomotion and Movement,Integrated chapter reasoning,Higher-order multi-statement,Difficult,D,False,,True,PASS
NEET27-BIO-1359,XI,Botany,Unit 4: Plant Physiology,Plant Growth and Development,Plant Growth and Development,Differentiation with Redifferentiation,Applied statement comparison,Medium,B,False,,True,PASS
NEET27-BIO-1360,XII,Botany,Unit 9: Biotechnology and Its Applications,Biotechnology and Its Applications,Biotechnology and Its Applications,Agricultural applications,Cross-Concept Elimination,Difficult,C,False,,True,PASS
NEET27-BIO-1361,XII,Botany,Unit 9: Biotechnology and Its Applications,Biotechnology: Principles and Processes,Biotechnology: Principles and Processes,Restriction and joining enzymes,Applied Classification,Medium,C,False,,True,PASS
NEET27-BIO-1362,XII,Botany,Unit 7: Genetics and Evolution,Principles of Inheritance and Variation,Principles of Inheritance and Variation,Sex-linked inheritance,Applied Classification,Medium,A,False,,True,PASS
NEET27-BIO-1363,XII,Botany,Unit 7: Genetics and Evolution,Principles of Inheritance and Variation,Principles of Inheritance and Variation,Mendelian inheritance,Applied Classification,Medium,D,False,,True,PASS
NEET27-BIO-1364,XI,Botany,Unit 2: Structural Organisation in Animals and Plants,Anatomy of Flowering Plants,Anatomy of Flowering Plants,Integrated chapter reasoning,Multi-statement,Difficult,A,False,,True,PASS
NEET27-BIO-1365,XII,Botany,Unit 10: Ecology and Environment,Organisms and Populations,Organisms and Populations,Population growth,Multi-statement analysis,Difficult,B,False,,True,PASS
NEET27-BIO-1366,XI,Botany,Unit 2: Structural Organisation in Animals and Plants,Morphology of Flowering Plants,Morphology of Flowering Plants,Integrated chapter reasoning,Higher-order multi-statement,Difficult,B,False,,True,PASS
NEET27-BIO-1367,XII,Zoology,Unit 8: Biology and Human Welfare,Human Health and Disease,Human Health and Disease,Drugs and addiction,Multi-Statement Reasoning,Difficult,C,False,,True,PASS
NEET27-BIO-1368,XII,Botany,Unit 7: Genetics and Evolution,Molecular Basis of Inheritance,Molecular Basis of Inheritance,Gene regulation and genomics,Direct Concept,Easy,A,False,,True,PASS
NEET27-BIO-1369,XII,Botany,Unit 10: Ecology and Environment,Ecosystem,Ecosystem,Ten-percent law and Pyramid of energy,Statement I and Statement II,Medium,D,False,,True,PASS
NEET27-BIO-1370,XI,Zoology,Unit 5: Human Physiology,Excretory Products and Their Elimination,Excretory Products and Their Elimination,Overall build of a nephron,Direct Concept,Easy,C,False,,True,PASS
NEET27-BIO-1371,XII,Botany,Unit 7: Genetics and Evolution,Molecular Basis of Inheritance,Molecular Basis of Inheritance,Events at a DNA replication fork,Diagram Interpretation,Easy,B,True,figures/NEET27-BIO-XII-CH05-FIG01.png,True,PASS
NEET27-BIO-1372,XII,Botany,Unit 10: Ecology and Environment,Ecosystem,Ecosystem,Integrated chapter reasoning,Higher-order multi-statement,Difficult,D,False,,True,PASS
NEET27-BIO-1373,XI,Botany,Unit 3: Cell Structure and Function,Biomolecules,Biomolecules,Protein structure,Multi-Step Numerical,Difficult,A,False,,True,PASS
NEET27-BIO-1374,XI,Botany,Unit 2: Structural Organisation in Animals and Plants,Morphology of Flowering Plants,Morphology of Flowering Plants,Leaf modifications with Floral whorls,Applied statement comparison,Medium,C,False,,True,PASS
NEET27-BIO-1375,XII,Botany,Unit 7: Genetics and Evolution,Principles of Inheritance and Variation,Principles of Inheritance and Variation,Chromosomes linkage and crossing over,Integrated Association Analysis,Medium,A,False,,True,PASS
NEET27-BIO-1376,XI,Botany,Unit 2: Structural Organisation in Animals and Plants,Anatomy of Flowering Plants,Anatomy of Flowering Plants,Integrated chapter reasoning,Multi-statement,Difficult,A,False,,True,PASS
NEET27-BIO-1377,XI,Zoology,Unit 1: Diversity in Living World,Animal Kingdom,Animal Kingdom,Annelida,Direct NCERT-based,Easy,D,False,,True,PASS
NEET27-BIO-1378,XI,Zoology,Unit 5: Human Physiology,Chemical Coordination and Integration,Chemical Coordination and Integration,Pituitary and thyroid,Statement Completion,Easy,C,False,,True,PASS
NEET27-BIO-1379,XI,Botany,Unit 1: Diversity in Living World,The Living World,The Living World,Integrated chapter reasoning,Higher-order multi-statement,Difficult,D,False,,True,PASS
NEET27-BIO-1380,XI,Botany,Unit 1: Diversity in Living World,The Living World,The Living World,Integrated chapter reasoning,Multi-statement,Difficult,C,False,,True,PASS
NEET27-BIO-1381,XI,Botany,Unit 4: Plant Physiology,Plant Growth and Development,Plant Growth and Development,Integrated chapter reasoning,Multi-statement,Difficult,B,False,,True,PASS
NEET27-BIO-1382,XI,Zoology,Unit 5: Human Physiology,Excretory Products and Their Elimination,Excretory Products and Their Elimination,Juxta glomerular apparatus,Direct Concept,Easy,A,False,,True,PASS
NEET27-BIO-1383,XII,Botany,Unit 7: Genetics and Evolution,Principles of Inheritance and Variation,Principles of Inheritance and Variation,Crosses,Applied Classification,Medium,B,False,,True,PASS
NEET27-BIO-1384,XI,Zoology,Unit 5: Human Physiology,Excretory Products and Their Elimination,Excretory Products and Their Elimination,"Hormonal regulation, effects",Comparison Based,Difficult,A,False,,True,PASS
NEET27-BIO-1385,XII,Botany,Unit 6: Reproduction,Sexual Reproduction in Flowering Plants,Sexual Reproduction in Flowering Plants,Special reproductive phenomena,Reverse Association,Easy,B,False,,True,PASS
NEET27-BIO-1386,XII,Botany,Unit 7: Genetics and Evolution,Molecular Basis of Inheritance,Molecular Basis of Inheritance,DNA replication,Cross-Concept Elimination,Difficult,B,False,,True,PASS
NEET27-BIO-1387,XI,Zoology,Unit 2: Structural Organisation in Animals and Plants,Structural Organisation in Animals,Structural Organisation in Animals,Connective tissue with Blood,Applied statement comparison,Medium,C,False,,True,PASS
NEET27-BIO-1388,XI,Zoology,Unit 2: Structural Organisation in Animals and Plants,Structural Organisation in Animals,Structural Organisation in Animals,Frog nervous system and Male frog reproduction,Statement I and Statement II,Medium,D,False,,True,PASS
NEET27-BIO-1389,XI,Botany,Unit 2: Structural Organisation in Animals and Plants,Morphology of Flowering Plants,Morphology of Flowering Plants,Integrated chapter reasoning,Higher-order multi-statement,Difficult,C,False,,True,PASS
NEET27-BIO-1390,XII,Zoology,Unit 8: Biology and Human Welfare,Human Health and Disease,Human Health and Disease,Viral and helminth diseases,Evidence Integration,Difficult,D,False,,True,PASS
NEET27-BIO-1391,XII,Botany,Unit 10: Ecology and Environment,Biodiversity and Conservation,Biodiversity and Conservation,Biodiversity patterns,Multi-Statement Reasoning,Difficult,A,False,,True,PASS
NEET27-BIO-1392,XII,Botany,Unit 9: Biotechnology and Its Applications,Biotechnology: Principles and Processes,Biotechnology: Principles and Processes,PCR and analysis,Integrated Association Analysis,Medium,B,False,,True,PASS
NEET27-BIO-1393,XII,Botany,Unit 7: Genetics and Evolution,Principles of Inheritance and Variation,Principles of Inheritance and Variation,Genetic terminology,Match the Pair,Medium,A,False,,True,PASS
NEET27-BIO-1394,XI,Botany,Unit 4: Plant Physiology,Plant Growth and Development,Plant Growth and Development,Phases of growth,Direct NCERT-based,Easy,D,False,,True,PASS
NEET27-BIO-1395,XI,Zoology,Unit 5: Human Physiology,Locomotion and Movement,Locomotion and Movement,Sliding-filament mechanism with Skeletal divisions,Applied statement comparison,Medium,D,False,,True,PASS
NEET27-BIO-1396,XI,Zoology,Unit 5: Human Physiology,Excretory Products and Their Elimination,Excretory Products and Their Elimination,Path of the filtrate through the nephron,Statement Based,Difficult,B,False,,True,PASS
NEET27-BIO-1397,XI,Zoology,Unit 5: Human Physiology,Breathing and Exchange of Gases,Breathing and Exchange of Gases,Human respiratory tract,Cross-Concept Elimination,Difficult,D,False,,True,PASS
NEET27-BIO-1398,XI,Botany,Unit 1: Diversity in Living World,Biological Classification,Biological Classification,Cyanobacteria,Direct NCERT-based,Easy,B,False,,True,PASS
NEET27-BIO-1399,XI,Zoology,Unit 5: Human Physiology,Excretory Products and Their Elimination,Excretory Products and Their Elimination,Nephron parts in cortex and medulla,Conceptual Trap,Difficult,C,False,,True,PASS
NEET27-BIO-1400,XII,Botany,Unit 7: Genetics and Evolution,Principles of Inheritance and Variation,Principles of Inheritance and Variation,Sex determination,Direct Concept,Easy,C,False,,True,PASS
NEET27-BIO-1401,XI,Zoology,Unit 5: Human Physiology,Breathing and Exchange of Gases,Breathing and Exchange of Gases,Respiratory organs,Reverse Association,Easy,A,False,,True,PASS
NEET27-BIO-1402,XII,Zoology,Unit 8: Biology and Human Welfare,Human Health and Disease,Human Health and Disease,Bacterial and protozoan diseases,Direct Concept,Easy,B,False,,True,PASS
NEET27-BIO-1403,XII,Botany,Unit 7: Genetics and Evolution,Principles of Inheritance and Variation,Principles of Inheritance and Variation,Sex determination,Case Analysis,Difficult,A,False,,True,PASS
NEET27-BIO-1404,XI,Botany,Unit 3: Cell Structure and Function,Cell: The Unit of Life,Cell: The Unit of Life,Nucleus,Direct NCERT-based,Easy,C,False,,True,PASS
NEET27-BIO-1405,XI,Zoology,Unit 1: Diversity in Living World,Animal Kingdom,Animal Kingdom,Integrated chapter reasoning,Multi-statement,Difficult,D,False,,True,PASS
NEET27-BIO-1406,XI,Botany,Unit 3: Cell Structure and Function,Cell: The Unit of Life,Cell: The Unit of Life,Chromatin,Direct NCERT-based,Easy,D,False,,True,PASS
NEET27-BIO-1407,XI,Zoology,Unit 5: Human Physiology,Locomotion and Movement,Locomotion and Movement,ATP in contraction and Skeletal divisions,Statement I and Statement II,Medium,A,False,,True,PASS
NEET27-BIO-1408,XII,Botany,Unit 7: Genetics and Evolution,Principles of Inheritance and Variation,Principles of Inheritance and Variation,Sex-linked inheritance,Reverse Association,Easy,A,False,,True,PASS
NEET27-BIO-1409,XI,Zoology,Unit 1: Diversity in Living World,Animal Kingdom,Animal Kingdom,Integrated chapter reasoning,Multi-statement,Difficult,B,False,,True,PASS
NEET27-BIO-1410,XI,Botany,Unit 3: Cell Structure and Function,Cell Cycle and Cell Division,Cell Cycle and Cell Division,Anaphase with Cytokinesis,Applied statement comparison,Medium,B,False,,True,PASS
NEET27-BIO-1411,XI,Botany,Unit 1: Diversity in Living World,The Living World,The Living World,Species with Taxon,Applied statement comparison,Medium,C,False,,True,PASS
NEET27-BIO-1412,XI,Botany,Unit 1: Diversity in Living World,Plant Kingdom,Plant Kingdom,Bryophyte habitat,Direct NCERT-based,Easy,B,False,,True,PASS
NEET27-BIO-1413,XI,Botany,Unit 4: Plant Physiology,Plant Growth and Development,Plant Growth and Development,Differentiation and Dedifferentiation,Statement I and Statement II,Medium,B,False,,True,PASS
NEET27-BIO-1414,XII,Botany,Unit 8: Biology and Human Welfare,Microbes in Human Welfare,Microbes in Human Welfare,Statins with Flocs and BOD,Applied statement comparison,Medium,D,False,,True,PASS
NEET27-BIO-1415,XI,Botany,Unit 1: Diversity in Living World,Biological Classification,Biological Classification,Integrated chapter reasoning,Multi-statement,Difficult,C,False,,True,PASS
NEET27-BIO-1416,XII,Botany,Unit 7: Genetics and Evolution,Molecular Basis of Inheritance,Molecular Basis of Inheritance,Transcription and RNA,Reverse Association,Easy,C,False,,True,PASS
NEET27-BIO-1417,XII,Botany,Unit 7: Genetics and Evolution,Evolution,Evolution,Three modes of natural selection,Graph Analysis,Easy,A,True,figures/NEET27-BIO-XII-CH06-FIG01.png,True,PASS
NEET27-BIO-1418,XI,Botany,Unit 2: Structural Organisation in Animals and Plants,Morphology of Flowering Plants,Morphology of Flowering Plants,Integrated chapter reasoning,Multi-statement,Difficult,C,False,,True,PASS
NEET27-BIO-1419,XII,Botany,Unit 7: Genetics and Evolution,Molecular Basis of Inheritance,Molecular Basis of Inheritance,DNA structure,Statement Completion,Easy,D,False,,True,PASS
NEET27-BIO-1420,XII,Botany,Unit 10: Ecology and Environment,Biodiversity and Conservation,Biodiversity and Conservation,Co-extinction and In situ conservation,Statement I and Statement II,Medium,A,False,,True,PASS
NEET27-BIO-1421,XI,Botany,Unit 2: Structural Organisation in Animals and Plants,Anatomy of Flowering Plants,Anatomy of Flowering Plants,Integrated chapter reasoning,Multi-statement,Difficult,A,False,,True,PASS
NEET27-BIO-1422,XII,Botany,Unit 10: Ecology and Environment,Organisms and Populations,Organisms and Populations,Integrated chapter reasoning,Multi-statement,Difficult,D,False,,True,PASS
NEET27-BIO-1423,XI,Zoology,Unit 5: Human Physiology,Excretory Products and Their Elimination,Excretory Products and Their Elimination,Identification of nephron parts,Mixed Concept,Difficult,B,False,,True,PASS
NEET27-BIO-1424,XII,Botany,Unit 10: Ecology and Environment,Biodiversity and Conservation,Biodiversity and Conservation,Latitudinal gradient,Direct NCERT-based,Easy,D,False,,True,PASS
NEET27-BIO-1425,XII,Botany,Unit 10: Ecology and Environment,Ecosystem,Ecosystem,Integrated chapter reasoning,Multi-statement,Difficult,A,False,,True,PASS
NEET27-BIO-1426,XI,Botany,Unit 1: Diversity in Living World,The Living World,The Living World,Cellular organisation and Consciousness,Statement I and Statement II,Medium,C,False,,True,PASS
NEET27-BIO-1427,XI,Botany,Unit 3: Cell Structure and Function,Cell: The Unit of Life,Cell: The Unit of Life,Integrated chapter reasoning,Higher-order multi-statement,Difficult,C,False,,True,PASS
NEET27-BIO-1428,XII,Zoology,Unit 8: Biology and Human Welfare,Human Health and Disease,Human Health and Disease,Key transfers in the malaria life cycle,Diagram Interpretation,Medium,B,True,figures/NEET27-BIO-XII-CH07-FIG02.png,True,PASS
NEET27-BIO-1429,XI,Zoology,Unit 5: Human Physiology,Breathing and Exchange of Gases,Breathing and Exchange of Gases,Gas transport,Cross-Concept Elimination,Difficult,B,False,,True,PASS
NEET27-BIO-1430,XI,Botany,Unit 4: Plant Physiology,Photosynthesis in Higher Plants,Photosynthesis in Higher Plants,Integrated chapter reasoning,Multi-statement,Difficult,D,False,,True,PASS
NEET27-BIO-1431,XI,Botany,Unit 4: Plant Physiology,Plant Growth and Development,Plant Growth and Development,Auxin,Direct NCERT-based,Easy,C,False,,True,PASS
NEET27-BIO-1432,XII,Zoology,Unit 6: Reproduction,Human Reproduction,Human Reproduction,Early human development,Diagram Interpretation,Easy,B,True,figures/NEET27-BIO-XII-CH02-FIG02.png,True,PASS
NEET27-BIO-1433,XII,Botany,Unit 7: Genetics and Evolution,Evolution,Evolution,Evidence of evolution,Applied Classification,Medium,A,False,,True,PASS
NEET27-BIO-1434,XI,Botany,Unit 4: Plant Physiology,Plant Growth and Development,Plant Growth and Development,Dedifferentiation and Redifferentiation,Statement I and Statement II,Medium,C,False,,True,PASS
NEET27-BIO-1435,XII,Botany,Unit 7: Genetics and Evolution,Principles of Inheritance and Variation,Principles of Inheritance and Variation,Mendelian inheritance,Cross-Concept Elimination,Difficult,C,False,,True,PASS
NEET27-BIO-1436,XI,Botany,Unit 3: Cell Structure and Function,Biomolecules,Biomolecules,Michaelis-Menten constant,Direct Concept,Easy,A,False,,True,PASS
NEET27-BIO-1437,XII,Botany,Unit 7: Genetics and Evolution,Principles of Inheritance and Variation,Principles of Inheritance and Variation,Non-Mendelian patterns,Evidence Integration,Difficult,D,False,,True,PASS
NEET27-BIO-1438,XII,Botany,Unit 7: Genetics and Evolution,Evolution,Evolution,Population genetics,Reverse Association,Easy,D,False,,True,PASS
NEET27-BIO-1439,XII,Botany,Unit 7: Genetics and Evolution,Evolution,Evolution,Population genetics,Integrated Association Analysis,Medium,B,False,,True,PASS
NEET27-BIO-1440,XII,Zoology,Unit 8: Biology and Human Welfare,Human Health and Disease,Human Health and Disease,Viral and helminth diseases,Statement Completion,Easy,C,False,,True,PASS
NEET27-BIO-1441,XI,Zoology,Unit 1: Diversity in Living World,Animal Kingdom,Animal Kingdom,Integrated chapter reasoning,Higher-order multi-statement,Difficult,A,False,,True,PASS
NEET27-BIO-1442,XI,Zoology,Unit 5: Human Physiology,Body Fluids and Circulation,Body Fluids and Circulation,Heart anatomy,Reverse Association,Easy,B,False,,True,PASS
NEET27-BIO-1443,XI,Botany,Unit 4: Plant Physiology,Respiration in Plants,Respiration in Plants,Substrate-level versus oxidative phosphorylation,Comparison Based,Easy,A,False,,True,PASS
NEET27-BIO-1444,XII,Botany,Unit 9: Biotechnology and Its Applications,Biotechnology: Principles and Processes,Biotechnology: Principles and Processes,Restriction and joining enzymes,Reverse Association,Easy,D,False,,True,PASS
NEET27-BIO-1445,XII,Zoology,Unit 6: Reproduction,Human Reproduction,Human Reproduction,Female reproductive system,Reverse Association,Easy,A,False,,True,PASS
NEET27-BIO-1446,XI,Botany,Unit 1: Diversity in Living World,The Living World,The Living World,Taxon and Biodiversity,Statement I and Statement II,Medium,D,False,,True,PASS
NEET27-BIO-1447,XI,Zoology,Unit 5: Human Physiology,Chemical Coordination and Integration,Chemical Coordination and Integration,Pancreas adrenal and gonads,Multi-Statement Reasoning,Difficult,B,False,,True,PASS
NEET27-BIO-1448,XII,Zoology,Unit 6: Reproduction,Human Reproduction,Human Reproduction,Menstrual cycle,Direct Concept,Easy,C,False,,True,PASS
NEET27-BIO-1449,XI,Zoology,Unit 5: Human Physiology,Excretory Products and Their Elimination,Excretory Products and Their Elimination,Internal regions of the kidney,Direct Concept,Easy,B,False,,True,PASS
NEET27-BIO-1450,XI,Zoology,Unit 5: Human Physiology,Breathing and Exchange of Gases,Breathing and Exchange of Gases,Mechanics of breathing,Multi-Statement Reasoning,Difficult,D,False,,True,PASS
NEET27-BIO-1451,XII,Botany,Unit 10: Ecology and Environment,Organisms and Populations,Organisms and Populations,Exponential growth with Carrying capacity,Applied statement comparison,Medium,C,False,,True,PASS
NEET27-BIO-1452,XI,Botany,Unit 4: Plant Physiology,Respiration in Plants,Respiration in Plants,RQ of anaerobic respiration,Conceptual Trap,Difficult,A,False,,True,PASS
NEET27-BIO-1453,XI,Botany,Unit 4: Plant Physiology,Photosynthesis in Higher Plants,Photosynthesis in Higher Plants,Photorespiration and Limiting factors,Statement I and Statement II,Medium,D,False,,True,PASS
NEET27-BIO-1454,XII,Botany,Unit 10: Ecology and Environment,Biodiversity and Conservation,Biodiversity and Conservation,Integrated chapter reasoning,Higher-order multi-statement,Difficult,B,False,,True,PASS
NEET27-BIO-1455,XI,Botany,Unit 2: Structural Organisation in Animals and Plants,Morphology of Flowering Plants,Morphology of Flowering Plants,Integrated chapter reasoning,Multi-statement,Difficult,C,False,,True,PASS
NEET27-BIO-1456,XII,Botany,Unit 6: Reproduction,Sexual Reproduction in Flowering Plants,Sexual Reproduction in Flowering Plants,Special reproductive phenomena,Applied Classification,Medium,A,False,,True,PASS
NEET27-BIO-1457,XII,Zoology,Unit 6: Reproduction,Reproductive Health,Reproductive Health,Birth control and reproductive health,Applied Classification,Medium,B,False,,True,PASS
NEET27-BIO-1458,XII,Botany,Unit 6: Reproduction,Sexual Reproduction in Flowering Plants,Sexual Reproduction in Flowering Plants,Fertilization,Statement Completion,Easy,A,False,,True,PASS
NEET27-BIO-1459,XII,Botany,Unit 7: Genetics and Evolution,Molecular Basis of Inheritance,Molecular Basis of Inheritance,Gene regulation and genomics,Cross-Concept Elimination,Difficult,C,False,,True,PASS
NEET27-BIO-1460,XI,Botany,Unit 4: Plant Physiology,Respiration in Plants,Respiration in Plants,Why respiration is not purely catabolic,Conceptual Trap,Difficult,B,False,,True,PASS
NEET27-BIO-1461,XII,Botany,Unit 7: Genetics and Evolution,Principles of Inheritance and Variation,Principles of Inheritance and Variation,Chromosomal disorders,Integrated Association Analysis,Medium,A,False,,True,PASS
NEET27-BIO-1462,XI,Botany,Unit 4: Plant Physiology,Plant Growth and Development,Plant Growth and Development,Integrated chapter reasoning,Higher-order multi-statement,Difficult,D,False,,True,PASS
NEET27-BIO-1463,XII,Botany,Unit 8: Biology and Human Welfare,Microbes in Human Welfare,Microbes in Human Welfare,Anaerobic sludge digestion with Biocontrol,Applied statement comparison,Medium,C,False,,True,PASS
NEET27-BIO-1464,XI,Zoology,Unit 5: Human Physiology,Neural Control and Coordination,Neural Control and Coordination,Impulse and synapse,Applied Classification,Medium,D,False,,True,PASS
NEET27-BIO-1465,XII,Botany,Unit 7: Genetics and Evolution,Molecular Basis of Inheritance,Molecular Basis of Inheritance,DNA packaging,Match the Pair,Medium,D,False,,True,PASS
NEET27-BIO-1466,XI,Botany,Unit 4: Plant Physiology,Plant Growth and Development,Plant Growth and Development,Integrated chapter reasoning,Multi-statement,Difficult,A,False,,True,PASS
NEET27-BIO-1467,XI,Botany,Unit 1: Diversity in Living World,Biological Classification,Biological Classification,Dinoflagellates,Direct NCERT-based,Easy,D,False,,True,PASS
NEET27-BIO-1468,XI,Botany,Unit 1: Diversity in Living World,Biological Classification,Biological Classification,Integrated chapter reasoning,Multi-statement,Difficult,C,False,,True,PASS
NEET27-BIO-1469,XI,Zoology,Unit 1: Diversity in Living World,Animal Kingdom,Animal Kingdom,Integrated chapter reasoning,Higher-order multi-statement,Difficult,D,False,,True,PASS
NEET27-BIO-1470,XII,Zoology,Unit 8: Biology and Human Welfare,Human Health and Disease,Human Health and Disease,Bacterial and protozoan diseases,Applied Classification,Medium,A,False,,True,PASS
NEET27-BIO-1471,XI,Botany,Unit 3: Cell Structure and Function,Cell Cycle and Cell Division,Cell Cycle and Cell Division,Prophase,Direct NCERT-based,Easy,C,False,,True,PASS
NEET27-BIO-1472,XI,Botany,Unit 3: Cell Structure and Function,Biomolecules,Biomolecules,Monosaccharides,Multi-Step Numerical,Difficult,B,False,,True,PASS
NEET27-BIO-1473,XII,Botany,Unit 7: Genetics and Evolution,Principles of Inheritance and Variation,Principles of Inheritance and Variation,Mendelian inheritance,Statement Completion,Medium,C,False,,True,PASS
NEET27-BIO-1474,XI,Zoology,Unit 5: Human Physiology,Body Fluids and Circulation,Body Fluids and Circulation,Vessels pressure and lymph,Integrated Association Analysis,Medium,B,False,,True,PASS
NEET27-BIO-1475,XII,Botany,Unit 9: Biotechnology and Its Applications,Biotechnology and Its Applications,Biotechnology and Its Applications,Medical applications,Integrated Association Analysis,Medium,D,False,,True,PASS
NEET27-BIO-1476,XII,Botany,Unit 7: Genetics and Evolution,Molecular Basis of Inheritance,Molecular Basis of Inheritance,Transcription and RNA,Cross-Concept Elimination,Difficult,A,False,,True,PASS
NEET27-BIO-1477,XI,Botany,Unit 1: Diversity in Living World,Plant Kingdom,Plant Kingdom,Red-algal reserve food,Direct NCERT-based,Easy,B,False,,True,PASS
NEET27-BIO-1478,XII,Botany,Unit 10: Ecology and Environment,Ecosystem,Ecosystem,Ecological pyramids,Integrated Association Analysis,Medium,B,False,,True,PASS
NEET27-BIO-1479,XII,Botany,Unit 10: Ecology and Environment,Biodiversity and Conservation,Biodiversity and Conservation,Biodiversity patterns,Reverse Association,Easy,C,False,,True,PASS
NEET27-BIO-1480,XI,Botany,Unit 3: Cell Structure and Function,Biomolecules,Biomolecules,Disaccharides,Mixed Concept,Difficult,C,False,,True,PASS
NEET27-BIO-1481,XII,Zoology,Unit 8: Biology and Human Welfare,Human Health and Disease,Human Health and Disease,Drugs and addiction,Case Analysis,Difficult,B,False,,True,PASS
NEET27-BIO-1482,XI,Zoology,Unit 5: Human Physiology,Breathing and Exchange of Gases,Breathing and Exchange of Gases,Human respiratory tract,Match the Pair,Medium,C,False,,True,PASS
NEET27-BIO-1483,XI,Botany,Unit 1: Diversity in Living World,The Living World,The Living World,Characteristics of living organisms with Metabolism,Applied statement comparison,Medium,A,False,,True,PASS
NEET27-BIO-1484,XII,Botany,Unit 10: Ecology and Environment,Organisms and Populations,Organisms and Populations,Integrated chapter reasoning,Higher-order multi-statement,Difficult,A,False,,True,PASS
NEET27-BIO-1485,XI,Zoology,Unit 5: Human Physiology,Excretory Products and Their Elimination,Excretory Products and Their Elimination,Path of the tubular fluid,Statement Based,Medium,B,False,,True,PASS
NEET27-BIO-1486,XII,Botany,Unit 9: Biotechnology and Its Applications,Biotechnology: Principles and Processes,Biotechnology: Principles and Processes,Cloning vectors,Direct Concept,Easy,A,False,,True,PASS
NEET27-BIO-1487,XII,Zoology,Unit 6: Reproduction,Reproductive Health,Reproductive Health,Birth control and reproductive health,Match the Pair,Medium,C,False,,True,PASS
NEET27-BIO-1488,XI,Botany,Unit 4: Plant Physiology,Respiration in Plants,Respiration in Plants,Site of the electron transport system,Direct Concept,Easy,B,False,,True,PASS
NEET27-BIO-1489,XI,Botany,Unit 3: Cell Structure and Function,Cell Cycle and Cell Division,Cell Cycle and Cell Division,Significance of meiosis,Direct NCERT-based,Easy,D,False,,True,PASS
NEET27-BIO-1490,XI,Botany,Unit 2: Structural Organisation in Animals and Plants,Morphology of Flowering Plants,Morphology of Flowering Plants,Integrated chapter reasoning,Multi-statement,Difficult,D,False,,True,PASS
NEET27-BIO-1491,XI,Botany,Unit 3: Cell Structure and Function,Cell: The Unit of Life,Cell: The Unit of Life,Microbodies and Cytoskeleton,Statement I and Statement II,Medium,A,False,,True,PASS
NEET27-BIO-1492,XII,Zoology,Unit 6: Reproduction,Human Reproduction,Human Reproduction,Male reproductive system,Evidence Integration,Difficult,A,False,,True,PASS
NEET27-BIO-1493,XI,Zoology,Unit 5: Human Physiology,Excretory Products and Their Elimination,Excretory Products and Their Elimination,Nephron parts in cortex and medulla,Comparison Based,Easy,C,False,,True,PASS
NEET27-BIO-1494,XI,Botany,Unit 4: Plant Physiology,Respiration in Plants,Respiration in Plants,RQ under aerobic and anaerobic conditions,Multi-Step Numerical,Difficult,C,False,,True,PASS
NEET27-BIO-1495,XI,Botany,Unit 4: Plant Physiology,Photosynthesis in Higher Plants,Photosynthesis in Higher Plants,Integrated chapter reasoning,Higher-order multi-statement,Difficult,B,False,,True,PASS
NEET27-BIO-1496,XI,Botany,Unit 1: Diversity in Living World,Biological Classification,Biological Classification,Integrated chapter reasoning,Higher-order multi-statement,Difficult,D,False,,True,PASS
NEET27-BIO-1497,XII,Botany,Unit 7: Genetics and Evolution,Principles of Inheritance and Variation,Principles of Inheritance and Variation,Sex-linked inheritance,Match the Pair,Medium,D,False,,True,PASS
NEET27-BIO-1498,XI,Botany,Unit 3: Cell Structure and Function,Biomolecules,Biomolecules,Fatty acids,Comparison Based,Easy,B,False,,True,PASS
NEET27-BIO-1499,XI,Botany,Unit 4: Plant Physiology,Respiration in Plants,Respiration in Plants,Net fate of oxaloacetate,Conceptual Trap,Difficult,C,False,,True,PASS
NEET27-BIO-1500,XI,Zoology,Unit 1: Diversity in Living World,Animal Kingdom,Animal Kingdom,Integrated chapter reasoning,Higher-order multi-statement,Difficult,A,False,,True,PASS
NEET27-BIO-1501,XI,Botany,Unit 3: Cell Structure and Function,Biomolecules,Biomolecules,Cellulose,Mixed Concept,Difficult,D,False,,True,PASS
NEET27-BIO-1502,XII,Botany,Unit 6: Reproduction,Sexual Reproduction in Flowering Plants,Sexual Reproduction in Flowering Plants,Post-fertilization development,Match the Pair,Medium,C,False,,True,PASS
NEET27-BIO-1503,XI,Botany,Unit 3: Cell Structure and Function,Biomolecules,Biomolecules,Catabolic and anabolic pathways,Comparison Based,Easy,A,False,,True,PASS
NEET27-BIO-1504,XI,Botany,Unit 1: Diversity in Living World,Biological Classification,Biological Classification,Integrated chapter reasoning,Multi-statement,Difficult,B,False,,True,PASS
NEET27-BIO-1505,XI,Botany,Unit 1: Diversity in Living World,The Living World,The Living World,Integrated chapter reasoning,Higher-order multi-statement,Difficult,B,False,,True,PASS
NEET27-BIO-1506,XII,Botany,Unit 9: Biotechnology and Its Applications,Biotechnology: Principles and Processes,Biotechnology: Principles and Processes,rDNA methodology,Reverse Association,Easy,D,False,,True,PASS
NEET27-BIO-1507,XI,Zoology,Unit 5: Human Physiology,Locomotion and Movement,Locomotion and Movement,Sarcomere and Thin filaments,Statement I and Statement II,Medium,B,False,,True,PASS
NEET27-BIO-1508,XI,Zoology,Unit 1: Diversity in Living World,Animal Kingdom,Animal Kingdom,Integrated chapter reasoning,Higher-order multi-statement,Difficult,A,False,,True,PASS
NEET27-BIO-1509,XI,Botany,Unit 2: Structural Organisation in Animals and Plants,Morphology of Flowering Plants,Morphology of Flowering Plants,Poaceae and Root systems,Statement I and Statement II,Medium,A,False,,True,PASS
NEET27-BIO-1510,XII,Botany,Unit 9: Biotechnology and Its Applications,Biotechnology: Principles and Processes,Biotechnology: Principles and Processes,Core principles,Match the Pair,Medium,D,False,,True,PASS
NEET27-BIO-1511,XII,Botany,Unit 6: Reproduction,Sexual Reproduction in Flowering Plants,Sexual Reproduction in Flowering Plants,Special reproductive phenomena,Reverse Association,Easy,C,False,,True,PASS
NEET27-BIO-1512,XI,Zoology,Unit 5: Human Physiology,Chemical Coordination and Integration,Chemical Coordination and Integration,Pituitary and thyroid,Case Analysis,Difficult,C,False,,True,PASS
NEET27-BIO-1513,XI,Botany,Unit 3: Cell Structure and Function,Biomolecules,Biomolecules,Chargaff arithmetic,Multi-Step Numerical,Difficult,D,False,,True,PASS
NEET27-BIO-1514,XII,Botany,Unit 6: Reproduction,Sexual Reproduction in Flowering Plants,Sexual Reproduction in Flowering Plants,Special reproductive phenomena,Match the Pair,Medium,A,False,,True,PASS
NEET27-BIO-1515,XII,Botany,Unit 7: Genetics and Evolution,Principles of Inheritance and Variation,Principles of Inheritance and Variation,Chromosomal disorders,Statement Completion,Easy,B,False,,True,PASS
NEET27-BIO-1516,XII,Botany,Unit 7: Genetics and Evolution,Evolution,Evolution,Speciation and adaptation,Applied Classification,Medium,B,False,,True,PASS
NEET27-BIO-1517,XII,Zoology,Unit 6: Reproduction,Human Reproduction,Human Reproduction,Female reproductive system,Case Analysis,Difficult,A,False,,True,PASS
NEET27-BIO-1518,XI,Botany,Unit 2: Structural Organisation in Animals and Plants,Morphology of Flowering Plants,Morphology of Flowering Plants,Malvaceae,Direct NCERT-based,Easy,D,False,,True,PASS
NEET27-BIO-1519,XI,Botany,Unit 3: Cell Structure and Function,Biomolecules,Biomolecules,Monosaccharides,Comparison Based,Easy,A,False,,True,PASS
NEET27-BIO-1520,XI,Botany,Unit 2: Structural Organisation in Animals and Plants,Morphology of Flowering Plants,Morphology of Flowering Plants,Integrated chapter reasoning,Higher-order multi-statement,Difficult,C,False,,True,PASS
NEET27-BIO-1521,XII,Botany,Unit 9: Biotechnology and Its Applications,Biotechnology and Its Applications,Biotechnology and Its Applications,Agricultural applications,Reverse Association,Easy,A,False,,True,PASS
NEET27-BIO-1522,XI,Zoology,Unit 5: Human Physiology,Breathing and Exchange of Gases,Breathing and Exchange of Gases,Human respiratory tract,Cross-Concept Elimination,Difficult,B,False,,True,PASS
NEET27-BIO-1523,XI,Botany,Unit 1: Diversity in Living World,Biological Classification,Biological Classification,Five-kingdom classification,Direct NCERT-based,Easy,B,False,,True,PASS
NEET27-BIO-1524,XI,Botany,Unit 2: Structural Organisation in Animals and Plants,Anatomy of Flowering Plants,Anatomy of Flowering Plants,Tissue systems,Direct NCERT-based,Easy,C,False,,True,PASS
NEET27-BIO-1525,XII,Botany,Unit 8: Biology and Human Welfare,Microbes in Human Welfare,Microbes in Human Welfare,Integrated chapter reasoning,Multi-statement,Difficult,D,False,,True,PASS
NEET27-BIO-1526,XI,Botany,Unit 3: Cell Structure and Function,Cell: The Unit of Life,Cell: The Unit of Life,Cell wall,Direct NCERT-based,Easy,D,False,,True,PASS
NEET27-BIO-1527,XII,Botany,Unit 7: Genetics and Evolution,Molecular Basis of Inheritance,Molecular Basis of Inheritance,Evidence for genetic material,Match the Pair,Medium,C,False,,True,PASS
NEET27-BIO-1528,XI,Botany,Unit 1: Diversity in Living World,Plant Kingdom,Plant Kingdom,Red-algal reserve food and Bryophyte life cycle,Statement I and Statement II,Medium,D,False,,True,PASS
NEET27-BIO-1529,XI,Zoology,Unit 1: Diversity in Living World,Animal Kingdom,Animal Kingdom,Fishes,Direct NCERT-based,Easy,D,False,,True,PASS
NEET27-BIO-1530,XI,Botany,Unit 2: Structural Organisation in Animals and Plants,Morphology of Flowering Plants,Morphology of Flowering Plants,Integrated chapter reasoning,Higher-order multi-statement,Difficult,A,False,,True,PASS
NEET27-BIO-1531,XI,Botany,Unit 4: Plant Physiology,Photosynthesis in Higher Plants,Photosynthesis in Higher Plants,Photosynthetic pigments,Direct NCERT-based,Easy,B,False,,True,PASS
NEET27-BIO-1532,XII,Botany,Unit 7: Genetics and Evolution,Molecular Basis of Inheritance,Molecular Basis of Inheritance,DNA replication,Multi-statement analysis,Difficult,B,False,,True,PASS
NEET27-BIO-1533,XII,Botany,Unit 8: Biology and Human Welfare,Microbes in Human Welfare,Microbes in Human Welfare,Integrated chapter reasoning,Higher-order multi-statement,Difficult,C,False,,True,PASS
NEET27-BIO-1534,XI,Botany,Unit 1: Diversity in Living World,Plant Kingdom,Plant Kingdom,Red algae and Red-algal reserve food,Statement I and Statement II,Medium,B,False,,True,PASS
NEET27-BIO-1535,XI,Zoology,Unit 5: Human Physiology,Chemical Coordination and Integration,Chemical Coordination and Integration,Endocrine disorders,Match the Pair,Medium,D,False,,True,PASS
NEET27-BIO-1536,XI,Zoology,Unit 5: Human Physiology,Excretory Products and Their Elimination,Excretory Products and Their Elimination,Kidney stones,Direct Concept,Easy,A,False,,True,PASS
NEET27-BIO-1537,XI,Botany,Unit 1: Diversity in Living World,Biological Classification,Biological Classification,Viroids with Kingdom Monera,Applied statement comparison,Medium,C,False,,True,PASS
NEET27-BIO-1538,XII,Botany,Unit 10: Ecology and Environment,Ecosystem,Ecosystem,Decomposers,Direct NCERT-based,Easy,C,False,,True,PASS
NEET27-BIO-1539,XI,Botany,Unit 1: Diversity in Living World,The Living World,The Living World,Systematics with Scientific-name conventions,Applied statement comparison,Medium,A,False,,True,PASS
NEET27-BIO-1540,XI,Botany,Unit 1: Diversity in Living World,Plant Kingdom,Plant Kingdom,Brown-algal reserve food and Red algae,Statement I and Statement II,Medium,A,False,,True,PASS
NEET27-BIO-1541,XI,Botany,Unit 4: Plant Physiology,Respiration in Plants,Respiration in Plants,Sequence of electron carriers,Statement Based,Medium,C,False,,True,PASS
NEET27-BIO-1542,XII,Botany,Unit 6: Reproduction,Sexual Reproduction in Flowering Plants,Sexual Reproduction in Flowering Plants,Ovule and embryo sac,Statement Completion,Easy,D,False,,True,PASS
NEET27-BIO-1543,XI,Zoology,Unit 5: Human Physiology,Excretory Products and Their Elimination,Excretory Products and Their Elimination,Osmoregulation in marine animals,Direct Concept,Easy,C,False,,True,PASS
NEET27-BIO-1544,XI,Botany,Unit 4: Plant Physiology,Plant Growth and Development,Plant Growth and Development,Integrated chapter reasoning,Multi-statement,Difficult,D,False,,True,PASS
NEET27-BIO-1545,XII,Botany,Unit 10: Ecology and Environment,Ecosystem,Ecosystem,Ecosystem organization,Statement Completion,Easy,B,False,,True,PASS
NEET27-BIO-1546,XI,Zoology,Unit 5: Human Physiology,Neural Control and Coordination,Neural Control and Coordination,Central nervous system,Match the Pair,Medium,B,False,,True,PASS
NEET27-BIO-1547,XI,Botany,Unit 2: Structural Organisation in Animals and Plants,Anatomy of Flowering Plants,Anatomy of Flowering Plants,Xylem and Phloem,Statement I and Statement II,Medium,D,False,,True,PASS
NEET27-BIO-1548,XI,Botany,Unit 3: Cell Structure and Function,Cell: The Unit of Life,Cell: The Unit of Life,Lysosomes,Direct NCERT-based,Easy,A,False,,True,PASS
NEET27-BIO-1549,XII,Botany,Unit 9: Biotechnology and Its Applications,Biotechnology and Its Applications,Biotechnology and Its Applications,Medical applications,Multi-Statement Reasoning,Difficult,B,False,,True,PASS
NEET27-BIO-1550,XI,Botany,Unit 1: Diversity in Living World,Plant Kingdom,Plant Kingdom,Integrated chapter reasoning,Multi-statement,Difficult,D,False,,True,PASS
NEET27-BIO-1551,XII,Botany,Unit 9: Biotechnology and Its Applications,Biotechnology: Principles and Processes,Biotechnology: Principles and Processes,Cloning vectors,Match the Pair,Medium,B,False,,True,PASS
NEET27-BIO-1552,XII,Botany,Unit 8: Biology and Human Welfare,Microbes in Human Welfare,Microbes in Human Welfare,Integrated chapter reasoning,Higher-order multi-statement,Difficult,C,False,,True,PASS
NEET27-BIO-1553,XII,Botany,Unit 6: Reproduction,Sexual Reproduction in Flowering Plants,Sexual Reproduction in Flowering Plants,Special reproductive phenomena,Applied Classification,Medium,C,False,,True,PASS
NEET27-BIO-1554,XI,Zoology,Unit 5: Human Physiology,Locomotion and Movement,Locomotion and Movement,Myasthenia gravis and Gout and osteoporosis,Statement I and Statement II,Medium,A,False,,True,PASS
NEET27-BIO-1555,XI,Botany,Unit 1: Diversity in Living World,Plant Kingdom,Plant Kingdom,Prothallus with Seed habit,Applied statement comparison,Medium,D,False,,True,PASS
NEET27-BIO-1556,XII,Botany,Unit 7: Genetics and Evolution,Principles of Inheritance and Variation,Principles of Inheritance and Variation,Mendelian inheritance,Reverse Association,Easy,B,False,,True,PASS
NEET27-BIO-1557,XI,Botany,Unit 4: Plant Physiology,Plant Growth and Development,Plant Growth and Development,Cytokinins,Direct NCERT-based,Easy,C,False,,True,PASS
NEET27-BIO-1558,XII,Botany,Unit 8: Biology and Human Welfare,Microbes in Human Welfare,Microbes in Human Welfare,Integrated chapter reasoning,Higher-order multi-statement,Difficult,A,False,,True,PASS
NEET27-BIO-1559,XI,Botany,Unit 1: Diversity in Living World,Biological Classification,Biological Classification,Integrated chapter reasoning,Higher-order multi-statement,Difficult,C,False,,True,PASS
NEET27-BIO-1560,XII,Botany,Unit 10: Ecology and Environment,Ecosystem,Ecosystem,Matter flow through an ecosystem,Diagram Interpretation,Easy,D,True,figures/NEET27-BIO-XII-CH12-FIG02.png,True,PASS
NEET27-BIO-1561,XI,Botany,Unit 3: Cell Structure and Function,Biomolecules,Biomolecules,Michaelis-Menten constant,Comparison Based,Difficult,A,False,,True,PASS
NEET27-BIO-1562,XII,Botany,Unit 9: Biotechnology and Its Applications,Biotechnology: Principles and Processes,Biotechnology: Principles and Processes,Restriction and joining enzymes,Statement Completion,Easy,A,False,,True,PASS
NEET27-BIO-1563,XII,Botany,Unit 10: Ecology and Environment,Biodiversity and Conservation,Biodiversity and Conservation,In situ conservation,Direct NCERT-based,Easy,C,False,,True,PASS
NEET27-BIO-1564,XI,Botany,Unit 4: Plant Physiology,Plant Growth and Development,Plant Growth and Development,Arithmetic growth and Geometric growth,Statement I and Statement II,Medium,B,False,,True,PASS
NEET27-BIO-1565,XI,Zoology,Unit 5: Human Physiology,Breathing and Exchange of Gases,Breathing and Exchange of Gases,Respiratory organs,Direct Concept,Easy,A,False,,True,PASS
NEET27-BIO-1566,XII,Zoology,Unit 6: Reproduction,Human Reproduction,Human Reproduction,Early development,Reverse Association,Easy,D,False,,True,PASS
NEET27-BIO-1567,XII,Zoology,Unit 6: Reproduction,Human Reproduction,Human Reproduction,Early development,Cross-Concept Elimination,Difficult,D,False,,True,PASS
NEET27-BIO-1568,XI,Zoology,Unit 1: Diversity in Living World,Animal Kingdom,Animal Kingdom,Integrated chapter reasoning,Multi-statement,Difficult,B,False,,True,PASS
NEET27-BIO-1569,XII,Botany,Unit 7: Genetics and Evolution,Principles of Inheritance and Variation,Principles of Inheritance and Variation,Mendelian inheritance,Statement Completion,Easy,B,False,,True,PASS
NEET27-BIO-1570,XI,Botany,Unit 2: Structural Organisation in Animals and Plants,Anatomy of Flowering Plants,Anatomy of Flowering Plants,Integrated chapter reasoning,Multi-statement,Difficult,A,False,,True,PASS
NEET27-BIO-1571,XII,Botany,Unit 10: Ecology and Environment,Organisms and Populations,Organisms and Populations,Parasitism and Population change,Statement I and Statement II,Medium,D,False,,True,PASS
NEET27-BIO-1572,XI,Botany,Unit 2: Structural Organisation in Animals and Plants,Morphology of Flowering Plants,Morphology of Flowering Plants,Integrated chapter reasoning,Higher-order multi-statement,Difficult,D,False,,True,PASS
NEET27-BIO-1573,XII,Botany,Unit 7: Genetics and Evolution,Molecular Basis of Inheritance,Molecular Basis of Inheritance,Gene regulation and genomics,Statement Completion,Easy,B,False,,True,PASS
NEET27-BIO-1574,XII,Botany,Unit 7: Genetics and Evolution,Molecular Basis of Inheritance,Molecular Basis of Inheritance,DNA packaging,Direct Concept,Easy,D,False,,True,PASS
NEET27-BIO-1575,XII,Botany,Unit 8: Biology and Human Welfare,Microbes in Human Welfare,Microbes in Human Welfare,Integrated chapter reasoning,Multi-statement,Difficult,C,False,,True,PASS
NEET27-BIO-1576,XI,Botany,Unit 2: Structural Organisation in Animals and Plants,Morphology of Flowering Plants,Morphology of Flowering Plants,Floral symmetry,Direct NCERT-based,Easy,C,False,,True,PASS
NEET27-BIO-1577,XI,Zoology,Unit 5: Human Physiology,Locomotion and Movement,Locomotion and Movement,Integrated chapter reasoning,Higher-order multi-statement,Difficult,B,False,,True,PASS
NEET27-BIO-1578,XI,Zoology,Unit 2: Structural Organisation in Animals and Plants,Structural Organisation in Animals,Structural Organisation in Animals,Blood and Muscle tissues,Statement I and Statement II,Medium,A,False,,True,PASS
NEET27-BIO-1579,XI,Botany,Unit 2: Structural Organisation in Animals and Plants,Morphology of Flowering Plants,Morphology of Flowering Plants,Asteraceae and Poaceae,Statement I and Statement II,Medium,C,False,,True,PASS
NEET27-BIO-1580,XI,Botany,Unit 1: Diversity in Living World,Biological Classification,Biological Classification,Euglenoids,Direct NCERT-based,Easy,A,False,,True,PASS
NEET27-BIO-1581,XI,Botany,Unit 4: Plant Physiology,Plant Growth and Development,Plant Growth and Development,Gibberellins and Cytokinins,Statement I and Statement II,Medium,B,False,,True,PASS
NEET27-BIO-1582,XII,Zoology,Unit 8: Biology and Human Welfare,Human Health and Disease,Human Health and Disease,Prevention and public health,Reverse Association,Easy,A,False,,True,PASS
NEET27-BIO-1583,XII,Botany,Unit 7: Genetics and Evolution,Principles of Inheritance and Variation,Principles of Inheritance and Variation,Non-Mendelian patterns,Match the Pair,Medium,A,False,,True,PASS
NEET27-BIO-1584,XII,Botany,Unit 10: Ecology and Environment,Organisms and Populations,Organisms and Populations,Age pyramids,Statement Completion,Easy,B,False,,True,PASS
NEET27-BIO-1585,XII,Zoology,Unit 8: Biology and Human Welfare,Human Health and Disease,Human Health and Disease,Immunity,Match the Pair,Medium,D,False,,True,PASS
NEET27-BIO-1586,XI,Zoology,Unit 5: Human Physiology,Neural Control and Coordination,Neural Control and Coordination,Neuron structure,Reverse Association,Easy,D,False,,True,PASS
NEET27-BIO-1587,XII,Zoology,Unit 6: Reproduction,Human Reproduction,Human Reproduction,Menstrual cycle,Cross-Concept Elimination,Difficult,C,False,,True,PASS
NEET27-BIO-1588,XI,Botany,Unit 4: Plant Physiology,Photosynthesis in Higher Plants,Photosynthesis in Higher Plants,Integrated chapter reasoning,Multi-statement,Difficult,A,False,,True,PASS
NEET27-BIO-1589,XI,Botany,Unit 4: Plant Physiology,Plant Growth and Development,Plant Growth and Development,Conditions of growth and Differentiation,Statement I and Statement II,Medium,C,False,,True,PASS
NEET27-BIO-1590,XI,Zoology,Unit 5: Human Physiology,Breathing and Exchange of Gases,Breathing and Exchange of Gases,Gas transport,Case Analysis,Difficult,B,False,,True,PASS
NEET27-BIO-1591,XII,Zoology,Unit 6: Reproduction,Human Reproduction,Human Reproduction,Menstrual cycle,Statement Completion,Easy,C,False,,True,PASS
NEET27-BIO-1592,XI,Zoology,Unit 5: Human Physiology,Excretory Products and Their Elimination,Excretory Products and Their Elimination,Position of the kidneys,Direct Concept,Easy,B,False,,True,PASS
NEET27-BIO-1593,XII,Botany,Unit 6: Reproduction,Sexual Reproduction in Flowering Plants,Sexual Reproduction in Flowering Plants,Pollination,Applied Classification,Medium,B,False,,True,PASS
NEET27-BIO-1594,XI,Botany,Unit 1: Diversity in Living World,Plant Kingdom,Plant Kingdom,Green algae and Pyrenoids,Statement I and Statement II,Medium,D,False,,True,PASS
NEET27-BIO-1595,XI,Botany,Unit 1: Diversity in Living World,The Living World,The Living World,Binomial nomenclature,Direct NCERT-based,Easy,A,False,,True,PASS
NEET27-BIO-1596,XI,Botany,Unit 1: Diversity in Living World,Plant Kingdom,Plant Kingdom,Integrated chapter reasoning,Higher-order multi-statement,Difficult,D,False,,True,PASS
NEET27-BIO-1597,XII,Botany,Unit 10: Ecology and Environment,Ecosystem,Ecosystem,Productivity and decomposition,Statement Completion,Easy,C,False,,True,PASS
NEET27-BIO-1598,XI,Botany,Unit 4: Plant Physiology,Plant Growth and Development,Plant Growth and Development,Integrated chapter reasoning,Multi-statement,Difficult,C,False,,True,PASS
NEET27-BIO-1599,XII,Botany,Unit 9: Biotechnology and Its Applications,Biotechnology: Principles and Processes,Biotechnology: Principles and Processes,PCR and analysis,Reverse Association,Easy,D,False,,True,PASS
NEET27-BIO-1600,XII,Botany,Unit 8: Biology and Human Welfare,Microbes in Human Welfare,Microbes in Human Welfare,Sewage treatment and Flocs and BOD,Statement I and Statement II,Medium,A,False,,True,PASS
NEET27-BIO-1601,XII,Botany,Unit 10: Ecology and Environment,Ecosystem,Ecosystem,Integrated chapter reasoning,Higher-order multi-statement,Difficult,B,False,,True,PASS
NEET27-BIO-1602,XII,Botany,Unit 7: Genetics and Evolution,Principles of Inheritance and Variation,Principles of Inheritance and Variation,Chromosomal disorders,Match the Pair,Medium,C,False,,True,PASS
NEET27-BIO-1603,XI,Zoology,Unit 5: Human Physiology,Locomotion and Movement,Locomotion and Movement,Types of movement,Direct NCERT-based,Easy,B,False,,True,PASS
NEET27-BIO-1604,XI,Botany,Unit 2: Structural Organisation in Animals and Plants,Anatomy of Flowering Plants,Anatomy of Flowering Plants,Monocot stem,Direct NCERT-based,Easy,A,False,,True,PASS
NEET27-BIO-1605,XII,Botany,Unit 7: Genetics and Evolution,Principles of Inheritance and Variation,Principles of Inheritance and Variation,Chromosomes linkage and crossing over,Statement Completion,Easy,C,False,,True,PASS
NEET27-BIO-1606,XII,Zoology,Unit 8: Biology and Human Welfare,Human Health and Disease,Human Health and Disease,Cancer and immunity disorders,Applied Classification,Medium,C,False,,True,PASS
NEET27-BIO-1607,XI,Zoology,Unit 1: Diversity in Living World,Animal Kingdom,Animal Kingdom,Symmetry with Coelom,Applied statement comparison,Medium,A,False,,True,PASS
NEET27-BIO-1608,XI,Zoology,Unit 2: Structural Organisation in Animals and Plants,Structural Organisation in Animals,Structural Organisation in Animals,Male frog reproduction and Frog fertilisation,Statement I and Statement II,Medium,D,False,,True,PASS
NEET27-BIO-1609,XII,Botany,Unit 8: Biology and Human Welfare,Microbes in Human Welfare,Microbes in Human Welfare,Integrated chapter reasoning,Higher-order multi-statement,Difficult,D,False,,True,PASS
NEET27-BIO-1610,XII,Botany,Unit 10: Ecology and Environment,Organisms and Populations,Organisms and Populations,Integrated chapter reasoning,Higher-order multi-statement,Difficult,A,False,,True,PASS
NEET27-BIO-1611,XII,Botany,Unit 10: Ecology and Environment,Ecosystem,Ecosystem,Food chains,Direct NCERT-based,Easy,D,False,,True,PASS
NEET27-BIO-1612,XI,Botany,Unit 3: Cell Structure and Function,Cell: The Unit of Life,Cell: The Unit of Life,Integrated chapter reasoning,Multi-statement,Difficult,D,False,,True,PASS
NEET27-BIO-1613,XII,Botany,Unit 8: Biology and Human Welfare,Microbes in Human Welfare,Microbes in Human Welfare,Integrated chapter reasoning,Higher-order multi-statement,Difficult,C,False,,True,PASS
NEET27-BIO-1614,XI,Zoology,Unit 2: Structural Organisation in Animals and Plants,Structural Organisation in Animals,Structural Organisation in Animals,Muscle tissues and Neural tissue,Statement I and Statement II,Medium,B,False,,True,PASS
NEET27-BIO-1615,XI,Botany,Unit 2: Structural Organisation in Animals and Plants,Anatomy of Flowering Plants,Anatomy of Flowering Plants,Sclerenchyma,Direct NCERT-based,Easy,D,False,,True,PASS
NEET27-BIO-1616,XI,Botany,Unit 1: Diversity in Living World,The Living World,The Living World,Metabolism with Consciousness,Applied statement comparison,Medium,B,False,,True,PASS
NEET27-BIO-1617,XII,Botany,Unit 10: Ecology and Environment,Ecosystem,Ecosystem,Primary productivity with Decomposition steps,Applied statement comparison,Medium,C,False,,True,PASS
NEET27-BIO-1618,XII,Botany,Unit 7: Genetics and Evolution,Molecular Basis of Inheritance,Molecular Basis of Inheritance,Evidence for genetic material,Statement Completion,Easy,C,False,,True,PASS
NEET27-BIO-1619,XI,Zoology,Unit 2: Structural Organisation in Animals and Plants,Structural Organisation in Animals,Structural Organisation in Animals,Neural tissue,Direct NCERT-based,Easy,A,False,,True,PASS
NEET27-BIO-1620,XII,Botany,Unit 10: Ecology and Environment,Biodiversity and Conservation,Biodiversity and Conservation,Biodiversity hotspots and Ex situ conservation,Statement I and Statement II,Medium,A,False,,True,PASS
NEET27-BIO-1621,XII,Botany,Unit 10: Ecology and Environment,Biodiversity and Conservation,Biodiversity and Conservation,Integrated chapter reasoning,Multi-statement,Difficult,B,False,,True,PASS
NEET27-BIO-1622,XII,Botany,Unit 10: Ecology and Environment,Ecosystem,Ecosystem,Decomposition steps,Reverse Association,Easy,B,False,,True,PASS
NEET27-BIO-1623,XI,Botany,Unit 3: Cell Structure and Function,Cell Cycle and Cell Division,Cell Cycle and Cell Division,Integrated chapter reasoning,Higher-order multi-statement,Difficult,A,False,,True,PASS
NEET27-BIO-1624,XI,Botany,Unit 1: Diversity in Living World,The Living World,The Living World,Consciousness with Systematics,Applied statement comparison,Medium,D,False,,True,PASS
NEET27-BIO-1625,XII,Botany,Unit 7: Genetics and Evolution,Principles of Inheritance and Variation,Principles of Inheritance and Variation,Chromosomes linkage and crossing over,Applied Classification,Medium,B,False,,True,PASS
NEET27-BIO-1626,XII,Botany,Unit 7: Genetics and Evolution,Principles of Inheritance and Variation,Principles of Inheritance and Variation,Sex-linked inheritance,Integrated Association Analysis,Medium,A,False,,True,PASS
NEET27-BIO-1627,XI,Zoology,Unit 5: Human Physiology,Body Fluids and Circulation,Body Fluids and Circulation,Cardiac cycle and ECG,Match the Pair,Medium,C,False,,True,PASS
NEET27-BIO-1628,XII,Botany,Unit 10: Ecology and Environment,Organisms and Populations,Organisms and Populations,Predation and Parasitism,Statement I and Statement II,Medium,D,False,,True,PASS
NEET27-BIO-1629,XII,Botany,Unit 10: Ecology and Environment,Organisms and Populations,Organisms and Populations,Integrated chapter reasoning,Higher-order multi-statement,Difficult,C,False,,True,PASS
NEET27-BIO-1630,XII,Botany,Unit 7: Genetics and Evolution,Evolution,Evolution,Evidence of evolution,Integrated Association Analysis,Medium,D,False,,True,PASS
NEET27-BIO-1631,XI,Zoology,Unit 1: Diversity in Living World,Animal Kingdom,Animal Kingdom,Integrated chapter reasoning,Multi-statement,Difficult,A,False,,True,PASS
NEET27-BIO-1632,XII,Botany,Unit 7: Genetics and Evolution,Principles of Inheritance and Variation,Principles of Inheritance and Variation,Non-Mendelian patterns,Multi-statement analysis,Difficult,D,False,,True,PASS
NEET27-BIO-1633,XI,Botany,Unit 4: Plant Physiology,Respiration in Plants,Respiration in Plants,Definition of anaerobic respiration,Direct Concept,Easy,C,False,,True,PASS
NEET27-BIO-1634,XI,Botany,Unit 1: Diversity in Living World,The Living World,The Living World,Integrated chapter reasoning,Multi-statement,Difficult,B,False,,True,PASS
NEET27-BIO-1635,XII,Botany,Unit 9: Biotechnology and Its Applications,Biotechnology and Its Applications,Biotechnology and Its Applications,Bioethics and ownership,Cross-Concept Elimination,Difficult,A,False,,True,PASS
NEET27-BIO-1636,XII,Botany,Unit 6: Reproduction,Sexual Reproduction in Flowering Plants,Sexual Reproduction in Flowering Plants,Pollination,Cross-Concept Elimination,Difficult,C,False,,True,PASS
NEET27-BIO-1637,XI,Botany,Unit 2: Structural Organisation in Animals and Plants,Morphology of Flowering Plants,Morphology of Flowering Plants,Integrated chapter reasoning,Higher-order multi-statement,Difficult,D,False,,True,PASS
NEET27-BIO-1638,XI,Botany,Unit 3: Cell Structure and Function,Cell: The Unit of Life,Cell: The Unit of Life,Integrated chapter reasoning,Higher-order multi-statement,Difficult,B,False,,True,PASS
NEET27-BIO-1639,XI,Zoology,Unit 5: Human Physiology,Locomotion and Movement,Locomotion and Movement,Thin filaments with Calcium regulation,Applied statement comparison,Medium,C,False,,True,PASS
NEET27-BIO-1640,XII,Botany,Unit 6: Reproduction,Sexual Reproduction in Flowering Plants,Sexual Reproduction in Flowering Plants,Pollination,Cross-Concept Elimination,Difficult,B,False,,True,PASS
NEET27-BIO-1641,XI,Botany,Unit 1: Diversity in Living World,Biological Classification,Biological Classification,Kingdom Fungi and Ascomycetes,Statement I and Statement II,Medium,A,False,,True,PASS
NEET27-BIO-1642,XII,Botany,Unit 10: Ecology and Environment,Organisms and Populations,Organisms and Populations,Integrated chapter reasoning,Multi-statement,Difficult,A,False,,True,PASS
NEET27-BIO-1643,XII,Botany,Unit 7: Genetics and Evolution,Principles of Inheritance and Variation,Principles of Inheritance and Variation,Chromosomes linkage and crossing over,Statement Completion,Medium,B,False,,True,PASS
NEET27-BIO-1644,XII,Botany,Unit 7: Genetics and Evolution,Molecular Basis of Inheritance,Molecular Basis of Inheritance,DNA structure,Reverse Association,Easy,D,False,,True,PASS
NEET27-BIO-1645,XI,Zoology,Unit 5: Human Physiology,Locomotion and Movement,Locomotion and Movement,Integrated chapter reasoning,Higher-order multi-statement,Difficult,D,False,,True,PASS
NEET27-BIO-1646,XII,Botany,Unit 7: Genetics and Evolution,Molecular Basis of Inheritance,Molecular Basis of Inheritance,Gene regulation and genomics,Reverse Association,Easy,A,False,,True,PASS
NEET27-BIO-1647,XII,Botany,Unit 7: Genetics and Evolution,Molecular Basis of Inheritance,Molecular Basis of Inheritance,Gene regulation and genomics,Applied Classification,Medium,C,False,,True,PASS
NEET27-BIO-1648,XII,Zoology,Unit 6: Reproduction,Human Reproduction,Human Reproduction,Menstrual cycle,Cross-Concept Elimination,Difficult,C,False,,True,PASS
NEET27-BIO-1649,XII,Botany,Unit 6: Reproduction,Sexual Reproduction in Flowering Plants,Sexual Reproduction in Flowering Plants,Pollination,Reverse Association,Easy,B,False,,True,PASS
NEET27-BIO-1650,XI,Botany,Unit 4: Plant Physiology,Photosynthesis in Higher Plants,Photosynthesis in Higher Plants,Kranz anatomy,Direct NCERT-based,Easy,A,False,,True,PASS
NEET27-BIO-1651,XI,Botany,Unit 1: Diversity in Living World,Plant Kingdom,Plant Kingdom,Liverwort reproduction and Moss stages,Statement I and Statement II,Medium,D,False,,True,PASS
NEET27-BIO-1652,XII,Botany,Unit 9: Biotechnology and Its Applications,Biotechnology and Its Applications,Biotechnology and Its Applications,Bioethics and ownership,Evidence Integration,Difficult,B,False,,True,PASS
NEET27-BIO-1653,XI,Zoology,Unit 5: Human Physiology,Excretory Products and Their Elimination,Excretory Products and Their Elimination,Blood supply of a juxtamedullary nephron,Statement Based,Difficult,A,False,,True,PASS
NEET27-BIO-1654,XII,Botany,Unit 9: Biotechnology and Its Applications,Biotechnology: Principles and Processes,Biotechnology: Principles and Processes,Cloning vectors,Applied Classification,Medium,B,False,,True,PASS
NEET27-BIO-1655,XI,Botany,Unit 4: Plant Physiology,Plant Growth and Development,Plant Growth and Development,Integrated chapter reasoning,Multi-statement,Difficult,C,False,,True,PASS
NEET27-BIO-1656,XII,Zoology,Unit 8: Biology and Human Welfare,Human Health and Disease,Human Health and Disease,Drugs and addiction,Statement Completion,Easy,D,False,,True,PASS
NEET27-BIO-1657,XII,Botany,Unit 8: Biology and Human Welfare,Microbes in Human Welfare,Microbes in Human Welfare,Integrated chapter reasoning,Higher-order multi-statement,Difficult,D,False,,True,PASS
NEET27-BIO-1658,XI,Botany,Unit 1: Diversity in Living World,The Living World,The Living World,Integrated chapter reasoning,Multi-statement,Difficult,B,False,,True,PASS
NEET27-BIO-1659,XI,Botany,Unit 4: Plant Physiology,Photosynthesis in Higher Plants,Photosynthesis in Higher Plants,Calvin-cycle carboxylation with Calvin-cycle energy,Applied statement comparison,Medium,A,False,,True,PASS
NEET27-BIO-1660,XII,Botany,Unit 10: Ecology and Environment,Organisms and Populations,Organisms and Populations,Integrated chapter reasoning,Multi-statement,Difficult,D,False,,True,PASS
NEET27-BIO-1661,XI,Zoology,Unit 2: Structural Organisation in Animals and Plants,Structural Organisation in Animals,Structural Organisation in Animals,Frog skin and habitat and Frog digestive system,Statement I and Statement II,Medium,D,False,,True,PASS
NEET27-BIO-1662,XII,Botany,Unit 7: Genetics and Evolution,Molecular Basis of Inheritance,Molecular Basis of Inheritance,DNA replication,Statement Completion,Easy,B,False,,True,PASS
NEET27-BIO-1663,XII,Botany,Unit 10: Ecology and Environment,Ecosystem,Ecosystem,Productivity and decomposition,Applied Classification,Medium,B,False,,True,PASS
NEET27-BIO-1664,XI,Botany,Unit 4: Plant Physiology,Photosynthesis in Higher Plants,Photosynthesis in Higher Plants,Integrated chapter reasoning,Multi-statement,Difficult,A,False,,True,PASS
NEET27-BIO-1665,XI,Zoology,Unit 2: Structural Organisation in Animals and Plants,Structural Organisation in Animals,Structural Organisation in Animals,Integrated chapter reasoning,Higher-order multi-statement,Difficult,C,False,,True,PASS
NEET27-BIO-1666,XI,Botany,Unit 4: Plant Physiology,Plant Growth and Development,Plant Growth and Development,Integrated chapter reasoning,Multi-statement,Difficult,B,False,,True,PASS
NEET27-BIO-1667,XII,Botany,Unit 10: Ecology and Environment,Ecosystem,Ecosystem,Ecosystem organization,Statement Completion,Easy,C,False,,True,PASS
NEET27-BIO-1668,XI,Botany,Unit 4: Plant Physiology,Plant Growth and Development,Plant Growth and Development,Growth fundamentals,Applied Classification,Medium,C,False,,True,PASS
NEET27-BIO-1669,XII,Zoology,Unit 8: Biology and Human Welfare,Human Health and Disease,Human Health and Disease,Viral and helminth diseases,Match the Pair,Medium,A,False,,True,PASS
NEET27-BIO-1670,XI,Botany,Unit 4: Plant Physiology,Plant Growth and Development,Plant Growth and Development,Geometric growth and Phases of growth,Statement I and Statement II,Medium,D,False,,True,PASS
NEET27-BIO-1671,XI,Zoology,Unit 5: Human Physiology,Body Fluids and Circulation,Body Fluids and Circulation,Cardiac cycle and ECG,Direct Concept,Easy,A,False,,True,PASS
NEET27-BIO-1672,XI,Botany,Unit 1: Diversity in Living World,Plant Kingdom,Plant Kingdom,Integrated chapter reasoning,Higher-order multi-statement,Difficult,C,False,,True,PASS
NEET27-BIO-1673,XII,Botany,Unit 7: Genetics and Evolution,Molecular Basis of Inheritance,Molecular Basis of Inheritance,DNA structure,Applied Classification,Medium,A,False,,True,PASS
NEET27-BIO-1674,XI,Botany,Unit 3: Cell Structure and Function,Cell: The Unit of Life,Cell: The Unit of Life,Mitochondria,Direct NCERT-based,Easy,D,False,,True,PASS
NEET27-BIO-1675,XI,Botany,Unit 1: Diversity in Living World,The Living World,The Living World,Systematics,Direct NCERT-based,Easy,C,False,,True,PASS
NEET27-BIO-1676,XII,Botany,Unit 7: Genetics and Evolution,Principles of Inheritance and Variation,Principles of Inheritance and Variation,Chromosomal disorders,Direct Concept,Easy,B,False,,True,PASS
NEET27-BIO-1677,XI,Botany,Unit 1: Diversity in Living World,Biological Classification,Biological Classification,Integrated chapter reasoning,Multi-statement,Difficult,A,False,,True,PASS
NEET27-BIO-1678,XI,Botany,Unit 3: Cell Structure and Function,Cell: The Unit of Life,Cell: The Unit of Life,Integrated chapter reasoning,Multi-statement,Difficult,D,False,,True,PASS
NEET27-BIO-1679,XI,Zoology,Unit 2: Structural Organisation in Animals and Plants,Structural Organisation in Animals,Structural Organisation in Animals,Integrated chapter reasoning,Higher-order multi-statement,Difficult,B,False,,True,PASS
NEET27-BIO-1680,XII,Botany,Unit 6: Reproduction,Sexual Reproduction in Flowering Plants,Sexual Reproduction in Flowering Plants,Special reproductive phenomena,Integrated Association Analysis,Medium,B,False,,True,PASS
NEET27-BIO-1681,XII,Botany,Unit 7: Genetics and Evolution,Molecular Basis of Inheritance,Molecular Basis of Inheritance,Gene regulation and genomics,Match the Pair,Medium,C,False,,True,PASS
NEET27-BIO-1682,XI,Botany,Unit 4: Plant Physiology,Plant Growth and Development,Plant Growth and Development,Sigmoid growth curve,Graph Analysis,Easy,D,True,figures/NEET27-BIO-XI-CH13-FIG01.png,True,PASS
NEET27-BIO-1683,XI,Botany,Unit 1: Diversity in Living World,The Living World,The Living World,Integrated chapter reasoning,Higher-order multi-statement,Difficult,C,False,,True,PASS
NEET27-BIO-1684,XII,Botany,Unit 7: Genetics and Evolution,Principles of Inheritance and Variation,Principles of Inheritance and Variation,Mendelian inheritance,Match the Pair,Medium,C,False,,True,PASS
NEET27-BIO-1685,XII,Botany,Unit 6: Reproduction,Sexual Reproduction in Flowering Plants,Sexual Reproduction in Flowering Plants,Microsporogenesis and pollen,Match the Pair,Medium,D,False,,True,PASS
NEET27-BIO-1686,XI,Botany,Unit 2: Structural Organisation in Animals and Plants,Morphology of Flowering Plants,Morphology of Flowering Plants,Leaf parts,Direct NCERT-based,Easy,C,False,,True,PASS
NEET27-BIO-1687,XI,Botany,Unit 4: Plant Physiology,Photosynthesis in Higher Plants,Photosynthesis in Higher Plants,Spatial separation in C4 plants with Limiting factors,Applied statement comparison,Medium,A,False,,True,PASS
NEET27-BIO-1688,XII,Zoology,Unit 8: Biology and Human Welfare,Human Health and Disease,Human Health and Disease,Immunity,Applied Classification,Medium,B,False,,True,PASS
NEET27-BIO-1689,XI,Zoology,Unit 5: Human Physiology,Body Fluids and Circulation,Body Fluids and Circulation,Vessels pressure and lymph,Applied Classification,Medium,B,False,,True,PASS
NEET27-BIO-1690,XII,Botany,Unit 6: Reproduction,Sexual Reproduction in Flowering Plants,Sexual Reproduction in Flowering Plants,Microsporogenesis and pollen,Statement Completion,Easy,A,False,,True,PASS
NEET27-BIO-1691,XI,Zoology,Unit 2: Structural Organisation in Animals and Plants,Structural Organisation in Animals,Structural Organisation in Animals,Integrated chapter reasoning,Higher-order multi-statement,Difficult,A,False,,True,PASS
NEET27-BIO-1692,XI,Zoology,Unit 5: Human Physiology,Body Fluids and Circulation,Body Fluids and Circulation,Gas transport,Statement Completion,Easy,B,False,,True,PASS
NEET27-BIO-1693,XII,Botany,Unit 7: Genetics and Evolution,Evolution,Evolution,Evidence of evolution,Reverse Association,Easy,B,False,,True,PASS
NEET27-BIO-1694,XI,Botany,Unit 1: Diversity in Living World,Biological Classification,Biological Classification,Heterocysts and Mycoplasma,Statement I and Statement II,Medium,C,False,,True,PASS
NEET27-BIO-1695,XII,Botany,Unit 10: Ecology and Environment,Organisms and Populations,Organisms and Populations,Declining population,Direct NCERT-based,Easy,D,False,,True,PASS
NEET27-BIO-1696,XI,Botany,Unit 1: Diversity in Living World,Plant Kingdom,Plant Kingdom,Integrated chapter reasoning,Higher-order multi-statement,Difficult,D,False,,True,PASS
NEET27-BIO-1697,XI,Zoology,Unit 1: Diversity in Living World,Animal Kingdom,Animal Kingdom,Integrated chapter reasoning,Multi-statement,Difficult,A,False,,True,PASS
NEET27-BIO-1698,XII,Botany,Unit 7: Genetics and Evolution,Principles of Inheritance and Variation,Principles of Inheritance and Variation,Chromosomes linkage and crossing over,Cross-Concept Elimination,Difficult,B,False,,True,PASS
NEET27-BIO-1699,XI,Botany,Unit 2: Structural Organisation in Animals and Plants,Anatomy of Flowering Plants,Anatomy of Flowering Plants,Dicot stem,Direct NCERT-based,Easy,A,False,,True,PASS
NEET27-BIO-1700,XII,Botany,Unit 8: Biology and Human Welfare,Microbes in Human Welfare,Microbes in Human Welfare,Ethanol production and Antibiotics,Statement I and Statement II,Medium,D,False,,True,PASS
NEET27-BIO-1701,XII,Botany,Unit 9: Biotechnology and Its Applications,Biotechnology: Principles and Processes,Biotechnology: Principles and Processes,rDNA methodology,Applied Classification,Medium,A,False,,True,PASS
NEET27-BIO-1702,XII,Botany,Unit 10: Ecology and Environment,Biodiversity and Conservation,Biodiversity and Conservation,Habitat loss,Direct NCERT-based,Easy,C,False,,True,PASS
NEET27-BIO-1703,XII,Botany,Unit 7: Genetics and Evolution,Molecular Basis of Inheritance,Molecular Basis of Inheritance,Genetic code and translation,Statement Completion,Easy,A,False,,True,PASS
NEET27-BIO-1704,XII,Botany,Unit 9: Biotechnology and Its Applications,Biotechnology and Its Applications,Biotechnology and Its Applications,Agricultural applications,Direct Concept,Easy,D,False,,True,PASS
NEET27-BIO-1705,XI,Zoology,Unit 5: Human Physiology,Chemical Coordination and Integration,Chemical Coordination and Integration,Pancreas adrenal and gonads,Statement Completion,Easy,C,False,,True,PASS
NEET27-BIO-1706,XI,Zoology,Unit 5: Human Physiology,Excretory Products and Their Elimination,Excretory Products and Their Elimination,Organs of the excretory system,Direct Concept,Easy,B,False,,True,PASS
NEET27-BIO-1707,XI,Botany,Unit 4: Plant Physiology,Plant Growth and Development,Plant Growth and Development,Redifferentiation,Direct NCERT-based,Easy,B,False,,True,PASS
NEET27-BIO-1708,XII,Botany,Unit 7: Genetics and Evolution,Principles of Inheritance and Variation,Principles of Inheritance and Variation,Sex-linked inheritance,Direct Concept,Easy,A,False,,True,PASS
NEET27-BIO-1709,XII,Botany,Unit 8: Biology and Human Welfare,Microbes in Human Welfare,Microbes in Human Welfare,Integrated chapter reasoning,Multi-statement,Difficult,C,False,,True,PASS
NEET27-BIO-1710,XI,Botany,Unit 4: Plant Physiology,Photosynthesis in Higher Plants,Photosynthesis in Higher Plants,Integrated chapter reasoning,Multi-statement,Difficult,D,False,,True,PASS
NEET27-BIO-1711,XII,Botany,Unit 10: Ecology and Environment,Organisms and Populations,Organisms and Populations,Exponential growth,Direct NCERT-based,Easy,D,False,,True,PASS
NEET27-BIO-1712,XI,Botany,Unit 4: Plant Physiology,Respiration in Plants,Respiration in Plants,Mixed substrates,Multi-Step Numerical,Difficult,A,False,,True,PASS
NEET27-BIO-1713,XII,Botany,Unit 10: Ecology and Environment,Organisms and Populations,Organisms and Populations,Age distribution and Expanding population,Statement I and Statement II,Medium,B,False,,True,PASS
NEET27-BIO-1714,XII,Botany,Unit 6: Reproduction,Sexual Reproduction in Flowering Plants,Sexual Reproduction in Flowering Plants,Pollination,Integrated Association Analysis,Medium,D,False,,True,PASS
NEET27-BIO-1715,XII,Zoology,Unit 6: Reproduction,Human Reproduction,Human Reproduction,Male reproductive system,Direct Concept,Easy,C,False,,True,PASS
NEET27-BIO-1716,XI,Zoology,Unit 1: Diversity in Living World,Animal Kingdom,Animal Kingdom,Germ layers and Coelom,Statement I and Statement II,Medium,C,False,,True,PASS
NEET27-BIO-1717,XI,Botany,Unit 4: Plant Physiology,Plant Growth and Development,Plant Growth and Development,Integrated chapter reasoning,Higher-order multi-statement,Difficult,D,False,,True,PASS
NEET27-BIO-1718,XI,Zoology,Unit 5: Human Physiology,Excretory Products and Their Elimination,Excretory Products and Their Elimination,Ammonotelism,Statement Based,Easy,B,False,,True,PASS
NEET27-BIO-1719,XII,Zoology,Unit 8: Biology and Human Welfare,Human Health and Disease,Human Health and Disease,Drugs and addiction,Direct Concept,Easy,D,False,,True,PASS
NEET27-BIO-1720,XI,Botany,Unit 1: Diversity in Living World,The Living World,The Living World,Integrated chapter reasoning,Higher-order multi-statement,Difficult,B,False,,True,PASS
NEET27-BIO-1721,XI,Botany,Unit 1: Diversity in Living World,Plant Kingdom,Plant Kingdom,Brown-algal reserve food with Red-algal reserve food,Applied statement comparison,Medium,A,False,,True,PASS
NEET27-BIO-1722,XI,Botany,Unit 2: Structural Organisation in Animals and Plants,Morphology of Flowering Plants,Morphology of Flowering Plants,Integrated chapter reasoning,Higher-order multi-statement,Difficult,C,False,,True,PASS
NEET27-BIO-1723,XI,Botany,Unit 1: Diversity in Living World,Biological Classification,Biological Classification,Ascomycetes and Lichens,Statement I and Statement II,Medium,A,False,,True,PASS
NEET27-BIO-1724,XI,Botany,Unit 2: Structural Organisation in Animals and Plants,Morphology of Flowering Plants,Morphology of Flowering Plants,Integrated chapter reasoning,Multi-statement,Difficult,C,False,,True,PASS
NEET27-BIO-1725,XI,Zoology,Unit 2: Structural Organisation in Animals and Plants,Structural Organisation in Animals,Structural Organisation in Animals,Muscle tissues with Frog skin and habitat,Applied statement comparison,Medium,D,False,,True,PASS
NEET27-BIO-1726,XI,Botany,Unit 3: Cell Structure and Function,Cell Cycle and Cell Division,Cell Cycle and Cell Division,Integrated chapter reasoning,Multi-statement,Difficult,D,False,,True,PASS
NEET27-BIO-1727,XI,Zoology,Unit 5: Human Physiology,Excretory Products and Their Elimination,Excretory Products and Their Elimination,Relative properties of nitrogenous wastes,Comparison Based,Easy,A,False,,True,PASS
NEET27-BIO-1728,XI,Botany,Unit 4: Plant Physiology,Respiration in Plants,Respiration in Plants,Alcoholic fermentation,Direct Concept,Easy,C,False,,True,PASS
NEET27-BIO-1729,XI,Botany,Unit 1: Diversity in Living World,Biological Classification,Biological Classification,Integrated chapter reasoning,Multi-statement,Difficult,B,False,,True,PASS
NEET27-BIO-1730,XI,Zoology,Unit 5: Human Physiology,Excretory Products and Their Elimination,Excretory Products and Their Elimination,Habitat and excretory product,Application Based,Medium,C,False,,True,PASS
NEET27-BIO-1731,XII,Botany,Unit 6: Reproduction,Sexual Reproduction in Flowering Plants,Sexual Reproduction in Flowering Plants,Microsporogenesis and pollen,Match the Pair,Medium,B,False,,True,PASS
NEET27-BIO-1732,XI,Botany,Unit 1: Diversity in Living World,The Living World,The Living World,Taxonomy,Direct NCERT-based,Easy,A,False,,True,PASS
NEET27-BIO-1733,XI,Zoology,Unit 5: Human Physiology,Locomotion and Movement,Locomotion and Movement,Integrated chapter reasoning,Multi-statement,Difficult,A,False,,True,PASS
NEET27-BIO-1734,XII,Botany,Unit 7: Genetics and Evolution,Evolution,Evolution,Speciation and adaptation,Applied Classification,Medium,B,False,,True,PASS
NEET27-BIO-1735,XII,Botany,Unit 9: Biotechnology and Its Applications,Biotechnology and Its Applications,Biotechnology and Its Applications,Medical applications,Cross-Concept Elimination,Difficult,A,False,,True,PASS
NEET27-BIO-1736,XII,Botany,Unit 9: Biotechnology and Its Applications,Biotechnology: Principles and Processes,Biotechnology: Principles and Processes,Polymerase chain reaction,Diagram Interpretation,Easy,C,True,figures/NEET27-BIO-XII-CH09-FIG01.png,True,PASS
NEET27-BIO-1737,XI,Zoology,Unit 2: Structural Organisation in Animals and Plants,Structural Organisation in Animals,Structural Organisation in Animals,Frog respiration with Frog red blood cells,Applied statement comparison,Medium,C,False,,True,PASS
NEET27-BIO-1738,XI,Botany,Unit 2: Structural Organisation in Animals and Plants,Anatomy of Flowering Plants,Anatomy of Flowering Plants,Collenchyma and Sclerenchyma,Statement I and Statement II,Medium,A,False,,True,PASS
NEET27-BIO-1739,XI,Botany,Unit 4: Plant Physiology,Plant Growth and Development,Plant Growth and Development,Growth rates,Reverse Association,Easy,D,False,,True,PASS
NEET27-BIO-1740,XI,Botany,Unit 2: Structural Organisation in Animals and Plants,Anatomy of Flowering Plants,Anatomy of Flowering Plants,Monocot stem and Dorsiventral leaf,Statement I and Statement II,Medium,D,False,,True,PASS
NEET27-BIO-1741,XII,Botany,Unit 7: Genetics and Evolution,Molecular Basis of Inheritance,Molecular Basis of Inheritance,DNA packaging,Multi-statement analysis,Difficult,C,False,,True,PASS
NEET27-BIO-1742,XI,Botany,Unit 2: Structural Organisation in Animals and Plants,Anatomy of Flowering Plants,Anatomy of Flowering Plants,Xylem,Direct NCERT-based,Easy,B,False,,True,PASS
NEET27-BIO-1743,XI,Zoology,Unit 5: Human Physiology,Excretory Products and Their Elimination,Excretory Products and Their Elimination,Renal pyramids and renal columns,Conceptual Trap,Difficult,B,False,,True,PASS
NEET27-BIO-1744,XII,Botany,Unit 7: Genetics and Evolution,Molecular Basis of Inheritance,Molecular Basis of Inheritance,Genetic code and translation,Match the Pair,Medium,A,False,,True,PASS
NEET27-BIO-1745,XII,Botany,Unit 10: Ecology and Environment,Organisms and Populations,Organisms and Populations,Positive interactions,Reverse Association,Easy,D,False,,True,PASS
NEET27-BIO-1746,XII,Zoology,Unit 6: Reproduction,Human Reproduction,Human Reproduction,Menstrual cycle,Direct Concept,Easy,C,False,,True,PASS
NEET27-BIO-1747,XI,Botany,Unit 2: Structural Organisation in Animals and Plants,Anatomy of Flowering Plants,Anatomy of Flowering Plants,Meristems with Collenchyma,Applied statement comparison,Medium,D,False,,True,PASS
NEET27-BIO-1748,XII,Botany,Unit 6: Reproduction,Sexual Reproduction in Flowering Plants,Sexual Reproduction in Flowering Plants,Post-fertilization development,Applied Classification,Medium,B,False,,True,PASS
NEET27-BIO-1749,XII,Botany,Unit 7: Genetics and Evolution,Molecular Basis of Inheritance,Molecular Basis of Inheritance,Evidence for genetic material,Applied Classification,Medium,C,False,,True,PASS
NEET27-BIO-1750,XI,Zoology,Unit 5: Human Physiology,Excretory Products and Their Elimination,Excretory Products and Their Elimination,"Integration of nephron type, blood supply and juxtaglomerular apparatus",Mixed Concept,Difficult,D,False,,True,PASS
NEET27-BIO-1751,XI,Zoology,Unit 1: Diversity in Living World,Animal Kingdom,Animal Kingdom,Cnidaria and Ctenophora,Statement I and Statement II,Medium,D,False,,True,PASS
NEET27-BIO-1752,XI,Zoology,Unit 5: Human Physiology,Excretory Products and Their Elimination,Excretory Products and Their Elimination,Haemodialysis,Direct Concept,Easy,B,False,,True,PASS
NEET27-BIO-1753,XI,Zoology,Unit 1: Diversity in Living World,Animal Kingdom,Animal Kingdom,Fishes and Amphibia,Statement I and Statement II,Medium,C,False,,True,PASS
NEET27-BIO-1754,XI,Botany,Unit 4: Plant Physiology,Respiration in Plants,Respiration in Plants,Oxidative phosphorylation in the balance sheet,Multi-Step Numerical,Difficult,C,False,,True,PASS
NEET27-BIO-1755,XI,Botany,Unit 3: Cell Structure and Function,Cell Cycle and Cell Division,Cell Cycle and Cell Division,Metaphase and Anaphase,Statement I and Statement II,Medium,B,False,,True,PASS
NEET27-BIO-1756,XII,Botany,Unit 8: Biology and Human Welfare,Microbes in Human Welfare,Microbes in Human Welfare,Integrated chapter reasoning,Higher-order multi-statement,Difficult,A,False,,True,PASS
NEET27-BIO-1757,XI,Botany,Unit 4: Plant Physiology,Plant Growth and Development,Plant Growth and Development,Sigmoid growth curve and Conditions of growth,Statement I and Statement II,Medium,A,False,,True,PASS
NEET27-BIO-1758,XII,Botany,Unit 8: Biology and Human Welfare,Microbes in Human Welfare,Microbes in Human Welfare,Integrated chapter reasoning,Multi-statement,Difficult,B,False,,True,PASS
NEET27-BIO-1759,XII,Botany,Unit 10: Ecology and Environment,Biodiversity and Conservation,Biodiversity and Conservation,Log species-area form with Habitat loss,Applied statement comparison,Medium,A,False,,True,PASS
NEET27-BIO-1760,XI,Zoology,Unit 2: Structural Organisation in Animals and Plants,Structural Organisation in Animals,Structural Organisation in Animals,Neural tissue and Frog skin and habitat,Statement I and Statement II,Medium,D,False,,True,PASS
NEET27-BIO-1761,XI,Botany,Unit 4: Plant Physiology,Plant Growth and Development,Plant Growth and Development,Growth measurement,Direct NCERT-based,Easy,A,False,,True,PASS
NEET27-BIO-1762,XI,Botany,Unit 4: Plant Physiology,Photosynthesis in Higher Plants,Photosynthesis in Higher Plants,Integrated chapter reasoning,Multi-statement,Difficult,D,False,,True,PASS
NEET27-BIO-1763,XI,Botany,Unit 2: Structural Organisation in Animals and Plants,Morphology of Flowering Plants,Morphology of Flowering Plants,Integrated chapter reasoning,Multi-statement,Difficult,A,False,,True,PASS
NEET27-BIO-1764,XII,Botany,Unit 9: Biotechnology and Its Applications,Biotechnology: Principles and Processes,Biotechnology: Principles and Processes,Cloning vectors,Direct Concept,Easy,A,False,,True,PASS
NEET27-BIO-1765,XI,Zoology,Unit 5: Human Physiology,Neural Control and Coordination,Neural Control and Coordination,Nervous organization,Direct Concept,Easy,C,False,,True,PASS
NEET27-BIO-1766,XI,Botany,Unit 3: Cell Structure and Function,Cell: The Unit of Life,Cell: The Unit of Life,Plasmodesmata and Endomembrane system,Statement I and Statement II,Medium,C,False,,True,PASS
NEET27-BIO-1767,XII,Botany,Unit 7: Genetics and Evolution,Principles of Inheritance and Variation,Principles of Inheritance and Variation,Non-Mendelian patterns,Applied Classification,Medium,B,False,,True,PASS
NEET27-BIO-1768,XII,Botany,Unit 9: Biotechnology and Its Applications,Biotechnology and Its Applications,Biotechnology and Its Applications,Bioethics and ownership,Integrated Association Analysis,Medium,C,False,,True,PASS
NEET27-BIO-1769,XI,Zoology,Unit 1: Diversity in Living World,Animal Kingdom,Animal Kingdom,Mammalia and Levels of organisation,Statement I and Statement II,Medium,A,False,,True,PASS
NEET27-BIO-1770,XI,Botany,Unit 4: Plant Physiology,Photosynthesis in Higher Plants,Photosynthesis in Higher Plants,Limiting factors with Photosynthetic pigments,Applied statement comparison,Medium,B,False,,True,PASS
NEET27-BIO-1771,XI,Botany,Unit 3: Cell Structure and Function,Cell: The Unit of Life,Cell: The Unit of Life,Plasmodesmata,Direct NCERT-based,Easy,B,False,,True,PASS
NEET27-BIO-1772,XII,Botany,Unit 7: Genetics and Evolution,Evolution,Evolution,Evidence of evolution,Cross-Concept Elimination,Difficult,D,False,,True,PASS
NEET27-BIO-1773,XI,Botany,Unit 1: Diversity in Living World,Plant Kingdom,Plant Kingdom,Liverwort reproduction with Pteridophyte vascular tissue,Applied statement comparison,Medium,D,False,,True,PASS
NEET27-BIO-1774,XII,Botany,Unit 6: Reproduction,Sexual Reproduction in Flowering Plants,Sexual Reproduction in Flowering Plants,Microsporogenesis and pollen,Case Analysis,Difficult,C,False,,True,PASS
NEET27-BIO-1775,XI,Botany,Unit 2: Structural Organisation in Animals and Plants,Morphology of Flowering Plants,Morphology of Flowering Plants,Fabaceae with Asteraceae,Applied statement comparison,Medium,A,False,,True,PASS
NEET27-BIO-1776,XI,Zoology,Unit 2: Structural Organisation in Animals and Plants,Structural Organisation in Animals,Structural Organisation in Animals,Male frog reproduction with Epithelial tissue,Applied statement comparison,Medium,D,False,,True,PASS
NEET27-BIO-1777,XI,Zoology,Unit 5: Human Physiology,Locomotion and Movement,Locomotion and Movement,Integrated chapter reasoning,Higher-order multi-statement,Difficult,B,False,,True,PASS
NEET27-BIO-1778,XI,Botany,Unit 4: Plant Physiology,Photosynthesis in Higher Plants,Photosynthesis in Higher Plants,Cyclic photophosphorylation,Direct NCERT-based,Easy,D,False,,True,PASS
NEET27-BIO-1779,XII,Botany,Unit 7: Genetics and Evolution,Principles of Inheritance and Variation,Principles of Inheritance and Variation,Non-Mendelian patterns,Integrated Association Analysis,Medium,C,False,,True,PASS
NEET27-BIO-1780,XI,Botany,Unit 4: Plant Physiology,Photosynthesis in Higher Plants,Photosynthesis in Higher Plants,Non-cyclic photophosphorylation,Direct NCERT-based,Easy,C,False,,True,PASS
NEET27-BIO-1781,XI,Botany,Unit 1: Diversity in Living World,Biological Classification,Biological Classification,Methanogens,Direct NCERT-based,Easy,A,False,,True,PASS
NEET27-BIO-1782,XI,Botany,Unit 4: Plant Physiology,Respiration in Plants,Respiration in Plants,Experimental interpretation,Numerical,Difficult,B,False,,True,PASS
NEET27-BIO-1783,XII,Zoology,Unit 6: Reproduction,Human Reproduction,Human Reproduction,Menstrual cycle,Direct Concept,Easy,B,False,,True,PASS
NEET27-BIO-1784,XII,Botany,Unit 10: Ecology and Environment,Organisms and Populations,Organisms and Populations,Expanding population,Direct NCERT-based,Easy,D,False,,True,PASS
NEET27-BIO-1785,XI,Botany,Unit 1: Diversity in Living World,Plant Kingdom,Plant Kingdom,Integrated chapter reasoning,Multi-statement,Difficult,A,False,,True,PASS
NEET27-BIO-1786,XI,Botany,Unit 3: Cell Structure and Function,Cell: The Unit of Life,Cell: The Unit of Life,Cytoskeleton with Centrioles,Applied statement comparison,Medium,B,False,,True,PASS
NEET27-BIO-1787,XI,Zoology,Unit 2: Structural Organisation in Animals and Plants,Structural Organisation in Animals,Structural Organisation in Animals,Integrated chapter reasoning,Higher-order multi-statement,Difficult,C,False,,True,PASS
NEET27-BIO-1788,XI,Botany,Unit 2: Structural Organisation in Animals and Plants,Anatomy of Flowering Plants,Anatomy of Flowering Plants,Integrated chapter reasoning,Higher-order multi-statement,Difficult,D,False,,True,PASS
NEET27-BIO-1789,XI,Zoology,Unit 5: Human Physiology,Locomotion and Movement,Locomotion and Movement,Myasthenia gravis with Types of movement,Applied statement comparison,Medium,D,False,,True,PASS
NEET27-BIO-1790,XII,Botany,Unit 9: Biotechnology and Its Applications,Biotechnology: Principles and Processes,Biotechnology: Principles and Processes,Cloning vectors,Integrated Association Analysis,Medium,C,False,,True,PASS
NEET27-BIO-1791,XII,Botany,Unit 6: Reproduction,Sexual Reproduction in Flowering Plants,Sexual Reproduction in Flowering Plants,Ovule and embryo sac,Applied Classification,Medium,B,False,,True,PASS
NEET27-BIO-1792,XII,Zoology,Unit 8: Biology and Human Welfare,Human Health and Disease,Human Health and Disease,Cancer and immunity disorders,Case Analysis,Difficult,A,False,,True,PASS
NEET27-BIO-1793,XII,Botany,Unit 7: Genetics and Evolution,Evolution,Evolution,Evolutionary theories,Reverse Association,Easy,A,False,,True,PASS
NEET27-BIO-1794,XII,Botany,Unit 7: Genetics and Evolution,Evolution,Evolution,Population genetics,Reverse Association,Easy,C,False,,True,PASS
NEET27-BIO-1795,XII,Botany,Unit 10: Ecology and Environment,Organisms and Populations,Organisms and Populations,Integrated chapter reasoning,Multi-statement,Difficult,D,False,,True,PASS
NEET27-BIO-1796,XI,Botany,Unit 3: Cell Structure and Function,Cell: The Unit of Life,Cell: The Unit of Life,Rough and smooth ER,Direct NCERT-based,Easy,B,False,,True,PASS
NEET27-BIO-1797,XII,Botany,Unit 7: Genetics and Evolution,Evolution,Evolution,Evolutionary theories,Match the Pair,Medium,A,False,,True,PASS
NEET27-BIO-1798,XI,Botany,Unit 1: Diversity in Living World,Biological Classification,Biological Classification,Kingdom Fungi,Direct NCERT-based,Easy,D,False,,True,PASS
NEET27-BIO-1799,XII,Botany,Unit 9: Biotechnology and Its Applications,Biotechnology and Its Applications,Biotechnology and Its Applications,Medical applications,Case Analysis,Difficult,C,False,,True,PASS
NEET27-BIO-1800,XI,Zoology,Unit 5: Human Physiology,Body Fluids and Circulation,Body Fluids and Circulation,Vessels pressure and lymph,Evidence Integration,Difficult,B,False,,True,PASS
NEET27-BIO-1801,XII,Botany,Unit 8: Biology and Human Welfare,Microbes in Human Welfare,Microbes in Human Welfare,Organic acids and Bioactive molecules,Statement I and Statement II,Medium,C,False,,True,PASS
NEET27-BIO-1802,XI,Zoology,Unit 1: Diversity in Living World,Animal Kingdom,Animal Kingdom,Integrated chapter reasoning,Higher-order multi-statement,Difficult,D,False,,True,PASS
NEET27-BIO-1803,XI,Zoology,Unit 5: Human Physiology,Locomotion and Movement,Locomotion and Movement,Skeletal divisions and Synovial joints,Statement I and Statement II,Medium,A,False,,True,PASS
NEET27-BIO-1804,XI,Botany,Unit 3: Cell Structure and Function,Cell: The Unit of Life,Cell: The Unit of Life,Chromatin with Cell theory,Applied statement comparison,Medium,D,False,,True,PASS
NEET27-BIO-1805,XII,Botany,Unit 10: Ecology and Environment,Ecosystem,Ecosystem,Productivity and decomposition,Integrated Association Analysis,Medium,B,False,,True,PASS
NEET27-BIO-1806,XI,Zoology,Unit 5: Human Physiology,Breathing and Exchange of Gases,Breathing and Exchange of Gases,Respiratory organs,Applied Classification,Medium,C,False,,True,PASS
NEET27-BIO-1807,XII,Botany,Unit 8: Biology and Human Welfare,Microbes in Human Welfare,Microbes in Human Welfare,Industrial fermentation,Direct NCERT-based,Easy,D,False,,True,PASS
NEET27-BIO-1808,XII,Botany,Unit 10: Ecology and Environment,Organisms and Populations,Organisms and Populations,Mutualism,Direct NCERT-based,Easy,B,False,,True,PASS
NEET27-BIO-1809,XI,Botany,Unit 4: Plant Physiology,Plant Growth and Development,Plant Growth and Development,Growth rates,Applied Classification,Medium,A,False,,True,PASS
NEET27-BIO-1810,XI,Zoology,Unit 5: Human Physiology,Breathing and Exchange of Gases,Breathing and Exchange of Gases,Mechanics of breathing,Cross-Concept Elimination,Difficult,A,False,,True,PASS
NEET27-BIO-1811,XII,Botany,Unit 7: Genetics and Evolution,Principles of Inheritance and Variation,Principles of Inheritance and Variation,Crosses,Reverse Association,Easy,C,False,,True,PASS
NEET27-BIO-1812,XI,Zoology,Unit 5: Human Physiology,Breathing and Exchange of Gases,Breathing and Exchange of Gases,Gas transport,Statement Completion,Easy,A,False,,True,PASS
NEET27-BIO-1813,XI,Zoology,Unit 5: Human Physiology,Chemical Coordination and Integration,Chemical Coordination and Integration,Endocrine disorders,Reverse Association,Easy,C,False,,True,PASS
NEET27-BIO-1814,XI,Botany,Unit 1: Diversity in Living World,Biological Classification,Biological Classification,Integrated chapter reasoning,Multi-statement,Difficult,B,False,,True,PASS
NEET27-BIO-1815,XII,Zoology,Unit 6: Reproduction,Reproductive Health,Reproductive Health,Assisted reproduction and infection,Reverse Association,Easy,A,False,,True,PASS
NEET27-BIO-1816,XI,Botany,Unit 1: Diversity in Living World,The Living World,The Living World,Consciousness and Taxonomy,Statement I and Statement II,Medium,B,False,,True,PASS
NEET27-BIO-1817,XI,Botany,Unit 1: Diversity in Living World,Biological Classification,Biological Classification,Integrated chapter reasoning,Multi-statement,Difficult,C,False,,True,PASS
NEET27-BIO-1818,XI,Botany,Unit 3: Cell Structure and Function,Cell: The Unit of Life,Cell: The Unit of Life,Nucleus and Chromatin,Statement I and Statement II,Medium,D,False,,True,PASS
NEET27-BIO-1819,XI,Botany,Unit 4: Plant Physiology,Plant Growth and Development,Plant Growth and Development,Growth measurement and Sigmoid growth curve,Statement I and Statement II,Medium,C,False,,True,PASS
NEET27-BIO-1820,XI,Botany,Unit 3: Cell Structure and Function,Cell Cycle and Cell Division,Cell Cycle and Cell Division,Integrated chapter reasoning,Higher-order multi-statement,Difficult,D,False,,True,PASS
NEET27-BIO-1821,XII,Botany,Unit 10: Ecology and Environment,Organisms and Populations,Organisms and Populations,Population growth,Case Analysis,Difficult,C,False,,True,PASS
NEET27-BIO-1822,XI,Botany,Unit 4: Plant Physiology,Respiration in Plants,Respiration in Plants,Connecting link reaction,Application Based,Easy,D,False,,True,PASS
NEET27-BIO-1823,XI,Botany,Unit 1: Diversity in Living World,The Living World,The Living World,Systematics and Binomial nomenclature,Statement I and Statement II,Medium,A,False,,True,PASS
NEET27-BIO-1824,XI,Zoology,Unit 2: Structural Organisation in Animals and Plants,Structural Organisation in Animals,Structural Organisation in Animals,Epithelial tissue,Direct NCERT-based,Easy,B,False,,True,PASS
NEET27-BIO-1825,XI,Zoology,Unit 2: Structural Organisation in Animals and Plants,Structural Organisation in Animals,Structural Organisation in Animals,Integrated chapter reasoning,Higher-order multi-statement,Difficult,A,False,,True,PASS
NEET27-BIO-1826,XII,Botany,Unit 9: Biotechnology and Its Applications,Biotechnology: Principles and Processes,Biotechnology: Principles and Processes,rDNA methodology,Integrated Association Analysis,Medium,D,False,,True,PASS
NEET27-BIO-1827,XI,Zoology,Unit 5: Human Physiology,Locomotion and Movement,Locomotion and Movement,Skeletal muscle with Thin filaments,Applied statement comparison,Medium,B,False,,True,PASS
NEET27-BIO-1828,XII,Botany,Unit 9: Biotechnology and Its Applications,Biotechnology and Its Applications,Biotechnology and Its Applications,Agricultural applications,Applied Classification,Medium,B,False,,True,PASS
NEET27-BIO-1829,XI,Botany,Unit 3: Cell Structure and Function,Biomolecules,Biomolecules,Chargaff's observations,Application Based,Difficult,A,False,,True,PASS
NEET27-BIO-1830,XII,Botany,Unit 7: Genetics and Evolution,Molecular Basis of Inheritance,Molecular Basis of Inheritance,DNA replication,Applied Classification,Medium,C,False,,True,PASS
NEET27-BIO-1831,XII,Botany,Unit 10: Ecology and Environment,Biodiversity and Conservation,Biodiversity and Conservation,Integrated chapter reasoning,Higher-order multi-statement,Difficult,B,False,,True,PASS
NEET27-BIO-1832,XII,Botany,Unit 7: Genetics and Evolution,Principles of Inheritance and Variation,Principles of Inheritance and Variation,X-linked recessive inheritance,Diagram Interpretation,Medium,D,True,figures/NEET27-BIO-XII-CH04-FIG02.png,True,PASS
NEET27-BIO-1833,XI,Botany,Unit 4: Plant Physiology,Respiration in Plants,Respiration in Plants,ATP production,Numerical,Medium,A,False,,True,PASS
NEET27-BIO-1834,XI,Botany,Unit 4: Plant Physiology,Plant Growth and Development,Plant Growth and Development,Growth rates,Reverse Association,Easy,A,False,,True,PASS
NEET27-BIO-1835,XII,Botany,Unit 7: Genetics and Evolution,Molecular Basis of Inheritance,Molecular Basis of Inheritance,Gene regulation and genomics,Applied Classification,Medium,C,False,,True,PASS
NEET27-BIO-1836,XII,Botany,Unit 7: Genetics and Evolution,Principles of Inheritance and Variation,Principles of Inheritance and Variation,Mendelian inheritance,Statement Completion,Easy,B,False,,True,PASS
NEET27-BIO-1837,XI,Botany,Unit 4: Plant Physiology,Respiration in Plants,Respiration in Plants,Order of intermediates in the first half,Statement Based,Easy,D,False,,True,PASS
NEET27-BIO-1838,XI,Botany,Unit 3: Cell Structure and Function,Cell: The Unit of Life,Cell: The Unit of Life,Golgi apparatus,Direct NCERT-based,Easy,C,False,,True,PASS
NEET27-BIO-1839,XI,Botany,Unit 3: Cell Structure and Function,Cell: The Unit of Life,Cell: The Unit of Life,Integrated chapter reasoning,Multi-statement,Difficult,D,False,,True,PASS
NEET27-BIO-1840,XI,Zoology,Unit 5: Human Physiology,Locomotion and Movement,Locomotion and Movement,Integrated chapter reasoning,Higher-order multi-statement,Difficult,C,False,,True,PASS
NEET27-BIO-1841,XII,Botany,Unit 8: Biology and Human Welfare,Microbes in Human Welfare,Microbes in Human Welfare,Sewage treatment,Direct NCERT-based,Easy,C,False,,True,PASS
NEET27-BIO-1842,XII,Botany,Unit 7: Genetics and Evolution,Molecular Basis of Inheritance,Molecular Basis of Inheritance,DNA replication,Integrated Association Analysis,Medium,B,False,,True,PASS
NEET27-BIO-1843,XI,Botany,Unit 1: Diversity in Living World,Plant Kingdom,Plant Kingdom,Integrated chapter reasoning,Multi-statement,Difficult,B,False,,True,PASS
NEET27-BIO-1844,XI,Botany,Unit 1: Diversity in Living World,Biological Classification,Biological Classification,Mycoplasma,Direct NCERT-based,Easy,A,False,,True,PASS
NEET27-BIO-1845,XII,Botany,Unit 7: Genetics and Evolution,Evolution,Evolution,Human evolution,Integrated Association Analysis,Medium,D,False,,True,PASS
NEET27-BIO-1846,XII,Botany,Unit 6: Reproduction,Sexual Reproduction in Flowering Plants,Sexual Reproduction in Flowering Plants,Fertilization,Applied Classification,Medium,A,False,,True,PASS
NEET27-BIO-1847,XI,Botany,Unit 4: Plant Physiology,Photosynthesis in Higher Plants,Photosynthesis in Higher Plants,Integrated chapter reasoning,Higher-order multi-statement,Difficult,B,False,,True,PASS
NEET27-BIO-1848,XI,Zoology,Unit 1: Diversity in Living World,Animal Kingdom,Animal Kingdom,Integrated chapter reasoning,Multi-statement,Difficult,D,False,,True,PASS
NEET27-BIO-1849,XI,Botany,Unit 4: Plant Physiology,Photosynthesis in Higher Plants,Photosynthesis in Higher Plants,Calvin-cycle carboxylation,Direct NCERT-based,Easy,D,False,,True,PASS
NEET27-BIO-1850,XI,Botany,Unit 1: Diversity in Living World,Biological Classification,Biological Classification,Integrated chapter reasoning,Multi-statement,Difficult,A,False,,True,PASS
NEET27-BIO-1851,XII,Botany,Unit 10: Ecology and Environment,Ecosystem,Ecosystem,Integrated chapter reasoning,Multi-statement,Difficult,C,False,,True,PASS
NEET27-BIO-1852,XI,Botany,Unit 2: Structural Organisation in Animals and Plants,Anatomy of Flowering Plants,Anatomy of Flowering Plants,Meristems and Parenchyma,Statement I and Statement II,Medium,D,False,,True,PASS
NEET27-BIO-1853,XII,Botany,Unit 10: Ecology and Environment,Organisms and Populations,Organisms and Populations,Age distribution with Stable population,Applied statement comparison,Medium,C,False,,True,PASS
NEET27-BIO-1854,XI,Botany,Unit 4: Plant Physiology,Plant Growth and Development,Plant Growth and Development,Integrated chapter reasoning,Multi-statement,Difficult,D,False,,True,PASS
NEET27-BIO-1855,XI,Botany,Unit 4: Plant Physiology,Photosynthesis in Higher Plants,Photosynthesis in Higher Plants,Integrated chapter reasoning,Multi-statement,Difficult,C,False,,True,PASS
NEET27-BIO-1856,XII,Botany,Unit 9: Biotechnology and Its Applications,Biotechnology: Principles and Processes,Biotechnology: Principles and Processes,rDNA methodology,Cross-Concept Elimination,Difficult,A,False,,True,PASS
NEET27-BIO-1857,XII,Botany,Unit 6: Reproduction,Sexual Reproduction in Flowering Plants,Sexual Reproduction in Flowering Plants,Ovule and embryo sac,Match the Pair,Medium,B,False,,True,PASS
NEET27-BIO-1858,XII,Botany,Unit 10: Ecology and Environment,Biodiversity and Conservation,Biodiversity and Conservation,Species-area relationship,Direct NCERT-based,Easy,B,False,,True,PASS
NEET27-BIO-1859,XII,Botany,Unit 6: Reproduction,Sexual Reproduction in Flowering Plants,Sexual Reproduction in Flowering Plants,Pollination,Cross-Concept Elimination,Difficult,A,False,,True,PASS
NEET27-BIO-1860,XI,Botany,Unit 3: Cell Structure and Function,Cell: The Unit of Life,Cell: The Unit of Life,Integrated chapter reasoning,Multi-statement,Difficult,B,False,,True,PASS
NEET27-BIO-1861,XII,Botany,Unit 9: Biotechnology and Its Applications,Biotechnology: Principles and Processes,Biotechnology: Principles and Processes,PCR and analysis,Applied Classification,Medium,A,False,,True,PASS
NEET27-BIO-1862,XII,Botany,Unit 10: Ecology and Environment,Biodiversity and Conservation,Biodiversity and Conservation,Integrated chapter reasoning,Multi-statement,Difficult,C,False,,True,PASS
NEET27-BIO-1863,XII,Zoology,Unit 8: Biology and Human Welfare,Human Health and Disease,Human Health and Disease,Prevention and public health,Direct Concept,Easy,C,False,,True,PASS
NEET27-BIO-1864,XI,Zoology,Unit 1: Diversity in Living World,Animal Kingdom,Animal Kingdom,Amphibia and Reptilia and Aves,Statement I and Statement II,Medium,D,False,,True,PASS
NEET27-BIO-1865,XII,Zoology,Unit 8: Biology and Human Welfare,Human Health and Disease,Human Health and Disease,Immunity,Direct Concept,Easy,B,False,,True,PASS
NEET27-BIO-1866,XI,Botany,Unit 4: Plant Physiology,Respiration in Plants,Respiration in Plants,Preparatory phase sequence,Statement Based,Easy,A,False,,True,PASS
NEET27-BIO-1867,XII,Zoology,Unit 6: Reproduction,Human Reproduction,Human Reproduction,Gametogenesis,Applied Classification,Medium,A,False,,True,PASS
NEET27-BIO-1868,XII,Zoology,Unit 6: Reproduction,Human Reproduction,Human Reproduction,Hormonal pattern across a menstrual cycle,Graph Analysis,Medium,B,True,figures/NEET27-BIO-XII-CH02-FIG01.png,True,PASS
NEET27-BIO-1869,XII,Botany,Unit 8: Biology and Human Welfare,Microbes in Human Welfare,Microbes in Human Welfare,Integrated chapter reasoning,Multi-statement,Difficult,D,False,,True,PASS
NEET27-BIO-1870,XII,Botany,Unit 8: Biology and Human Welfare,Microbes in Human Welfare,Microbes in Human Welfare,Biofertilisers,Direct NCERT-based,Easy,D,False,,True,PASS
NEET27-BIO-1871,XII,Zoology,Unit 6: Reproduction,Reproductive Health,Reproductive Health,Birth control and reproductive health,Integrated Association Analysis,Medium,C,False,,True,PASS
NEET27-BIO-1872,XII,Botany,Unit 7: Genetics and Evolution,Principles of Inheritance and Variation,Principles of Inheritance and Variation,Chromosomes linkage and crossing over,Statement Completion,Medium,D,False,,True,PASS
NEET27-BIO-1873,XI,Zoology,Unit 5: Human Physiology,Breathing and Exchange of Gases,Breathing and Exchange of Gases,Gas transport,Cross-Concept Elimination,Difficult,B,False,,True,PASS
NEET27-BIO-1874,XI,Botany,Unit 4: Plant Physiology,Respiration in Plants,Respiration in Plants,Water supplied to the Krebs cycle,Direct Concept,Easy,D,False,,True,PASS
NEET27-BIO-1875,XII,Botany,Unit 9: Biotechnology and Its Applications,Biotechnology: Principles and Processes,Biotechnology: Principles and Processes,rDNA methodology,Statement Completion,Easy,A,False,,True,PASS
NEET27-BIO-1876,XII,Botany,Unit 7: Genetics and Evolution,Principles of Inheritance and Variation,Principles of Inheritance and Variation,Sex determination,Cross-Concept Elimination,Difficult,A,False,,True,PASS
NEET27-BIO-1877,XI,Botany,Unit 4: Plant Physiology,Respiration in Plants,Respiration in Plants,Try this: germinating seeds in mercury,Application Based,Difficult,C,False,,True,PASS
NEET27-BIO-1878,XII,Botany,Unit 10: Ecology and Environment,Biodiversity and Conservation,Biodiversity and Conservation,Integrated chapter reasoning,Multi-statement,Difficult,D,False,,True,PASS
NEET27-BIO-1879,XII,Botany,Unit 6: Reproduction,Sexual Reproduction in Flowering Plants,Sexual Reproduction in Flowering Plants,Fertilization,Integrated Association Analysis,Medium,A,False,,True,PASS
NEET27-BIO-1880,XII,Botany,Unit 7: Genetics and Evolution,Evolution,Evolution,Origin of life,Statement Completion,Easy,C,False,,True,PASS
NEET27-BIO-1881,XI,Botany,Unit 2: Structural Organisation in Animals and Plants,Anatomy of Flowering Plants,Anatomy of Flowering Plants,Integrated chapter reasoning,Multi-statement,Difficult,B,False,,True,PASS
NEET27-BIO-1882,XI,Botany,Unit 4: Plant Physiology,Plant Growth and Development,Plant Growth and Development,Integrated chapter reasoning,Higher-order multi-statement,Difficult,B,False,,True,PASS
NEET27-BIO-1883,XII,Botany,Unit 6: Reproduction,Sexual Reproduction in Flowering Plants,Sexual Reproduction in Flowering Plants,Fertilization,Cross-Concept Elimination,Difficult,D,False,,True,PASS
NEET27-BIO-1884,XII,Botany,Unit 6: Reproduction,Sexual Reproduction in Flowering Plants,Sexual Reproduction in Flowering Plants,Post-fertilization development,Integrated Association Analysis,Medium,B,False,,True,PASS
NEET27-BIO-1885,XI,Botany,Unit 1: Diversity in Living World,The Living World,The Living World,Taxonomy and Systematics,Statement I and Statement II,Medium,C,False,,True,PASS
NEET27-BIO-1886,XII,Botany,Unit 7: Genetics and Evolution,Principles of Inheritance and Variation,Principles of Inheritance and Variation,Genetic terminology,Match the Pair,Medium,C,False,,True,PASS
NEET27-BIO-1887,XII,Botany,Unit 10: Ecology and Environment,Ecosystem,Ecosystem,Integrated chapter reasoning,Higher-order multi-statement,Difficult,A,False,,True,PASS
NEET27-BIO-1888,XI,Botany,Unit 1: Diversity in Living World,Biological Classification,Biological Classification,Red tides,Direct NCERT-based,Easy,B,False,,True,PASS
NEET27-BIO-1889,XII,Zoology,Unit 6: Reproduction,Human Reproduction,Human Reproduction,Gametogenesis,Reverse Association,Easy,B,False,,True,PASS
NEET27-BIO-1890,XII,Botany,Unit 7: Genetics and Evolution,Principles of Inheritance and Variation,Principles of Inheritance and Variation,Chromosomal disorders,Statement Completion,Easy,A,False,,True,PASS
NEET27-BIO-1891,XII,Botany,Unit 10: Ecology and Environment,Organisms and Populations,Organisms and Populations,Population growth models,Graph Analysis,Easy,C,True,figures/NEET27-BIO-XII-CH11-FIG01.png,True,PASS
NEET27-BIO-1892,XII,Botany,Unit 7: Genetics and Evolution,Evolution,Evolution,Population genetics,Direct Concept,Easy,D,False,,True,PASS
NEET27-BIO-1893,XI,Botany,Unit 3: Cell Structure and Function,Biomolecules,Biomolecules,Factors affecting enzyme activity,Graph Concept,Medium,A,True,figures/NEET27-BIO-XI-CH09-0109.png,True,PASS
NEET27-BIO-1894,XI,Botany,Unit 2: Structural Organisation in Animals and Plants,Morphology of Flowering Plants,Morphology of Flowering Plants,Integrated chapter reasoning,Multi-statement,Difficult,C,False,,True,PASS
NEET27-BIO-1895,XII,Botany,Unit 9: Biotechnology and Its Applications,Biotechnology: Principles and Processes,Biotechnology: Principles and Processes,Core principles,Multi-statement analysis,Difficult,D,False,,True,PASS
NEET27-BIO-1896,XI,Botany,Unit 1: Diversity in Living World,Biological Classification,Biological Classification,Lichens and Viroids,Statement I and Statement II,Medium,D,False,,True,PASS
NEET27-BIO-1897,XI,Zoology,Unit 5: Human Physiology,Breathing and Exchange of Gases,Breathing and Exchange of Gases,Human respiratory tract,Match the Pair,Medium,B,False,,True,PASS
NEET27-BIO-1898,XII,Botany,Unit 10: Ecology and Environment,Biodiversity and Conservation,Biodiversity and Conservation,Biodiversity patterns,Applied Classification,Medium,C,False,,True,PASS
NEET27-BIO-1899,XI,Botany,Unit 3: Cell Structure and Function,Biomolecules,Biomolecules,Metabolic pool,Direct Concept,Easy,B,False,,True,PASS
NEET27-BIO-1900,XII,Botany,Unit 6: Reproduction,Sexual Reproduction in Flowering Plants,Sexual Reproduction in Flowering Plants,Special reproductive phenomena,Reverse Association,Easy,A,False,,True,PASS
NEET27-BIO-1901,XI,Zoology,Unit 5: Human Physiology,Breathing and Exchange of Gases,Breathing and Exchange of Gases,Gas transport,Direct Concept,Easy,C,False,,True,PASS
NEET27-BIO-1902,XII,Botany,Unit 7: Genetics and Evolution,Molecular Basis of Inheritance,Molecular Basis of Inheritance,DNA packaging,Cross-Concept Elimination,Difficult,B,False,,True,PASS
NEET27-BIO-1903,XII,Zoology,Unit 6: Reproduction,Human Reproduction,Human Reproduction,Female reproductive system,Statement Completion,Easy,D,False,,True,PASS
NEET27-BIO-1904,XI,Botany,Unit 2: Structural Organisation in Animals and Plants,Morphology of Flowering Plants,Morphology of Flowering Plants,Underground stems,Direct NCERT-based,Easy,A,False,,True,PASS
NEET27-BIO-1905,XII,Botany,Unit 9: Biotechnology and Its Applications,Biotechnology: Principles and Processes,Biotechnology: Principles and Processes,Restriction and joining enzymes,Statement Completion,Medium,D,False,,True,PASS
NEET27-BIO-1906,XI,Zoology,Unit 5: Human Physiology,Chemical Coordination and Integration,Chemical Coordination and Integration,Pituitary and thyroid,Multi-Statement Reasoning,Difficult,A,False,,True,PASS
NEET27-BIO-1907,XII,Botany,Unit 10: Ecology and Environment,Biodiversity and Conservation,Biodiversity and Conservation,Integrated chapter reasoning,Higher-order multi-statement,Difficult,C,False,,True,PASS
NEET27-BIO-1908,XI,Botany,Unit 3: Cell Structure and Function,Biomolecules,Biomolecules,Factors affecting enzyme activity,Statement Based,Difficult,A,False,,True,PASS
NEET27-BIO-1909,XI,Botany,Unit 2: Structural Organisation in Animals and Plants,Anatomy of Flowering Plants,Anatomy of Flowering Plants,Dorsiventral leaf,Direct NCERT-based,Easy,B,False,,True,PASS
NEET27-BIO-1910,XII,Zoology,Unit 8: Biology and Human Welfare,Human Health and Disease,Human Health and Disease,Drugs and addiction,Applied Classification,Medium,B,False,,True,PASS
NEET27-BIO-1911,XII,Botany,Unit 8: Biology and Human Welfare,Microbes in Human Welfare,Microbes in Human Welfare,Integrated chapter reasoning,Multi-statement,Difficult,D,False,,True,PASS
NEET27-BIO-1912,XII,Zoology,Unit 8: Biology and Human Welfare,Human Health and Disease,Human Health and Disease,Antibody structure,Match the Pair,Medium,A,False,,True,PASS
NEET27-BIO-1913,XI,Botany,Unit 4: Plant Physiology,Respiration in Plants,Respiration in Plants,Site of the connecting link reaction,Comparison Based,Easy,C,False,,True,PASS
NEET27-BIO-1914,XI,Botany,Unit 1: Diversity in Living World,Biological Classification,Biological Classification,Integrated chapter reasoning,Higher-order multi-statement,Difficult,B,False,,True,PASS
NEET27-BIO-1915,XI,Botany,Unit 1: Diversity in Living World,Plant Kingdom,Plant Kingdom,Green algae,Direct NCERT-based,Easy,D,False,,True,PASS
NEET27-BIO-1916,XI,Botany,Unit 1: Diversity in Living World,Plant Kingdom,Plant Kingdom,Red algae,Direct NCERT-based,Easy,B,False,,True,PASS
NEET27-BIO-1917,XII,Zoology,Unit 6: Reproduction,Human Reproduction,Human Reproduction,Female reproductive system,Applied Classification,Medium,A,False,,True,PASS
NEET27-BIO-1918,XI,Zoology,Unit 5: Human Physiology,Body Fluids and Circulation,Body Fluids and Circulation,Blood cells,Direct Concept,Easy,D,False,,True,PASS
NEET27-BIO-1919,XI,Zoology,Unit 5: Human Physiology,Breathing and Exchange of Gases,Breathing and Exchange of Gases,Respiratory organs,Match the Pair,Medium,C,False,,True,PASS
NEET27-BIO-1920,XI,Botany,Unit 3: Cell Structure and Function,Cell: The Unit of Life,Cell: The Unit of Life,Vacuoles and Mitochondria,Statement I and Statement II,Medium,B,False,,True,PASS
NEET27-BIO-1921,XI,Botany,Unit 4: Plant Physiology,Respiration in Plants,Respiration in Plants,Cofactors of glycolysis,Direct Concept,Easy,A,True,figures/NEET27-BIO-XI-CH12-0013.png,True,PASS
NEET27-BIO-1922,XI,Botany,Unit 4: Plant Physiology,Respiration in Plants,Respiration in Plants,Pay-off phase chemistry,Conceptual Trap,Difficult,C,False,,True,PASS
NEET27-BIO-1923,XI,Botany,Unit 2: Structural Organisation in Animals and Plants,Anatomy of Flowering Plants,Anatomy of Flowering Plants,Integrated chapter reasoning,Higher-order multi-statement,Difficult,C,False,,True,PASS
NEET27-BIO-1924,XII,Botany,Unit 9: Biotechnology and Its Applications,Biotechnology: Principles and Processes,Biotechnology: Principles and Processes,Core principles,Match the Pair,Medium,D,False,,True,PASS
NEET27-BIO-1925,XI,Zoology,Unit 1: Diversity in Living World,Animal Kingdom,Animal Kingdom,Coelom and Porifera,Statement I and Statement II,Medium,D,False,,True,PASS
NEET27-BIO-1926,XI,Botany,Unit 4: Plant Physiology,Respiration in Plants,Respiration in Plants,Entry of the reduced coenzymes,Comparison Based,Easy,C,False,,True,PASS
NEET27-BIO-1927,XI,Botany,Unit 1: Diversity in Living World,The Living World,The Living World,Scientific-name conventions and Species,Statement I and Statement II,Medium,A,False,,True,PASS
NEET27-BIO-1928,XII,Botany,Unit 7: Genetics and Evolution,Principles of Inheritance and Variation,Principles of Inheritance and Variation,Non-Mendelian patterns,Reverse Association,Easy,D,False,,True,PASS
NEET27-BIO-1929,XI,Botany,Unit 4: Plant Physiology,Plant Growth and Development,Plant Growth and Development,Seed germination and Arithmetic growth,Statement I and Statement II,Medium,C,False,,True,PASS
NEET27-BIO-1930,XII,Botany,Unit 8: Biology and Human Welfare,Microbes in Human Welfare,Microbes in Human Welfare,Integrated chapter reasoning,Multi-statement,Difficult,D,False,,True,PASS
NEET27-BIO-1931,XI,Botany,Unit 4: Plant Physiology,Photosynthesis in Higher Plants,Photosynthesis in Higher Plants,Site of photosynthesis and Photosynthetic pigments,Statement I and Statement II,Medium,B,False,,True,PASS
NEET27-BIO-1932,XI,Botany,Unit 4: Plant Physiology,Plant Growth and Development,Plant Growth and Development,Integrated chapter reasoning,Higher-order multi-statement,Difficult,B,False,,True,PASS
NEET27-BIO-1933,XI,Botany,Unit 4: Plant Physiology,Photosynthesis in Higher Plants,Photosynthesis in Higher Plants,Calvin-cycle energy,Direct NCERT-based,Easy,C,False,,True,PASS
NEET27-BIO-1934,XII,Botany,Unit 8: Biology and Human Welfare,Microbes in Human Welfare,Microbes in Human Welfare,Anaerobic sludge digestion,Direct NCERT-based,Easy,A,False,,True,PASS
NEET27-BIO-1935,XII,Botany,Unit 7: Genetics and Evolution,Molecular Basis of Inheritance,Molecular Basis of Inheritance,Transcription and RNA,Multi-statement analysis,Difficult,A,False,,True,PASS
NEET27-BIO-1936,XII,Botany,Unit 9: Biotechnology and Its Applications,Biotechnology: Principles and Processes,Biotechnology: Principles and Processes,PCR and analysis,Reverse Association,Easy,B,False,,True,PASS
NEET27-BIO-1937,XII,Botany,Unit 7: Genetics and Evolution,Molecular Basis of Inheritance,Molecular Basis of Inheritance,DNA replication,Applied Classification,Medium,C,False,,True,PASS
NEET27-BIO-1938,XI,Zoology,Unit 5: Human Physiology,Chemical Coordination and Integration,Chemical Coordination and Integration,Pituitary and thyroid,Applied Classification,Medium,A,False,,True,PASS
NEET27-BIO-1939,XII,Botany,Unit 7: Genetics and Evolution,Principles of Inheritance and Variation,Principles of Inheritance and Variation,Mendelian inheritance,Direct Concept,Easy,A,False,,True,PASS
NEET27-BIO-1940,XI,Zoology,Unit 1: Diversity in Living World,Animal Kingdom,Animal Kingdom,Amphibia,Direct NCERT-based,Easy,B,False,,True,PASS
NEET27-BIO-1941,XII,Botany,Unit 7: Genetics and Evolution,Principles of Inheritance and Variation,Principles of Inheritance and Variation,Chromosomal disorders,Reverse Association,Easy,C,False,,True,PASS
NEET27-BIO-1942,XI,Zoology,Unit 1: Diversity in Living World,Animal Kingdom,Animal Kingdom,Integrated chapter reasoning,Higher-order multi-statement,Difficult,C,False,,True,PASS
NEET27-BIO-1943,XI,Botany,Unit 1: Diversity in Living World,Biological Classification,Biological Classification,Kingdom Monera,Direct NCERT-based,Easy,D,False,,True,PASS
NEET27-BIO-1944,XI,Botany,Unit 2: Structural Organisation in Animals and Plants,Anatomy of Flowering Plants,Anatomy of Flowering Plants,Monocot root and Dicot stem,Statement I and Statement II,Medium,D,False,,True,PASS
NEET27-BIO-1945,XI,Botany,Unit 1: Diversity in Living World,Biological Classification,Biological Classification,Cyanobacteria and Heterocysts,Statement I and Statement II,Medium,B,False,,True,PASS
NEET27-BIO-1946,XII,Botany,Unit 7: Genetics and Evolution,Principles of Inheritance and Variation,Principles of Inheritance and Variation,Mendelian inheritance,Cross-Concept Elimination,Difficult,A,False,,True,PASS
NEET27-BIO-1947,XII,Botany,Unit 10: Ecology and Environment,Ecosystem,Ecosystem,Food web with Ten-percent law,Applied statement comparison,Medium,C,False,,True,PASS
NEET27-BIO-1948,XII,Botany,Unit 9: Biotechnology and Its Applications,Biotechnology: Principles and Processes,Biotechnology: Principles and Processes,PCR and analysis,Statement Completion,Easy,D,False,,True,PASS
NEET27-BIO-1949,XI,Botany,Unit 4: Plant Physiology,Plant Growth and Development,Plant Growth and Development,Integrated chapter reasoning,Higher-order multi-statement,Difficult,D,False,,True,PASS
NEET27-BIO-1950,XI,Botany,Unit 1: Diversity in Living World,The Living World,The Living World,Integrated chapter reasoning,Higher-order multi-statement,Difficult,B,False,,True,PASS
NEET27-BIO-1951,XI,Botany,Unit 4: Plant Physiology,Plant Growth and Development,Plant Growth and Development,Integrated chapter reasoning,Higher-order multi-statement,Difficult,D,False,,True,PASS
NEET27-BIO-1952,XI,Botany,Unit 2: Structural Organisation in Animals and Plants,Morphology of Flowering Plants,Morphology of Flowering Plants,Integrated chapter reasoning,Multi-statement,Difficult,A,False,,True,PASS
NEET27-BIO-1953,XII,Botany,Unit 10: Ecology and Environment,Organisms and Populations,Organisms and Populations,Integrated chapter reasoning,Higher-order multi-statement,Difficult,C,False,,True,PASS
NEET27-BIO-1954,XI,Zoology,Unit 2: Structural Organisation in Animals and Plants,Structural Organisation in Animals,Structural Organisation in Animals,Integrated chapter reasoning,Multi-statement,Difficult,B,False,,True,PASS
NEET27-BIO-1955,XI,Botany,Unit 2: Structural Organisation in Animals and Plants,Morphology of Flowering Plants,Morphology of Flowering Plants,Fabaceae and Brassicaceae,Statement I and Statement II,Medium,A,False,,True,PASS
NEET27-BIO-1956,XII,Botany,Unit 10: Ecology and Environment,Organisms and Populations,Organisms and Populations,Integrated chapter reasoning,Multi-statement,Difficult,A,False,,True,PASS
NEET27-BIO-1957,XI,Botany,Unit 1: Diversity in Living World,The Living World,The Living World,Identification with Characteristics of living organisms,Applied statement comparison,Medium,D,False,,True,PASS
NEET27-BIO-1958,XI,Zoology,Unit 5: Human Physiology,Neural Control and Coordination,Neural Control and Coordination,Nervous organization,Applied Classification,Medium,B,False,,True,PASS
NEET27-BIO-1959,XII,Botany,Unit 10: Ecology and Environment,Ecosystem,Ecosystem,Food chains and energy,Direct Concept,Easy,B,False,,True,PASS
NEET27-BIO-1960,XII,Botany,Unit 7: Genetics and Evolution,Molecular Basis of Inheritance,Molecular Basis of Inheritance,DNA structure,Direct Concept,Easy,C,False,,True,PASS
NEET27-BIO-1961,XI,Botany,Unit 1: Diversity in Living World,Plant Kingdom,Plant Kingdom,Integrated chapter reasoning,Higher-order multi-statement,Difficult,B,False,,True,PASS
NEET27-BIO-1962,XI,Zoology,Unit 2: Structural Organisation in Animals and Plants,Structural Organisation in Animals,Structural Organisation in Animals,Frog circulation and Frog red blood cells,Statement I and Statement II,Medium,B,False,,True,PASS
NEET27-BIO-1963,XII,Botany,Unit 10: Ecology and Environment,Biodiversity and Conservation,Biodiversity and Conservation,Integrated chapter reasoning,Higher-order multi-statement,Difficult,D,False,,True,PASS
NEET27-BIO-1964,XII,Botany,Unit 10: Ecology and Environment,Organisms and Populations,Organisms and Populations,Integrated chapter reasoning,Multi-statement,Difficult,C,False,,True,PASS
NEET27-BIO-1965,XI,Zoology,Unit 5: Human Physiology,Excretory Products and Their Elimination,Excretory Products and Their Elimination,Sites of the three steps,Comparison Based,Easy,A,False,,True,PASS
NEET27-BIO-1966,XII,Botany,Unit 10: Ecology and Environment,Ecosystem,Ecosystem,Integrated chapter reasoning,Multi-statement,Difficult,B,False,,True,PASS
NEET27-BIO-1967,XII,Botany,Unit 9: Biotechnology and Its Applications,Biotechnology and Its Applications,Biotechnology and Its Applications,Medical applications,Statement Completion,Easy,A,False,,True,PASS
NEET27-BIO-1968,XII,Botany,Unit 7: Genetics and Evolution,Principles of Inheritance and Variation,Principles of Inheritance and Variation,Chromosomes linkage and crossing over,Case Analysis,Difficult,D,False,,True,PASS
NEET27-BIO-1969,XI,Zoology,Unit 2: Structural Organisation in Animals and Plants,Structural Organisation in Animals,Structural Organisation in Animals,Integrated chapter reasoning,Higher-order multi-statement,Difficult,A,False,,True,PASS
NEET27-BIO-1970,XI,Botany,Unit 2: Structural Organisation in Animals and Plants,Morphology of Flowering Plants,Morphology of Flowering Plants,Root systems and Root regions,Statement I and Statement II,Medium,D,False,,True,PASS
NEET27-BIO-1971,XII,Botany,Unit 8: Biology and Human Welfare,Microbes in Human Welfare,Microbes in Human Welfare,Anaerobic sludge digestion and Biogas,Statement I and Statement II,Medium,A,False,,True,PASS
NEET27-BIO-1972,XI,Botany,Unit 3: Cell Structure and Function,Cell: The Unit of Life,Cell: The Unit of Life,Cell theory and Prokaryotic cells,Statement I and Statement II,Medium,C,False,,True,PASS
NEET27-BIO-1973,XI,Botany,Unit 2: Structural Organisation in Animals and Plants,Morphology of Flowering Plants,Morphology of Flowering Plants,Asteraceae,Direct NCERT-based,Easy,C,False,,True,PASS
NEET27-BIO-1974,XII,Botany,Unit 8: Biology and Human Welfare,Microbes in Human Welfare,Microbes in Human Welfare,Flocs and BOD and Anaerobic sludge digestion,Statement I and Statement II,Medium,D,False,,True,PASS
NEET27-BIO-1975,XII,Botany,Unit 7: Genetics and Evolution,Molecular Basis of Inheritance,Molecular Basis of Inheritance,Transcription and RNA,Case Analysis,Difficult,C,False,,True,PASS
NEET27-BIO-1976,XII,Botany,Unit 9: Biotechnology and Its Applications,Biotechnology and Its Applications,Biotechnology and Its Applications,Bioethics and ownership,Applied Classification,Medium,A,False,,True,PASS
NEET27-BIO-1977,XI,Botany,Unit 4: Plant Physiology,Respiration in Plants,Respiration in Plants,Carbon dioxide yield of the cycle,Numerical,Medium,C,False,,True,PASS
NEET27-BIO-1978,XI,Botany,Unit 4: Plant Physiology,Respiration in Plants,Respiration in Plants,Meaning of amphibolic,Direct Concept,Easy,D,False,,True,PASS
NEET27-BIO-1979,XI,Botany,Unit 1: Diversity in Living World,The Living World,The Living World,Binomial nomenclature and Scientific-name conventions,Statement I and Statement II,Medium,B,False,,True,PASS
NEET27-BIO-1980,XI,Botany,Unit 3: Cell Structure and Function,Cell: The Unit of Life,Cell: The Unit of Life,Rough and smooth ER and Golgi apparatus,Statement I and Statement II,Medium,C,False,,True,PASS
NEET27-BIO-1981,XI,Zoology,Unit 5: Human Physiology,Excretory Products and Their Elimination,Excretory Products and Their Elimination,Composition of the glomerular filtrate,Direct Concept,Easy,B,False,,True,PASS
NEET27-BIO-1982,XI,Botany,Unit 1: Diversity in Living World,The Living World,The Living World,Metabolism,Direct NCERT-based,Easy,B,False,,True,PASS
NEET27-BIO-1983,XI,Zoology,Unit 5: Human Physiology,Body Fluids and Circulation,Body Fluids and Circulation,Heart anatomy,Integrated Association Analysis,Medium,D,False,,True,PASS
NEET27-BIO-1984,XII,Botany,Unit 10: Ecology and Environment,Ecosystem,Ecosystem,Integrated chapter reasoning,Higher-order multi-statement,Difficult,C,False,,True,PASS
NEET27-BIO-1985,XI,Botany,Unit 4: Plant Physiology,Photosynthesis in Higher Plants,Photosynthesis in Higher Plants,Integrated chapter reasoning,Multi-statement,Difficult,A,False,,True,PASS
NEET27-BIO-1986,XI,Botany,Unit 1: Diversity in Living World,Plant Kingdom,Plant Kingdom,Pteridophyte vascular tissue,Direct NCERT-based,Easy,D,False,,True,PASS
NEET27-BIO-1987,XI,Botany,Unit 3: Cell Structure and Function,Biomolecules,Biomolecules,Peptide bond,Numerical,Medium,B,False,,True,PASS
NEET27-BIO-1988,XII,Zoology,Unit 8: Biology and Human Welfare,Human Health and Disease,Human Health and Disease,Prevention and public health,Statement Completion,Medium,A,False,,True,PASS
NEET27-BIO-1989,XII,Botany,Unit 7: Genetics and Evolution,Molecular Basis of Inheritance,Molecular Basis of Inheritance,DNA replication,Reverse Association,Easy,A,False,,True,PASS
NEET27-BIO-1990,XII,Zoology,Unit 6: Reproduction,Human Reproduction,Human Reproduction,Early development,Match the Pair,Medium,B,False,,True,PASS
NEET27-BIO-1991,XII,Botany,Unit 7: Genetics and Evolution,Molecular Basis of Inheritance,Molecular Basis of Inheritance,DNA packaging,Match the Pair,Medium,A,False,,True,PASS
NEET27-BIO-1992,XII,Botany,Unit 7: Genetics and Evolution,Evolution,Evolution,Origin of life,Direct Concept,Easy,C,False,,True,PASS
NEET27-BIO-1993,XI,Botany,Unit 4: Plant Physiology,Respiration in Plants,Respiration in Plants,Stoichiometry of alcoholic fermentation,Multi-Step Numerical,Difficult,B,False,,True,PASS
NEET27-BIO-1994,XII,Botany,Unit 10: Ecology and Environment,Ecosystem,Ecosystem,Ecosystem components and Primary productivity,Statement I and Statement II,Medium,C,False,,True,PASS
NEET27-BIO-1995,XII,Botany,Unit 10: Ecology and Environment,Biodiversity and Conservation,Biodiversity and Conservation,Importance of biodiversity,Direct NCERT-based,Easy,B,False,,True,PASS
NEET27-BIO-1996,XI,Zoology,Unit 5: Human Physiology,Locomotion and Movement,Locomotion and Movement,Skeletal muscle and Sarcomere,Statement I and Statement II,Medium,D,False,,True,PASS
NEET27-BIO-1997,XI,Botany,Unit 3: Cell Structure and Function,Cell: The Unit of Life,Cell: The Unit of Life,Golgi apparatus and Lysosomes,Statement I and Statement II,Medium,A,False,,True,PASS
NEET27-BIO-1998,XII,Botany,Unit 10: Ecology and Environment,Ecosystem,Ecosystem,Integrated chapter reasoning,Multi-statement,Difficult,D,False,,True,PASS
NEET27-BIO-1999,XII,Botany,Unit 7: Genetics and Evolution,Molecular Basis of Inheritance,Molecular Basis of Inheritance,Genetic code and translation,Applied Classification,Medium,D,False,,True,PASS
NEET27-BIO-2000,XII,Botany,Unit 10: Ecology and Environment,Ecosystem,Ecosystem,Pyramids of biomass,Direct NCERT-based,Easy,C,False,,True,PASS
NEET27-BIO-2001,XI,Botany,Unit 3: Cell Structure and Function,Cell: The Unit of Life,Cell: The Unit of Life,Integrated chapter reasoning,Multi-statement,Difficult,A,False,,True,PASS
NEET27-BIO-2002,XII,Botany,Unit 9: Biotechnology and Its Applications,Biotechnology and Its Applications,Biotechnology and Its Applications,Bioethics and ownership,Statement Completion,Easy,D,False,,True,PASS
NEET27-BIO-2003,XI,Botany,Unit 3: Cell Structure and Function,Cell: The Unit of Life,Cell: The Unit of Life,Integrated chapter reasoning,Multi-statement,Difficult,B,False,,True,PASS
NEET27-BIO-2004,XI,Botany,Unit 3: Cell Structure and Function,Cell: The Unit of Life,Cell: The Unit of Life,Ribosomes,Direct NCERT-based,Easy,A,False,,True,PASS
NEET27-BIO-2005,XI,Botany,Unit 2: Structural Organisation in Animals and Plants,Morphology of Flowering Plants,Morphology of Flowering Plants,Fabaceae,Direct NCERT-based,Easy,A,False,,True,PASS
NEET27-BIO-2006,XII,Botany,Unit 10: Ecology and Environment,Organisms and Populations,Organisms and Populations,Natality,Direct NCERT-based,Easy,C,False,,True,PASS
NEET27-BIO-2007,XI,Botany,Unit 3: Cell Structure and Function,Cell: The Unit of Life,Cell: The Unit of Life,Integrated chapter reasoning,Higher-order multi-statement,Difficult,C,False,,True,PASS
NEET27-BIO-2008,XII,Botany,Unit 7: Genetics and Evolution,Evolution,Evolution,Human evolution,Cross-Concept Elimination,Difficult,D,False,,True,PASS
NEET27-BIO-2009,XI,Botany,Unit 2: Structural Organisation in Animals and Plants,Morphology of Flowering Plants,Morphology of Flowering Plants,Ovary position with Placentation,Applied statement comparison,Medium,B,False,,True,PASS
NEET27-BIO-2010,XII,Botany,Unit 9: Biotechnology and Its Applications,Biotechnology and Its Applications,Biotechnology and Its Applications,Bioethics and ownership,Reverse Association,Easy,B,False,,True,PASS
NEET27-BIO-2011,XI,Botany,Unit 2: Structural Organisation in Animals and Plants,Morphology of Flowering Plants,Morphology of Flowering Plants,Root systems,Direct NCERT-based,Easy,D,False,,True,PASS
NEET27-BIO-2012,XI,Botany,Unit 2: Structural Organisation in Animals and Plants,Anatomy of Flowering Plants,Anatomy of Flowering Plants,Parenchyma,Direct NCERT-based,Easy,A,False,,True,PASS
NEET27-BIO-2013,XII,Zoology,Unit 8: Biology and Human Welfare,Human Health and Disease,Human Health and Disease,Antibody structure,Integrated Association Analysis,Medium,C,False,,True,PASS
NEET27-BIO-2014,XII,Botany,Unit 10: Ecology and Environment,Biodiversity and Conservation,Biodiversity and Conservation,Threats and extinction,Case Analysis,Difficult,A,False,,True,PASS
NEET27-BIO-2015,XI,Botany,Unit 4: Plant Physiology,Respiration in Plants,Respiration in Plants,Cytochrome C oxidase,Direct Concept,Easy,B,False,,True,PASS
NEET27-BIO-2016,XI,Zoology,Unit 2: Structural Organisation in Animals and Plants,Structural Organisation in Animals,Structural Organisation in Animals,Integrated chapter reasoning,Multi-statement,Difficult,C,False,,True,PASS
NEET27-BIO-2017,XII,Botany,Unit 10: Ecology and Environment,Organisms and Populations,Organisms and Populations,Parasitism,Direct NCERT-based,Easy,D,False,,True,PASS
NEET27-BIO-2018,XI,Botany,Unit 1: Diversity in Living World,Biological Classification,Biological Classification,Lichens,Direct NCERT-based,Easy,C,False,,True,PASS
NEET27-BIO-2019,XI,Zoology,Unit 5: Human Physiology,Neural Control and Coordination,Neural Control and Coordination,Central nervous system,Cross-Concept Elimination,Difficult,D,False,,True,PASS
NEET27-BIO-2020,XI,Botany,Unit 4: Plant Physiology,Respiration in Plants,Respiration in Plants,Try this: fermentation by yeast,Application Based,Medium,D,False,,True,PASS
NEET27-BIO-2021,XI,Zoology,Unit 5: Human Physiology,Body Fluids and Circulation,Body Fluids and Circulation,Cardiac cycle and ECG,Reverse Association,Easy,B,False,,True,PASS
NEET27-BIO-2022,XI,Botany,Unit 4: Plant Physiology,Respiration in Plants,Respiration in Plants,Definition and extent of glycolysis,Direct Concept,Easy,D,False,,True,PASS
NEET27-BIO-2023,XII,Botany,Unit 7: Genetics and Evolution,Principles of Inheritance and Variation,Principles of Inheritance and Variation,Chromosomes linkage and crossing over,Direct Concept,Easy,C,False,,True,PASS
NEET27-BIO-2024,XI,Botany,Unit 4: Plant Physiology,Respiration in Plants,Respiration in Plants,Products of the connecting link reaction,Direct Concept,Easy,A,False,,True,PASS
NEET27-BIO-2025,XI,Botany,Unit 1: Diversity in Living World,The Living World,The Living World,Author citation,Direct NCERT-based,Easy,A,False,,True,PASS
NEET27-BIO-2026,XII,Botany,Unit 7: Genetics and Evolution,Molecular Basis of Inheritance,Molecular Basis of Inheritance,Genetic code and translation,Reverse Association,Easy,C,False,,True,PASS
NEET27-BIO-2027,XI,Botany,Unit 4: Plant Physiology,Photosynthesis in Higher Plants,Photosynthesis in Higher Plants,Integrated chapter reasoning,Higher-order multi-statement,Difficult,B,False,,True,PASS
NEET27-BIO-2028,XI,Botany,Unit 4: Plant Physiology,Respiration in Plants,Respiration in Plants,Reduced coenzyme yield of the cycle,Numerical,Medium,A,False,,True,PASS
NEET27-BIO-2029,XI,Botany,Unit 1: Diversity in Living World,Biological Classification,Biological Classification,Protozoans,Direct NCERT-based,Easy,B,False,,True,PASS
NEET27-BIO-2030,XII,Botany,Unit 7: Genetics and Evolution,Principles of Inheritance and Variation,Principles of Inheritance and Variation,Chromosomal disorders,Cross-Concept Elimination,Difficult,A,False,,True,PASS
NEET27-BIO-2031,XI,Botany,Unit 3: Cell Structure and Function,Biomolecules,Biomolecules,Base pairing,Direct Concept,Easy,D,False,,True,PASS
NEET27-BIO-2032,XI,Botany,Unit 3: Cell Structure and Function,Biomolecules,Biomolecules,Double helix model,Direct Concept,Easy,A,False,,True,PASS
NEET27-BIO-2033,XI,Botany,Unit 2: Structural Organisation in Animals and Plants,Morphology of Flowering Plants,Morphology of Flowering Plants,Fruits and Malvaceae,Statement I and Statement II,Medium,B,False,,True,PASS
NEET27-BIO-2034,XI,Botany,Unit 1: Diversity in Living World,Plant Kingdom,Plant Kingdom,Integrated chapter reasoning,Higher-order multi-statement,Difficult,D,False,,True,PASS
NEET27-BIO-2035,XII,Botany,Unit 7: Genetics and Evolution,Principles of Inheritance and Variation,Principles of Inheritance and Variation,Chromosomes linkage and crossing over,Integrated Association Analysis,Medium,C,False,,True,PASS
NEET27-BIO-2036,XII,Botany,Unit 9: Biotechnology and Its Applications,Biotechnology: Principles and Processes,Biotechnology: Principles and Processes,PCR and analysis,Reverse Association,Easy,C,False,,True,PASS
NEET27-BIO-2037,XII,Botany,Unit 7: Genetics and Evolution,Principles of Inheritance and Variation,Principles of Inheritance and Variation,Sex determination,Applied Classification,Medium,A,False,,True,PASS
NEET27-BIO-2038,XI,Botany,Unit 4: Plant Physiology,Photosynthesis in Higher Plants,Photosynthesis in Higher Plants,Integrated chapter reasoning,Higher-order multi-statement,Difficult,C,False,,True,PASS
NEET27-BIO-2039,XI,Zoology,Unit 1: Diversity in Living World,Animal Kingdom,Animal Kingdom,Integrated chapter reasoning,Higher-order multi-statement,Difficult,B,False,,True,PASS
NEET27-BIO-2040,XI,Botany,Unit 1: Diversity in Living World,Biological Classification,Biological Classification,Integrated chapter reasoning,Multi-statement,Difficult,A,False,,True,PASS
NEET27-BIO-2041,XI,Botany,Unit 1: Diversity in Living World,The Living World,The Living World,Characteristics of living organisms and Reproduction,Statement I and Statement II,Medium,B,False,,True,PASS
NEET27-BIO-2042,XII,Zoology,Unit 6: Reproduction,Human Reproduction,Human Reproduction,Menstrual cycle,Reverse Association,Easy,B,False,,True,PASS
NEET27-BIO-2043,XI,Zoology,Unit 5: Human Physiology,Body Fluids and Circulation,Body Fluids and Circulation,Vessels pressure and lymph,Evidence Integration,Difficult,C,False,,True,PASS
NEET27-BIO-2044,XII,Botany,Unit 7: Genetics and Evolution,Molecular Basis of Inheritance,Molecular Basis of Inheritance,DNA packaging,Direct Concept,Easy,D,False,,True,PASS
NEET27-BIO-2045,XI,Botany,Unit 1: Diversity in Living World,The Living World,The Living World,Author citation and Characteristics of living organisms,Statement I and Statement II,Medium,C,False,,True,PASS
NEET27-BIO-2046,XI,Zoology,Unit 5: Human Physiology,Breathing and Exchange of Gases,Breathing and Exchange of Gases,Gas transport,Cross-Concept Elimination,Difficult,B,False,,True,PASS
NEET27-BIO-2047,XII,Botany,Unit 9: Biotechnology and Its Applications,Biotechnology: Principles and Processes,Biotechnology: Principles and Processes,Core principles,Direct Concept,Easy,A,False,,True,PASS
NEET27-BIO-2048,XII,Zoology,Unit 6: Reproduction,Reproductive Health,Reproductive Health,Assisted reproduction and infection,Cross-Concept Elimination,Difficult,D,False,,True,PASS
NEET27-BIO-2049,XI,Botany,Unit 2: Structural Organisation in Animals and Plants,Morphology of Flowering Plants,Morphology of Flowering Plants,Integrated chapter reasoning,Multi-statement,Difficult,B,False,,True,PASS
NEET27-BIO-2050,XII,Botany,Unit 10: Ecology and Environment,Organisms and Populations,Organisms and Populations,Age structure of populations,Diagram Interpretation,Easy,C,True,figures/NEET27-BIO-XII-CH11-FIG02.png,True,PASS
NEET27-BIO-2051,XII,Botany,Unit 7: Genetics and Evolution,Principles of Inheritance and Variation,Principles of Inheritance and Variation,Mendelian inheritance,Match the Pair,Medium,D,False,,True,PASS
NEET27-BIO-2052,XI,Zoology,Unit 5: Human Physiology,Chemical Coordination and Integration,Chemical Coordination and Integration,Central nervous system,Case Analysis,Difficult,C,False,,True,PASS
NEET27-BIO-2053,XII,Botany,Unit 7: Genetics and Evolution,Molecular Basis of Inheritance,Molecular Basis of Inheritance,Genetic code and translation,Cross-Concept Elimination,Difficult,D,False,,True,PASS
NEET27-BIO-2054,XI,Zoology,Unit 1: Diversity in Living World,Animal Kingdom,Animal Kingdom,Integrated chapter reasoning,Multi-statement,Difficult,A,False,,True,PASS
NEET27-BIO-2055,XII,Botany,Unit 10: Ecology and Environment,Ecosystem,Ecosystem,Food chains and Food web,Statement I and Statement II,Medium,A,False,,True,PASS
NEET27-BIO-2056,XII,Botany,Unit 6: Reproduction,Sexual Reproduction in Flowering Plants,Sexual Reproduction in Flowering Plants,Ovule and embryo sac,Reverse Association,Easy,D,False,,True,PASS
NEET27-BIO-2057,XI,Botany,Unit 4: Plant Physiology,Plant Growth and Development,Plant Growth and Development,Integrated chapter reasoning,Higher-order multi-statement,Difficult,D,False,,True,PASS
NEET27-BIO-2058,XI,Zoology,Unit 5: Human Physiology,Neural Control and Coordination,Neural Control and Coordination,Central nervous system,Applied Classification,Medium,C,False,,True,PASS
NEET27-BIO-2059,XII,Botany,Unit 7: Genetics and Evolution,Principles of Inheritance and Variation,Principles of Inheritance and Variation,Sex determination,Integrated Association Analysis,Medium,B,False,,True,PASS
NEET27-BIO-2060,XI,Botany,Unit 2: Structural Organisation in Animals and Plants,Anatomy of Flowering Plants,Anatomy of Flowering Plants,Integrated chapter reasoning,Higher-order multi-statement,Difficult,B,False,,True,PASS
NEET27-BIO-2061,XI,Zoology,Unit 5: Human Physiology,Breathing and Exchange of Gases,Breathing and Exchange of Gases,Gas transport,Integrated Association Analysis,Medium,D,False,,True,PASS
NEET27-BIO-2062,XI,Botany,Unit 4: Plant Physiology,Photosynthesis in Higher Plants,Photosynthesis in Higher Plants,Calvin-cycle phases,Direct NCERT-based,Easy,B,False,,True,PASS
NEET27-BIO-2063,XII,Zoology,Unit 8: Biology and Human Welfare,Human Health and Disease,Human Health and Disease,Immunity,Applied Classification,Medium,D,False,,True,PASS
NEET27-BIO-2064,XII,Botany,Unit 7: Genetics and Evolution,Evolution,Evolution,Evolutionary theories,Direct Concept,Easy,B,False,,True,PASS
NEET27-BIO-2065,XI,Botany,Unit 4: Plant Physiology,Respiration in Plants,Respiration in Plants,Ubiquinone as a mobile carrier,Direct Concept,Easy,D,False,,True,PASS
NEET27-BIO-2066,XII,Botany,Unit 7: Genetics and Evolution,Molecular Basis of Inheritance,Molecular Basis of Inheritance,DNA replication,Direct Concept,Easy,C,False,,True,PASS
NEET27-BIO-2067,XII,Botany,Unit 10: Ecology and Environment,Biodiversity and Conservation,Biodiversity and Conservation,Levels of biodiversity,Direct Concept,Easy,A,False,,True,PASS
NEET27-BIO-2068,XII,Botany,Unit 7: Genetics and Evolution,Molecular Basis of Inheritance,Molecular Basis of Inheritance,DNA replication,Applied Classification,Medium,B,False,,True,PASS
NEET27-BIO-2069,XII,Botany,Unit 9: Biotechnology and Its Applications,Biotechnology: Principles and Processes,Biotechnology: Principles and Processes,Cloning vectors,Reverse Association,Easy,B,False,,True,PASS
NEET27-BIO-2070,XII,Botany,Unit 6: Reproduction,Sexual Reproduction in Flowering Plants,Sexual Reproduction in Flowering Plants,Post-fertilization development,Case Analysis,Difficult,A,False,,True,PASS
NEET27-BIO-2071,XII,Zoology,Unit 6: Reproduction,Human Reproduction,Human Reproduction,Early development,Reverse Association,Easy,D,False,,True,PASS
NEET27-BIO-2072,XII,Botany,Unit 7: Genetics and Evolution,Principles of Inheritance and Variation,Principles of Inheritance and Variation,Monohybrid cross: Tt x Tt,Diagram Interpretation,Easy,C,True,figures/NEET27-BIO-XII-CH04-FIG01.png,True,PASS
NEET27-BIO-2073,XI,Botany,Unit 2: Structural Organisation in Animals and Plants,Morphology of Flowering Plants,Morphology of Flowering Plants,Underground stems and Stem tendrils and thorns,Statement I and Statement II,Medium,C,False,,True,PASS
NEET27-BIO-2074,XI,Zoology,Unit 1: Diversity in Living World,Animal Kingdom,Animal Kingdom,Germ layers,Direct NCERT-based,Easy,A,False,,True,PASS
NEET27-BIO-2075,XII,Zoology,Unit 6: Reproduction,Human Reproduction,Human Reproduction,Menstrual cycle,Statement Completion,Easy,C,False,,True,PASS
NEET27-BIO-2076,XI,Zoology,Unit 1: Diversity in Living World,Animal Kingdom,Animal Kingdom,Ctenophora,Direct NCERT-based,Easy,A,False,,True,PASS
NEET27-BIO-2077,XI,Botany,Unit 1: Diversity in Living World,Plant Kingdom,Plant Kingdom,Integrated chapter reasoning,Multi-statement,Difficult,C,False,,True,PASS
NEET27-BIO-2078,XII,Botany,Unit 10: Ecology and Environment,Ecosystem,Ecosystem,Primary productivity and Detritus,Statement I and Statement II,Medium,A,False,,True,PASS
NEET27-BIO-2079,XII,Botany,Unit 7: Genetics and Evolution,Principles of Inheritance and Variation,Principles of Inheritance and Variation,Sex-linked inheritance,Cross-Concept Elimination,Difficult,D,False,,True,PASS
NEET27-BIO-2080,XI,Botany,Unit 2: Structural Organisation in Animals and Plants,Anatomy of Flowering Plants,Anatomy of Flowering Plants,Stomatal apparatus with Parenchyma,Applied statement comparison,Medium,C,False,,True,PASS
NEET27-BIO-2081,XI,Botany,Unit 2: Structural Organisation in Animals and Plants,Morphology of Flowering Plants,Morphology of Flowering Plants,Integrated chapter reasoning,Multi-statement,Difficult,C,False,,True,PASS
NEET27-BIO-2082,XI,Botany,Unit 3: Cell Structure and Function,Cell Cycle and Cell Division,Cell Cycle and Cell Division,S phase,Direct NCERT-based,Easy,D,False,,True,PASS
NEET27-BIO-2083,XI,Zoology,Unit 5: Human Physiology,Locomotion and Movement,Locomotion and Movement,Calcium regulation and Sliding-filament mechanism,Statement I and Statement II,Medium,A,False,,True,PASS
NEET27-BIO-2084,XI,Botany,Unit 3: Cell Structure and Function,Biomolecules,Biomolecules,Polysaccharides,Conceptual Trap,Difficult,B,False,,True,PASS
NEET27-BIO-2085,XI,Botany,Unit 2: Structural Organisation in Animals and Plants,Morphology of Flowering Plants,Morphology of Flowering Plants,Integrated chapter reasoning,Multi-statement,Difficult,A,False,,True,PASS
NEET27-BIO-2086,XI,Zoology,Unit 1: Diversity in Living World,Animal Kingdom,Animal Kingdom,Integrated chapter reasoning,Higher-order multi-statement,Difficult,A,False,,True,PASS
NEET27-BIO-2087,XI,Botany,Unit 3: Cell Structure and Function,Biomolecules,Biomolecules,Glycogen,Mixed Concept,Easy,B,False,,True,PASS
NEET27-BIO-2088,XII,Botany,Unit 9: Biotechnology and Its Applications,Biotechnology and Its Applications,Biotechnology and Its Applications,Medical applications,Match the Pair,Medium,B,False,,True,PASS
NEET27-BIO-2089,XI,Botany,Unit 4: Plant Physiology,Plant Growth and Development,Plant Growth and Development,Growth fundamentals,Match the Pair,Medium,D,False,,True,PASS
NEET27-BIO-2090,XI,Botany,Unit 2: Structural Organisation in Animals and Plants,Anatomy of Flowering Plants,Anatomy of Flowering Plants,Integrated chapter reasoning,Higher-order multi-statement,Difficult,B,False,,True,PASS
NEET27-BIO-2091,XII,Zoology,Unit 6: Reproduction,Reproductive Health,Reproductive Health,Assisted reproduction and infection,Direct Concept,Easy,A,False,,True,PASS
NEET27-BIO-2092,XII,Zoology,Unit 6: Reproduction,Reproductive Health,Reproductive Health,Birth control and reproductive health,Direct Concept,Easy,C,False,,True,PASS
NEET27-BIO-2093,XI,Botany,Unit 3: Cell Structure and Function,Cell: The Unit of Life,Cell: The Unit of Life,Centrioles and Nucleus,Statement I and Statement II,Medium,A,False,,True,PASS
NEET27-BIO-2094,XII,Botany,Unit 10: Ecology and Environment,Biodiversity and Conservation,Biodiversity and Conservation,Habitat loss and Over-exploitation,Statement I and Statement II,Medium,D,False,,True,PASS
NEET27-BIO-2095,XI,Botany,Unit 3: Cell Structure and Function,Cell: The Unit of Life,Cell: The Unit of Life,Integrated chapter reasoning,Multi-statement,Difficult,C,False,,True,PASS
NEET27-BIO-2096,XI,Botany,Unit 3: Cell Structure and Function,Cell Cycle and Cell Division,Cell Cycle and Cell Division,Integrated chapter reasoning,Higher-order multi-statement,Difficult,D,False,,True,PASS
NEET27-BIO-2097,XII,Botany,Unit 7: Genetics and Evolution,Principles of Inheritance and Variation,Principles of Inheritance and Variation,Sex-linked inheritance,Multi-Statement Reasoning,Difficult,A,False,,True,PASS
NEET27-BIO-2098,XI,Botany,Unit 4: Plant Physiology,Respiration in Plants,Respiration in Plants,Summary equation of glycolysis,Statement Based,Medium,B,False,,True,PASS
NEET27-BIO-2099,XI,Botany,Unit 1: Diversity in Living World,The Living World,The Living World,Integrated chapter reasoning,Higher-order multi-statement,Difficult,C,False,,True,PASS
NEET27-BIO-2100,XII,Botany,Unit 7: Genetics and Evolution,Evolution,Evolution,Three modes of natural selection,Graph Analysis,Easy,D,True,figures/NEET27-BIO-XII-CH06-FIG01.png,True,PASS
NEET27-BIO-2101,XII,Botany,Unit 9: Biotechnology and Its Applications,Biotechnology: Principles and Processes,Biotechnology: Principles and Processes,Restriction and joining enzymes,Match the Pair,Medium,C,False,,True,PASS
NEET27-BIO-2102,XI,Botany,Unit 1: Diversity in Living World,Plant Kingdom,Plant Kingdom,Integrated chapter reasoning,Multi-statement,Difficult,B,False,,True,PASS
NEET27-BIO-2103,XII,Botany,Unit 6: Reproduction,Sexual Reproduction in Flowering Plants,Sexual Reproduction in Flowering Plants,Ovule and embryo sac,Direct Concept,Easy,B,False,,True,PASS
NEET27-BIO-2104,XI,Botany,Unit 3: Cell Structure and Function,Cell Cycle and Cell Division,Cell Cycle and Cell Division,Synapsis and Crossing over,Statement I and Statement II,Medium,A,False,,True,PASS
NEET27-BIO-2105,XI,Zoology,Unit 1: Diversity in Living World,Animal Kingdom,Animal Kingdom,Hemichordata and Chordate features,Statement I and Statement II,Medium,D,False,,True,PASS
NEET27-BIO-2106,XI,Botany,Unit 4: Plant Physiology,Photosynthesis in Higher Plants,Photosynthesis in Higher Plants,Kranz anatomy and Spatial separation in C4 plants,Statement I and Statement II,Medium,B,False,,True,PASS
NEET27-BIO-2107,XI,Zoology,Unit 1: Diversity in Living World,Animal Kingdom,Animal Kingdom,Integrated chapter reasoning,Multi-statement,Difficult,D,False,,True,PASS
NEET27-BIO-2108,XII,Zoology,Unit 6: Reproduction,Reproductive Health,Reproductive Health,Assisted reproduction and infection,Match the Pair,Medium,C,False,,True,PASS
NEET27-BIO-2109,XI,Zoology,Unit 2: Structural Organisation in Animals and Plants,Structural Organisation in Animals,Structural Organisation in Animals,Integrated chapter reasoning,Multi-statement,Difficult,C,False,,True,PASS
NEET27-BIO-2110,XII,Botany,Unit 10: Ecology and Environment,Organisms and Populations,Organisms and Populations,Integrated chapter reasoning,Multi-statement,Difficult,B,False,,True,PASS
NEET27-BIO-2111,XI,Botany,Unit 4: Plant Physiology,Plant Growth and Development,Plant Growth and Development,Phases of growth with Sigmoid growth curve,Applied statement comparison,Medium,A,False,,True,PASS
NEET27-BIO-2112,XI,Botany,Unit 4: Plant Physiology,Respiration in Plants,Respiration in Plants,Order of intermediates across the whole cycle,Statement Based,Difficult,D,False,,True,PASS
NEET27-BIO-2113,XI,Zoology,Unit 5: Human Physiology,Breathing and Exchange of Gases,Breathing and Exchange of Gases,Respiratory organs,Direct Concept,Easy,D,False,,True,PASS
NEET27-BIO-2114,XI,Botany,Unit 1: Diversity in Living World,The Living World,The Living World,Integrated chapter reasoning,Multi-statement,Difficult,A,False,,True,PASS
NEET27-BIO-2115,XI,Zoology,Unit 5: Human Physiology,Neural Control and Coordination,Neural Control and Coordination,Central nervous system,Direct Concept,Easy,A,False,,True,PASS
NEET27-BIO-2116,XII,Botany,Unit 6: Reproduction,Sexual Reproduction in Flowering Plants,Sexual Reproduction in Flowering Plants,Special reproductive phenomena,Multi-statement analysis,Difficult,D,False,,True,PASS
NEET27-BIO-2117,XII,Botany,Unit 6: Reproduction,Sexual Reproduction in Flowering Plants,Sexual Reproduction in Flowering Plants,Ovule and embryo sac,Match the Pair,Medium,C,False,,True,PASS
NEET27-BIO-2118,XII,Botany,Unit 7: Genetics and Evolution,Evolution,Evolution,Evolutionary theories,Statement Completion,Easy,C,False,,True,PASS
NEET27-BIO-2119,XII,Botany,Unit 10: Ecology and Environment,Organisms and Populations,Organisms and Populations,Carrying capacity and Mutualism,Statement I and Statement II,Medium,D,False,,True,PASS
NEET27-BIO-2120,XI,Zoology,Unit 1: Diversity in Living World,Animal Kingdom,Animal Kingdom,Integrated chapter reasoning,Higher-order multi-statement,Difficult,A,False,,True,PASS
NEET27-BIO-2121,XII,Botany,Unit 7: Genetics and Evolution,Molecular Basis of Inheritance,Molecular Basis of Inheritance,DNA replication,Match the Pair,Medium,B,False,,True,PASS
NEET27-BIO-2122,XII,Botany,Unit 10: Ecology and Environment,Ecosystem,Ecosystem,Ecological pyramids,Reverse Association,Easy,B,False,,True,PASS
NEET27-BIO-2123,XI,Zoology,Unit 2: Structural Organisation in Animals and Plants,Structural Organisation in Animals,Structural Organisation in Animals,Frog excretion,Direct NCERT-based,Easy,C,False,,True,PASS
NEET27-BIO-2124,XI,Botany,Unit 4: Plant Physiology,Plant Growth and Development,Plant Growth and Development,Integrated chapter reasoning,Higher-order multi-statement,Difficult,C,False,,True,PASS
NEET27-BIO-2125,XI,Zoology,Unit 5: Human Physiology,Body Fluids and Circulation,Body Fluids and Circulation,Heart anatomy,Applied Classification,Medium,A,False,,True,PASS
NEET27-BIO-2126,XI,Botany,Unit 1: Diversity in Living World,Plant Kingdom,Plant Kingdom,Heterospory,Direct NCERT-based,Easy,D,False,,True,PASS
NEET27-BIO-2127,XII,Botany,Unit 7: Genetics and Evolution,Evolution,Evolution,Human evolution,Direct Concept,Easy,A,False,,True,PASS
NEET27-BIO-2128,XI,Botany,Unit 1: Diversity in Living World,The Living World,The Living World,Integrated chapter reasoning,Multi-statement,Difficult,B,False,,True,PASS
NEET27-BIO-2129,XII,Botany,Unit 8: Biology and Human Welfare,Microbes in Human Welfare,Microbes in Human Welfare,Antibiotics,Direct NCERT-based,Easy,B,False,,True,PASS
NEET27-BIO-2130,XI,Botany,Unit 4: Plant Physiology,Respiration in Plants,Respiration in Plants,Substrate-level phosphorylation in the balance sheet,Numerical,Medium,C,False,,True,PASS
NEET27-BIO-2131,XI,Botany,Unit 2: Structural Organisation in Animals and Plants,Anatomy of Flowering Plants,Anatomy of Flowering Plants,Dicot stem and Monocot stem,Statement I and Statement II,Medium,D,False,,True,PASS
NEET27-BIO-2132,XII,Zoology,Unit 8: Biology and Human Welfare,Human Health and Disease,Human Health and Disease,Prevention and public health,Applied Classification,Medium,B,False,,True,PASS
NEET27-BIO-2133,XI,Botany,Unit 1: Diversity in Living World,Biological Classification,Biological Classification,Methanogens and Cyanobacteria,Statement I and Statement II,Medium,D,False,,True,PASS
NEET27-BIO-2134,XII,Botany,Unit 7: Genetics and Evolution,Principles of Inheritance and Variation,Principles of Inheritance and Variation,Mendelian inheritance,Applied Classification,Medium,A,False,,True,PASS
NEET27-BIO-2135,XI,Zoology,Unit 1: Diversity in Living World,Animal Kingdom,Animal Kingdom,Cnidaria,Direct NCERT-based,Easy,D,False,,True,PASS
NEET27-BIO-2136,XI,Botany,Unit 1: Diversity in Living World,The Living World,The Living World,Integrated chapter reasoning,Higher-order multi-statement,Difficult,C,False,,True,PASS
NEET27-BIO-2137,XII,Botany,Unit 10: Ecology and Environment,Ecosystem,Ecosystem,Detritus,Direct NCERT-based,Easy,C,False,,True,PASS
NEET27-BIO-2138,XI,Botany,Unit 3: Cell Structure and Function,Cell Cycle and Cell Division,Cell Cycle and Cell Division,Integrated chapter reasoning,Multi-statement,Difficult,A,False,,True,PASS
NEET27-BIO-2139,XII,Botany,Unit 10: Ecology and Environment,Ecosystem,Ecosystem,Decomposition steps,Direct NCERT-based,Easy,B,False,,True,PASS
NEET27-BIO-2140,XII,Botany,Unit 7: Genetics and Evolution,Principles of Inheritance and Variation,Principles of Inheritance and Variation,Crosses,Multi-Statement Reasoning,Difficult,D,False,,True,PASS
NEET27-BIO-2141,XI,Zoology,Unit 5: Human Physiology,Breathing and Exchange of Gases,Breathing and Exchange of Gases,Mechanics of breathing,Cross-Concept Elimination,Difficult,B,False,,True,PASS
NEET27-BIO-2142,XII,Botany,Unit 10: Ecology and Environment,Organisms and Populations,Organisms and Populations,Competition and Predation,Statement I and Statement II,Medium,B,False,,True,PASS
NEET27-BIO-2143,XII,Zoology,Unit 6: Reproduction,Reproductive Health,Reproductive Health,Assisted reproduction and infection,Statement Completion,Medium,C,False,,True,PASS
NEET27-BIO-2144,XII,Botany,Unit 10: Ecology and Environment,Organisms and Populations,Organisms and Populations,Population growth,Statement Completion,Easy,A,False,,True,PASS
NEET27-BIO-2145,XI,Botany,Unit 4: Plant Physiology,Photosynthesis in Higher Plants,Photosynthesis in Higher Plants,Integrated chapter reasoning,Higher-order multi-statement,Difficult,B,False,,True,PASS
NEET27-BIO-2146,XII,Botany,Unit 7: Genetics and Evolution,Principles of Inheritance and Variation,Principles of Inheritance and Variation,Chromosomes linkage and crossing over,Direct Concept,Easy,C,False,,True,PASS
NEET27-BIO-2147,XII,Botany,Unit 8: Biology and Human Welfare,Microbes in Human Welfare,Microbes in Human Welfare,Biocontrol and Biofertilisers,Statement I and Statement II,Medium,D,False,,True,PASS
NEET27-BIO-2148,XII,Botany,Unit 6: Reproduction,Sexual Reproduction in Flowering Plants,Sexual Reproduction in Flowering Plants,Double fertilization in an angiosperm,Diagram Interpretation,Easy,B,True,figures/NEET27-BIO-XII-CH01-FIG02.png,True,PASS
NEET27-BIO-2149,XI,Botany,Unit 2: Structural Organisation in Animals and Plants,Morphology of Flowering Plants,Morphology of Flowering Plants,Aestivation,Direct NCERT-based,Easy,D,False,,True,PASS
NEET27-BIO-2150,XII,Botany,Unit 7: Genetics and Evolution,Principles of Inheritance and Variation,Principles of Inheritance and Variation,Crosses,Statement Completion,Easy,A,False,,True,PASS
NEET27-BIO-2151,XII,Botany,Unit 10: Ecology and Environment,Ecosystem,Ecosystem,Integrated chapter reasoning,Multi-statement,Difficult,C,False,,True,PASS
NEET27-BIO-2152,XII,Zoology,Unit 6: Reproduction,Reproductive Health,Reproductive Health,Assisted reproduction and infection,Multi-statement analysis,Difficult,A,False,,True,PASS
NEET27-BIO-2153,XI,Botany,Unit 3: Cell Structure and Function,Biomolecules,Biomolecules,Protein structure,Conceptual Trap,Difficult,D,False,,True,PASS
NEET27-BIO-2154,XI,Botany,Unit 1: Diversity in Living World,Plant Kingdom,Plant Kingdom,Pteridophyte vascular tissue and Pteridophyte dominance,Statement I and Statement II,Medium,B,False,,True,PASS
NEET27-BIO-2155,XI,Zoology,Unit 5: Human Physiology,Breathing and Exchange of Gases,Breathing and Exchange of Gases,Respiratory organs,Integrated Association Analysis,Medium,A,False,,True,PASS
NEET27-BIO-2156,XII,Botany,Unit 10: Ecology and Environment,Organisms and Populations,Organisms and Populations,Population growth,Cross-Concept Elimination,Difficult,C,False,,True,PASS
NEET27-BIO-2157,XI,Botany,Unit 4: Plant Physiology,Plant Growth and Development,Plant Growth and Development,Integrated chapter reasoning,Multi-statement,Difficult,D,False,,True,PASS
NEET27-BIO-2158,XII,Botany,Unit 6: Reproduction,Sexual Reproduction in Flowering Plants,Sexual Reproduction in Flowering Plants,Post-fertilization development,Case Analysis,Difficult,B,False,,True,PASS
NEET27-BIO-2159,XI,Zoology,Unit 5: Human Physiology,Breathing and Exchange of Gases,Breathing and Exchange of Gases,Respiratory organs,Cross-Concept Elimination,Difficult,A,False,,True,PASS
NEET27-BIO-2160,XII,Botany,Unit 8: Biology and Human Welfare,Microbes in Human Welfare,Microbes in Human Welfare,Organic acids with Statins,Applied statement comparison,Medium,C,False,,True,PASS
